<?xml version="1.0" encoding="utf-8"?>
<COLLADA xmlns="http://www.collada.org/2005/11/COLLADASchema" version="1.4.1">
<asset><contributor><authoring_tool>Casa Plinto skp.py</authoring_tool></contributor><unit name="meter" meter="1"/><up_axis>Z_UP</up_axis></asset>
<library_effects>
<effect id="fx-car"><profile_COMMON><technique sid="common"><lambert><diffuse><color>0.4157 0.4392 0.4627 1</color></diffuse></lambert></technique></profile_COMMON></effect>
<effect id="fx-cave_floor"><profile_COMMON><technique sid="common"><lambert><diffuse><color>0.6627 0.6471 0.6157 1</color></diffuse></lambert></technique></profile_COMMON></effect>
<effect id="fx-cave_wall"><profile_COMMON><technique sid="common"><lambert><diffuse><color>0.8510 0.8392 0.8157 1</color></diffuse></lambert></technique></profile_COMMON></effect>
<effect id="fx-ceiling"><profile_COMMON><technique sid="common"><lambert><diffuse><color>0.9569 0.9490 0.9333 1</color></diffuse></lambert></technique></profile_COMMON></effect>
<effect id="fx-concrete"><profile_COMMON><technique sid="common"><lambert><diffuse><color>0.7216 0.7020 0.6627 1</color></diffuse></lambert></technique></profile_COMMON></effect>
<effect id="fx-coping"><profile_COMMON><technique sid="common"><lambert><diffuse><color>0.7882 0.7647 0.7216 1</color></diffuse></lambert></technique></profile_COMMON></effect>
<effect id="fx-deck"><profile_COMMON><technique sid="common"><lambert><diffuse><color>0.8039 0.7804 0.7373 1</color></diffuse></lambert></technique></profile_COMMON></effect>
<effect id="fx-fabric"><profile_COMMON><technique sid="common"><lambert><diffuse><color>0.7176 0.6824 0.6235 1</color></diffuse></lambert></technique></profile_COMMON></effect>
<effect id="fx-fabric_out"><profile_COMMON><technique sid="common"><lambert><diffuse><color>0.9098 0.8863 0.8392 1</color></diffuse></lambert></technique></profile_COMMON></effect>
<effect id="fx-floor_int"><profile_COMMON><technique sid="common"><lambert><diffuse><color>0.7961 0.7059 0.5922 1</color></diffuse></lambert></technique></profile_COMMON></effect>
<effect id="fx-floor_wood"><profile_COMMON><technique sid="common"><lambert><diffuse><color>0.7686 0.6745 0.5490 1</color></diffuse></lambert></technique></profile_COMMON></effect>
<effect id="fx-frame"><profile_COMMON><technique sid="common"><lambert><diffuse><color>0.1020 0.1059 0.1137 1</color></diffuse></lambert></technique></profile_COMMON></effect>
<effect id="fx-furn_dark"><profile_COMMON><technique sid="common"><lambert><diffuse><color>0.2275 0.2157 0.2000 1</color></diffuse></lambert></technique></profile_COMMON></effect>
<effect id="fx-furn_oak"><profile_COMMON><technique sid="common"><lambert><diffuse><color>0.7255 0.5490 0.3608 1</color></diffuse></lambert></technique></profile_COMMON></effect>
<effect id="fx-furn_white"><profile_COMMON><technique sid="common"><lambert><diffuse><color>0.9255 0.9216 0.9059 1</color></diffuse></lambert></technique></profile_COMMON></effect>
<effect id="fx-garage_door"><profile_COMMON><technique sid="common"><lambert><diffuse><color>0.5608 0.5412 0.5059 1</color></diffuse></lambert></technique></profile_COMMON></effect>
<effect id="fx-glass"><profile_COMMON><technique sid="common"><lambert><diffuse><color>0.6824 0.7608 0.7843 1</color></diffuse><transparent opaque="A_ONE"><color>1 1 1 0.30</color></transparent><transparency><float>1</float></transparency></lambert></technique></profile_COMMON></effect>
<effect id="fx-gpatio"><profile_COMMON><technique sid="common"><lambert><diffuse><color>0.7843 0.7608 0.7137 1</color></diffuse></lambert></technique></profile_COMMON></effect>
<effect id="fx-granite"><profile_COMMON><technique sid="common"><lambert><diffuse><color>0.7451 0.7216 0.6784 1</color></diffuse></lambert></technique></profile_COMMON></effect>
<effect id="fx-gravel"><profile_COMMON><technique sid="common"><lambert><diffuse><color>0.5569 0.5373 0.5059 1</color></diffuse></lambert></technique></profile_COMMON></effect>
<effect id="fx-linen"><profile_COMMON><technique sid="common"><lambert><diffuse><color>0.9373 0.9137 0.8706 1</color></diffuse></lambert></technique></profile_COMMON></effect>
<effect id="fx-liner"><profile_COMMON><technique sid="common"><lambert><diffuse><color>0.2353 0.3647 0.3647 1</color></diffuse></lambert></technique></profile_COMMON></effect>
<effect id="fx-metal"><profile_COMMON><technique sid="common"><lambert><diffuse><color>0.1686 0.1765 0.1882 1</color></diffuse></lambert></technique></profile_COMMON></effect>
<effect id="fx-metal_black"><profile_COMMON><technique sid="common"><lambert><diffuse><color>0.0784 0.0784 0.0784 1</color></diffuse></lambert></technique></profile_COMMON></effect>
<effect id="fx-oak"><profile_COMMON><technique sid="common"><lambert><diffuse><color>0.6902 0.5137 0.3529 1</color></diffuse></lambert></technique></profile_COMMON></effect>
<effect id="fx-patio_floor"><profile_COMMON><technique sid="common"><lambert><diffuse><color>0.7255 0.6980 0.6510 1</color></diffuse></lambert></technique></profile_COMMON></effect>
<effect id="fx-plaster"><profile_COMMON><technique sid="common"><lambert><diffuse><color>0.9451 0.9373 0.9176 1</color></diffuse></lambert></technique></profile_COMMON></effect>
<effect id="fx-render"><profile_COMMON><technique sid="common"><lambert><diffuse><color>0.6039 0.5843 0.5451 1</color></diffuse></lambert></technique></profile_COMMON></effect>
<effect id="fx-reveal"><profile_COMMON><technique sid="common"><lambert><diffuse><color>0.1333 0.1412 0.1490 1</color></diffuse></lambert></technique></profile_COMMON></effect>
<effect id="fx-rug"><profile_COMMON><technique sid="common"><lambert><diffuse><color>0.6549 0.5961 0.5412 1</color></diffuse></lambert></technique></profile_COMMON></effect>
<effect id="fx-shutter"><profile_COMMON><technique sid="common"><lambert><diffuse><color>0.1569 0.1333 0.1176 1</color></diffuse></lambert></technique></profile_COMMON></effect>
<effect id="fx-soffit"><profile_COMMON><technique sid="common"><lambert><diffuse><color>0.8392 0.8235 0.7922 1</color></diffuse></lambert></technique></profile_COMMON></effect>
<effect id="fx-stone"><profile_COMMON><technique sid="common"><lambert><diffuse><color>0.5529 0.5333 0.4980 1</color></diffuse></lambert></technique></profile_COMMON></effect>
<effect id="fx-stone_top"><profile_COMMON><technique sid="common"><lambert><diffuse><color>0.8471 0.8275 0.7882 1</color></diffuse></lambert></technique></profile_COMMON></effect>
<effect id="fx-t_bed"><profile_COMMON><technique sid="common"><lambert><diffuse><color>0.3647 0.4157 0.2275 1</color></diffuse></lambert></technique></profile_COMMON></effect>
<effect id="fx-t_field"><profile_COMMON><technique sid="common"><lambert><diffuse><color>0.4902 0.5412 0.3216 1</color></diffuse></lambert></technique></profile_COMMON></effect>
<effect id="fx-t_lawn"><profile_COMMON><technique sid="common"><lambert><diffuse><color>0.3725 0.5412 0.2353 1</color></diffuse></lambert></technique></profile_COMMON></effect>
<effect id="fx-t_meadow"><profile_COMMON><technique sid="common"><lambert><diffuse><color>0.4353 0.4980 0.2706 1</color></diffuse></lambert></technique></profile_COMMON></effect>
<effect id="fx-t_path"><profile_COMMON><technique sid="common"><lambert><diffuse><color>0.7686 0.6824 0.5255 1</color></diffuse></lambert></technique></profile_COMMON></effect>
<effect id="fx-t_paving"><profile_COMMON><technique sid="common"><lambert><diffuse><color>0.7294 0.7059 0.6627 1</color></diffuse></lambert></technique></profile_COMMON></effect>
<effect id="fx-t_road"><profile_COMMON><technique sid="common"><lambert><diffuse><color>0.2941 0.2941 0.2863 1</color></diffuse></lambert></technique></profile_COMMON></effect>
<effect id="fx-tile"><profile_COMMON><technique sid="common"><lambert><diffuse><color>0.8471 0.8314 0.8000 1</color></diffuse></lambert></technique></profile_COMMON></effect>
<effect id="fx-timber"><profile_COMMON><technique sid="common"><lambert><diffuse><color>0.1176 0.1098 0.1020 1</color></diffuse></lambert></technique></profile_COMMON></effect>
<effect id="fx-v_arbutus"><profile_COMMON><technique sid="common"><lambert><diffuse><color>0.2314 0.3647 0.1804 1</color></diffuse></lambert></technique></profile_COMMON></effect>
<effect id="fx-v_cypress"><profile_COMMON><technique sid="common"><lambert><diffuse><color>0.1804 0.2902 0.1647 1</color></diffuse></lambert></technique></profile_COMMON></effect>
<effect id="fx-v_fruit"><profile_COMMON><technique sid="common"><lambert><diffuse><color>0.3686 0.4980 0.2196 1</color></diffuse></lambert></technique></profile_COMMON></effect>
<effect id="fx-v_hedge"><profile_COMMON><technique sid="common"><lambert><diffuse><color>0.2039 0.2863 0.1647 1</color></diffuse></lambert></technique></profile_COMMON></effect>
<effect id="fx-v_oak"><profile_COMMON><technique sid="common"><lambert><diffuse><color>0.2980 0.4157 0.1843 1</color></diffuse></lambert></technique></profile_COMMON></effect>
<effect id="fx-v_olive"><profile_COMMON><technique sid="common"><lambert><diffuse><color>0.4980 0.5490 0.4000 1</color></diffuse></lambert></technique></profile_COMMON></effect>
<effect id="fx-v_pine"><profile_COMMON><technique sid="common"><lambert><diffuse><color>0.2431 0.3529 0.1725 1</color></diffuse></lambert></technique></profile_COMMON></effect>
<effect id="fx-v_trunk"><profile_COMMON><technique sid="common"><lambert><diffuse><color>0.3569 0.2941 0.2353 1</color></diffuse></lambert></technique></profile_COMMON></effect>
<effect id="fx-water"><profile_COMMON><technique sid="common"><lambert><diffuse><color>0.1725 0.4863 0.5176 1</color></diffuse><transparent opaque="A_ONE"><color>1 1 1 0.65</color></transparent><transparency><float>1</float></transparency></lambert></technique></profile_COMMON></effect>
</library_effects><library_materials>
<material id="mat-car" name="Carro"><instance_effect url="#fx-car"/></material>
<material id="mat-cave_floor" name="Betonilha afagada"><instance_effect url="#fx-cave_floor"/></material>
<material id="mat-cave_wall" name="Bloco pintado"><instance_effect url="#fx-cave_wall"/></material>
<material id="mat-ceiling" name="Teto branco"><instance_effect url="#fx-ceiling"/></material>
<material id="mat-concrete" name="Betão à vista (pala e lajes)"><instance_effect url="#fx-concrete"/></material>
<material id="mat-coping" name="Granito amaciado"><instance_effect url="#fx-coping"/></material>
<material id="mat-deck" name="Porcelânico exterior"><instance_effect url="#fx-deck"/></material>
<material id="mat-fabric" name="Tecido"><instance_effect url="#fx-fabric"/></material>
<material id="mat-fabric_out" name="Tecido exterior"><instance_effect url="#fx-fabric_out"/></material>
<material id="mat-floor_int" name="Pavimento efeito carvalho"><instance_effect url="#fx-floor_int"/></material>
<material id="mat-floor_wood" name="SPC carvalho"><instance_effect url="#fx-floor_wood"/></material>
<material id="mat-frame" name="Caixilho preto"><instance_effect url="#fx-frame"/></material>
<material id="mat-furn_dark" name="Móvel escuro"><instance_effect url="#fx-furn_dark"/></material>
<material id="mat-furn_oak" name="Móvel carvalho"><instance_effect url="#fx-furn_oak"/></material>
<material id="mat-furn_white" name="Móvel branco"><instance_effect url="#fx-furn_white"/></material>
<material id="mat-garage_door" name="Portão revestido"><instance_effect url="#fx-garage_door"/></material>
<material id="mat-glass" name="Vidro"><instance_effect url="#fx-glass"/></material>
<material id="mat-gpatio" name="Saibro estabilizado"><instance_effect url="#fx-gpatio"/></material>
<material id="mat-granite" name="Granito (degraus)"><instance_effect url="#fx-granite"/></material>
<material id="mat-gravel" name="Seixo (cobertura)"><instance_effect url="#fx-gravel"/></material>
<material id="mat-linen" name="Linho"><instance_effect url="#fx-linen"/></material>
<material id="mat-liner" name="Liner cor de pedra"><instance_effect url="#fx-liner"/></material>
<material id="mat-metal" name="Aço preto"><instance_effect url="#fx-metal"/></material>
<material id="mat-metal_black" name="Aço preto mate"><instance_effect url="#fx-metal_black"/></material>
<material id="mat-oak" name="Carvalho"><instance_effect url="#fx-oak"/></material>
<material id="mat-patio_floor" name="Lajeado de granito"><instance_effect url="#fx-patio_floor"/></material>
<material id="mat-plaster" name="Estuque branco"><instance_effect url="#fx-plaster"/></material>
<material id="mat-render" name="Betão cofragem de tábua"><instance_effect url="#fx-render"/></material>
<material id="mat-reveal" name="Remate preto"><instance_effect url="#fx-reveal"/></material>
<material id="mat-rug" name="Tapete"><instance_effect url="#fx-rug"/></material>
<material id="mat-shutter" name="Portadas em ripado carbonizado"><instance_effect url="#fx-shutter"/></material>
<material id="mat-soffit" name="Betão à vista (intradorso)"><instance_effect url="#fx-soffit"/></material>
<material id="mat-stone" name="Betão ciclópico com granito"><instance_effect url="#fx-stone"/></material>
<material id="mat-stone_top" name="Bancada em pedra"><instance_effect url="#fx-stone_top"/></material>
<material id="mat-t_bed" name="Canteiro"><instance_effect url="#fx-t_bed"/></material>
<material id="mat-t_field" name="Campo"><instance_effect url="#fx-t_field"/></material>
<material id="mat-t_lawn" name="Relva"><instance_effect url="#fx-t_lawn"/></material>
<material id="mat-t_meadow" name="Prado"><instance_effect url="#fx-t_meadow"/></material>
<material id="mat-t_path" name="Saibro"><instance_effect url="#fx-t_path"/></material>
<material id="mat-t_paving" name="Lajes de granito"><instance_effect url="#fx-t_paving"/></material>
<material id="mat-t_road" name="Asfalto"><instance_effect url="#fx-t_road"/></material>
<material id="mat-tile" name="Cerâmico WC"><instance_effect url="#fx-tile"/></material>
<material id="mat-timber" name="Pinho carbonizado (ripado)"><instance_effect url="#fx-timber"/></material>
<material id="mat-v_arbutus" name="Copa medronheiro"><instance_effect url="#fx-v_arbutus"/></material>
<material id="mat-v_cypress" name="Copa cipreste"><instance_effect url="#fx-v_cypress"/></material>
<material id="mat-v_fruit" name="Copa fruteira"><instance_effect url="#fx-v_fruit"/></material>
<material id="mat-v_hedge" name="Sebe"><instance_effect url="#fx-v_hedge"/></material>
<material id="mat-v_oak" name="Copa carvalho"><instance_effect url="#fx-v_oak"/></material>
<material id="mat-v_olive" name="Copa oliveira"><instance_effect url="#fx-v_olive"/></material>
<material id="mat-v_pine" name="Copa pinheiro-manso"><instance_effect url="#fx-v_pine"/></material>
<material id="mat-v_trunk" name="Tronco"><instance_effect url="#fx-v_trunk"/></material>
<material id="mat-water" name="Água"><instance_effect url="#fx-water"/></material>
</library_materials><library_geometries>
<geometry id="geo0" name="01 Terreno"><mesh><source id="geo0-pos"><float_array id="geo0-pos-a" count="42513">-30 -22 -4.46 -29.5 -22 -4.42 -29.5 -21.5 -4.42 -30 -21.5 -4.45 -29 -22 -4.39 -29 -21.5 -4.38 -28.5 -22 -2.07 -28.5 -21.5 -4.35 -17 -22 -3.58 -16.5 -22 -3.55 -16.5 -21.5 -1.65 -17 -21.5 -1.66 -16 -22 -3.52 -16 -21.5 -3.51 -15.5 -22 -3.48 -15.5 -21.5 -3.48 -15 -22 -3.45 -15 -21.5 -3.44 -14.5 -22 -3.41 -14.5 -21.5 -3.41 -14 -22 -3.38 -14 -21.5 -3.37 -13.5 -22 -3.35 -13.5 -21.5 -3.34 -13 -22 -3.31 -13 -21.5 -3.31 -12.5 -22 -3.28 -12.5 -21.5 -3.27 -12 -22 -3.25 -12 -21.5 -3.24 -11.5 -22 -3.21 -11.5 -21.5 -3.21 -11 -22 -3.18 -11 -21.5 -3.17 -10.5 -22 -3.15 -10.5 -21.5 -3.14 -10 -22 -3.11 -10 -21.5 -3.11 -9.5 -22 -3.08 -9.5 -21.5 -3.07 -9 -22 -3.04 -9 -21.5 -3.04 -8.5 -22 -3.01 -8.5 -21.5 -3 -8 -22 -2.98 -8 -21.5 -2.97 -7.5 -22 -2.94 -7.5 -21.5 -2.94 -7 -22 -2.91 -7 -21.5 -2.9 -6.5 -22 -2.88 -6.5 -21.5 -2.87 -6 -22 -2.84 -6 -21.5 -2.84 -5.5 -22 -2.81 -5.5 -21.5 -2.8 -5 -22 -2.77 -5 -21.5 -2.77 -4.5 -22 -2.74 -4.5 -21.5 -2.74 -4 -22 -2.71 -4 -21.5 -2.7 -3.5 -22 -2.67 -3.5 -21.5 -2.67 -3 -22 -2.64 -3 -21.5 -2.63 -2.5 -22 -2.61 -2.5 -21.5 -2.6 -2 -22 -2.57 -2 -21.5 -2.57 -1.5 -22 -2.54 -1.5 -21.5 -2.53 -1 -22 -2.51 -1 -21.5 -2.5 -0.5 -22 -2.47 -0.5 -21.5 -2.47 0 -22 -2.44 0 -21.5 -2.43 0.5 -22 -2.4 0.5 -21.5 -2.4 1 -22 -2.37 1 -21.5 -2.36 1.5 -22 -2.34 1.5 -21.5 -2.33 2 -22 -2.3 2 -21.5 -2.3 2.5 -22 -2.27 2.5 -21.5 -2.26 3 -22 -2.24 3 -21.5 -2.23 3.5 -22 -2.2 3.5 -21.5 -2.2 4 -22 -2.17 4 -21.5 -2.16 4.5 -22 -2.14 4.5 -21.5 -2.13 5 -22 -2.1 5 -21.5 -2.1 5.5 -22 -2.07 5.5 -21.5 -2.06 6 -22 -2.03 6 -21.5 -2.03 6.5 -22 -2 6.5 -21.5 -1.99 7 -22 -1.97 7 -21.5 -1.96 7.5 -22 -1.93 7.5 -21.5 -1.93 8 -22 -1.9 8 -21.5 -1.89 8.5 -22 -1.87 8.5 -21.5 -1.86 9 -22 -1.83 9 -21.5 -1.83 9.5 -22 -1.8 9.5 -21.5 -1.79 10 -22 -1.76 10 -21.5 -1.76 10.5 -22 -1.73 10.5 -21.5 -1.73 11 -22 -1.7 11 -21.5 -1.69 11.5 -22 -1.66 11.5 -21.5 -1.66 12 -22 -1.63 12 -21.5 -1.62 12.5 -22 -1.6 12.5 -21.5 -1.59 13 -22 -1.56 13 -21.5 -1.56 13.5 -22 -1.53 13.5 -21.5 -1.52 14 -22 -1.5 14 -21.5 -1.49 14.5 -22 -1.46 14.5 -21.5 -1.46 15 -22 -1.43 15 -21.5 -1.42 15.5 -22 -1.39 15.5 -21.5 -1.39 16 -22 -1.36 16 -21.5 -1.35 16.5 -22 -1.33 16.5 -21.5 -1.32 17 -22 -1.29 17 -21.5 -1.29 17.5 -22 -1.26 17.5 -21.5 -1.25 18 -22 -1.23 18 -21.5 -1.22 18.5 -22 -1.19 18.5 -21.5 -1.19 19 -22 -1.16 19 -21.5 -1.15 19.5 -22 -1.13 19.5 -21.5 -1.12 20 -22 -1.09 20 -21.5 -1.09 20.5 -22 -1.06 20.5 -21.5 -1.05 21 -22 -1.02 21 -21.5 -1.02 21.5 -22 -0.99 21.5 -21.5 -0.98 22 -22 -0.96 22 -21.5 -0.95 22.5 -22 -0.92 22.5 -21.5 -0.92 23 -22 -0.89 23 -21.5 -0.88 23.5 -22 -0.86 23.5 -21.5 -0.85 24 -22 -0.82 24 -21.5 -0.82 24.5 -22 -0.79 24.5 -21.5 -0.78 25 -22 -0.75 25 -21.5 -0.75 25.5 -22 -0.72 25.5 -21.5 -0.72 26 -22 -0.69 26 -21.5 -0.68 26.5 -22 -0.65 26.5 -21.5 -0.65 27 -22 -0.62 27 -21.5 -0.61 27.5 -22 -0.59 27.5 -21.5 -0.58 28 -22 -0.55 28 -21.5 -0.55 28.5 -22 -0.52 28.5 -21.5 -0.51 29 -22 -0.49 29 -21.5 -0.48 29.5 -22 -0.45 29.5 -21.5 -0.45 30 -22 -0.42 30 -21.5 -0.41 30.5 -22 -0.38 30.5 -21.5 -0.38 31 -22 -0.35 31 -21.5 -0.34 31.5 -22 -0.32 31.5 -21.5 -0.31 32 -22 -0.28 32 -21.5 -0.28 32.5 -22 -0.25 32.5 -21.5 -0.24 33 -22 -0.22 33 -21.5 -0.21 33.5 -22 -0.18 33.5 -21.5 -0.18 34 -22 -0.15 34 -21.5 -0.14 34.5 -22 -0.12 34.5 -21.5 -0.11 35 -22 -0.08 35 -21.5 -0.08 35.5 -22 -0.05 35.5 -21.5 -0.04 36 -22 -0.01 36 -21.5 -0.01 36.5 -22 0.02 36.5 -21.5 0.03 37 -22 0.05 37 -21.5 0.06 37.5 -22 0.09 37.5 -21.5 0.09 38 -22 0.12 38 -21.5 0.13 38.5 -22 0.15 38.5 -21.5 0.16 39 -22 0.19 39 -21.5 0.19 39.5 -22 0.22 39.5 -21.5 0.23 40 -22 0.26 40 -21.5 0.26 40.5 -22 0.29 40.5 -21.5 0.29 41 -22 0.32 41 -21.5 0.33 41.5 -22 0.36 41.5 -21.5 0.36 42 -22 0.39 42 -21.5 0.4 -29.5 -21 -4.41 -30 -21 -4.45 -29 -21 -4.38 -28.5 -21 -4.34 -28 -21.5 -4.32 -28 -21 -4.31 -27.5 -21.5 -2.03 -27.5 -21 -4.28 -15.5 -21 -1.61 -16 -21 -1.63 -15 -21 -3.44 -14.5 -21 -3.4 -14 -21 -3.37 -13.5 -21 -3.33 -13 -21 -3.3 -12.5 -21 -3.27 -12 -21 -3.23 -11.5 -21 -3.2 -11 -21 -3.17 -10.5 -21 -3.13 -10 -21 -3.1 -9.5 -21 -3.07 -9 -21 -3.03 -8.5 -21 -3 -8 -21 -2.96 -7.5 -21 -2.93 -7 -21 -2.9 -6.5 -21 -2.86 -6 -21 -2.83 -5.5 -21 -2.8 -5 -21 -2.76 -4.5 -21 -2.73 -4 -21 -2.7 -3.5 -21 -2.66 -3 -21 -2.63 -2.5 -21 -2.59 -2 -21 -2.56 -1.5 -21 -2.53 -1 -21 -2.49 -0.5 -21 -2.46 0 -21 -2.43 0.5 -21 -2.39 1 -21 -2.36 1.5 -21 -2.33 2 -21 -2.29 2.5 -21 -2.26 3 -21 -2.22 3.5 -21 -2.19 4 -21 -2.16 4.5 -21 -2.12 5 -21 -2.09 5.5 -21 -2.06 6 -21 -2.02 6.5 -21 -1.99 7 -21 -1.95 7.5 -21 -1.92 8 -21 -1.89 8.5 -21 -1.85 9 -21 -1.82 9.5 -21 -1.79 10 -21 -1.75 10.5 -21 -1.72 11 -21 -1.69 11.5 -21 -1.65 12 -21 -1.62 12.5 -21 -1.58 13 -21 -1.55 13.5 -21 -1.52 14 -21 -1.48 14.5 -21 -1.45 15 -21 -1.42 15.5 -21 -1.38 16 -21 -1.35 16.5 -21 -1.32 17 -21 -1.28 17.5 -21 -1.25 18 -21 -1.21 18.5 -21 -1.18 19 -21 -1.15 19.5 -21 -1.11 20 -21 -1.08 20.5 -21 -1.05 21 -21 -1.01 21.5 -21 -0.98 22 -21 -0.94 22.5 -21 -0.91 23 -21 -0.88 23.5 -21 -0.84 24 -21 -0.81 24.5 -21 -0.78 25 -21 -0.74 25.5 -21 -0.71 26 -21 -0.68 26.5 -21 -0.64 27 -21 -0.61 27.5 -21 -0.57 28 -21 -0.54 28.5 -21 -0.51 29 -21 -0.47 29.5 -21 -0.44 30 -21 -0.41 30.5 -21 -0.37 31 -21 -0.34 31.5 -21 -0.31 32 -21 -0.27 32.5 -21 -0.24 33 -21 -0.2 33.5 -21 -0.17 34 -21 -0.14 34.5 -21 -0.1 35 -21 -0.07 35.5 -21 -0.04 36 -21 0 36.5 -21 0.03 37 -21 0.07 37.5 -21 0.1 38 -21 0.13 38.5 -21 0.17 39 -21 0.2 39.5 -21 0.23 40 -21 0.27 40.5 -21 0.3 41 -21 0.33 41.5 -21 0.37 42 -21 0.4 -29.5 -20.5 -4.41 -30 -20.5 -4.44 -29 -20.5 -4.37 -28.5 -20.5 -4.34 -28 -20.5 -4.31 -27.5 -20.5 -4.27 -27 -21 -4.24 -27 -20.5 -4.24 -26.5 -21 -2 -26.5 -20.5 -4.2 -14.5 -20.5 -1.58 -15 -20.5 -1.59 -14 -20.5 -3.36 -13.5 -20.5 -3.33 -13 -20.5 -3.3 -12.5 -20.5 -3.26 -12 -20.5 -3.23 -11.5 -20.5 -3.19 -11 -20.5 -3.16 -10.5 -20.5 -3.13 -10 -20.5 -3.09 -9.5 -20.5 -3.06 -9 -20.5 -3.03 -8.5 -20.5 -2.99 -8 -20.5 -2.96 -7.5 -20.5 -2.93 -7 -20.5 -2.89 -6.5 -20.5 -2.86 -6 -20.5 -2.82 -5.5 -20.5 -2.79 -5 -20.5 -2.76 -4.5 -20.5 -2.72 -4 -20.5 -2.69 -3.5 -20.5 -2.66 -3 -20.5 -2.62 -2.5 -20.5 -2.59 -2 -20.5 -2.55 -1.5 -20.5 -2.52 -1 -20.5 -2.49 -0.5 -20.5 -2.45 0 -20.5 -2.42 0.5 -20.5 -2.39 1 -20.5 -2.35 1.5 -20.5 -2.32 2 -20.5 -2.29 2.5 -20.5 -2.25 3 -20.5 -2.22 3.5 -20.5 -2.18 4 -20.5 -2.15 4.5 -20.5 -2.12 5 -20.5 -2.08 5.5 -20.5 -2.05 6 -20.5 -2.02 6.5 -20.5 -1.98 7 -20.5 -1.95 7.5 -20.5 -1.92 8 -20.5 -1.88 8.5 -20.5 -1.85 9 -20.5 -1.81 9.5 -20.5 -1.78 10 -20.5 -1.75 10.5 -20.5 -1.71 11 -20.5 -1.68 11.5 -20.5 -1.65 12 -20.5 -1.61 12.5 -20.5 -1.58 13 -20.5 -1.54 13.5 -20.5 -1.51 14 -20.5 -1.48 14.5 -20.5 -1.44 15 -20.5 -1.41 15.5 -20.5 -1.38 16 -20.5 -1.34 16.5 -20.5 -1.31 17 -20.5 -1.28 17.5 -20.5 -1.24 18 -20.5 -1.21 18.5 -20.5 -1.17 19 -20.5 -1.14 19.5 -20.5 -1.11 20 -20.5 -1.07 20.5 -20.5 -1.04 21 -20.5 -1.01 21.5 -20.5 -0.97 22 -20.5 -0.94 22.5 -20.5 -0.91 23 -20.5 -0.87 23.5 -20.5 -0.84 24 -20.5 -0.8 24.5 -20.5 -0.77 25 -20.5 -0.74 25.5 -20.5 -0.7 26 -20.5 -0.67 26.5 -20.5 -0.64 27 -20.5 -0.6 27.5 -20.5 -0.57 28 -20.5 -0.53 28.5 -20.5 -0.5 29 -20.5 -0.47 29.5 -20.5 -0.43 30 -20.5 -0.4 30.5 -20.5 -0.37 31 -20.5 -0.33 31.5 -20.5 -0.3 32 -20.5 -0.27 32.5 -20.5 -0.23 33 -20.5 -0.2 33.5 -20.5 -0.16 34 -20.5 -0.13 34.5 -20.5 -0.1 35 -20.5 -0.06 35.5 -20.5 -0.03 36 -20.5 0 36.5 -20.5 0.04 37 -20.5 0.07 37.5 -20.5 0.1 38 -20.5 0.14 38.5 -20.5 0.17 39 -20.5 0.21 39.5 -20.5 0.24 40 -20.5 0.27 40.5 -20.5 0.31 41 -20.5 0.34 41.5 -20.5 0.37 42 -20.5 0.41 -29.5 -20 -4.4 -30 -20 -4.43 -29 -20 -4.37 -28.5 -20 -4.33 -28 -20 -4.3 -27.5 -20 -4.27 -27 -20 -4.23 -26.5 -20 -4.2 -26 -20.5 -4.17 -26 -20 -4.16 -25.5 -20.5 -1.96 -25.5 -20 -4.13 -13.5 -20 -1.54 -14 -20 -1.56 -13 -20 -3.29 -12.5 -20 -3.26 -12 -20 -3.22 -11.5 -20 -3.19 -11 -20 -3.15 -10.5 -20 -3.12 -10 -20 -3.09 -9.5 -20 -3.05 -9 -20 -3.02 -8.5 -20 -2.99 -8 -20 -2.95 -7.5 -20 -2.92 -7 -20 -2.89 -6.5 -20 -2.85 -6 -20 -2.82 -5.5 -20 -2.78 -5 -20 -2.75 -4.5 -20 -2.72 -4 -20 -2.68 -3.5 -20 -2.65 -3 -20 -2.62 -2.5 -20 -2.58 -2 -20 -2.55 -1.5 -20 -2.52 -1 -20 -2.48 -0.5 -20 -2.45 0 -20 -2.41 0.5 -20 -2.38 1 -20 -2.35 1.5 -20 -2.31 2 -20 -2.28 2.5 -20 -2.25 3 -20 -2.21 3.5 -20 -2.18 4 -20 -2.14 4.5 -20 -2.11 5 -20 -2.08 5.5 -20 -2.04 6 -20 -2.01 6.5 -20 -1.98 7 -20 -1.94 7.5 -20 -1.91 8 -20 -1.88 8.5 -20 -1.84 9 -20 -1.81 9.5 -20 -1.77 10 -20 -1.74 10.5 -20 -1.71 11 -20 -1.67 11.5 -20 -1.64 12 -20 -1.61 12.5 -20 -1.57 13 -20 -1.54 13.5 -20 -1.51 14 -20 -1.47 14.5 -20 -1.44 15 -20 -1.4 15.5 -20 -1.37 16 -20 -1.34 16.5 -20 -1.3 17 -20 -1.27 17.5 -20 -1.24 18 -20 -1.2 18.5 -20 -1.17 19 -20 -1.13 19.5 -20 -1.1 20 -20 -1.07 20.5 -20 -1.03 21 -20 -1 21.5 -20 -0.97 22 -20 -0.93 22.5 -20 -0.9 23 -20 -0.87 23.5 -20 -0.83 24 -20 -0.8 24.5 -20 -0.76 25 -20 -0.73 25.5 -20 -0.7 26 -20 -0.66 26.5 -20 -0.63 27 -20 -0.6 27.5 -20 -0.56 28 -20 -0.53 28.5 -20 -0.5 29 -20 -0.46 29.5 -20 -0.43 30 -20 -0.39 30.5 -20 -0.36 31 -20 -0.33 31.5 -20 -0.29 32 -20 -0.26 32.5 -20 -0.23 33 -20 -0.19 33.5 -20 -0.16 34 -20 -0.12 34.5 -20 -0.09 35 -20 -0.06 35.5 -20 -0.02 36 -20 0.01 36.5 -20 0.04 37 -20 0.08 37.5 -20 0.11 38 -20 0.14 38.5 -20 0.18 39 -20 0.21 39.5 -20 0.25 40 -20 0.28 40.5 -20 0.31 41 -20 0.35 41.5 -20 0.38 42 -20 0.41 -29.5 -19.5 -4.39 -30 -19.5 -4.43 -29 -19.5 -4.36 -28.5 -19.5 -4.33 -28 -19.5 -4.29 -27.5 -19.5 -4.26 -27 -19.5 -4.23 -26.5 -19.5 -4.19 -26 -19.5 -4.16 -25.5 -19.5 -4.12 -25 -20 -1.94 -25 -19.5 -4.09 -12.5 -19.5 -3.25 -13 -19.5 -1.52 -12 -19.5 -3.22 -11.5 -19.5 -3.18 -11 -19.5 -3.15 -10.5 -19.5 -3.12 -10 -19.5 -3.08 -9.5 -19.5 -3.05 -9 -19.5 -3.01 -8.5 -19.5 -2.98 -8 -19.5 -2.95 -7.5 -19.5 -2.91 -7 -19.5 -2.88 -6.5 -19.5 -2.85 -6 -19.5 -2.81 -5.5 -19.5 -2.78 -5 -19.5 -2.74 -4.5 -19.5 -2.71 -4 -19.5 -2.68 -3.5 -19.5 -2.64 -3 -19.5 -2.61 -2.5 -19.5 -2.58 -2 -19.5 -2.54 -1.5 -19.5 -2.51 -1 -19.5 -2.48 -0.5 -19.5 -2.44 0 -19.5 -2.41 0.5 -19.5 -2.37 1 -19.5 -2.34 1.5 -19.5 -2.31 2 -19.5 -2.27 2.5 -19.5 -2.24 3 -19.5 -2.21 3.5 -19.5 -2.17 4 -19.5 -2.14 4.5 -19.5 -2.11 5 -19.5 -2.07 5.5 -19.5 -2.04 6 -19.5 -2 6.5 -19.5 -1.97 7 -19.5 -1.94 7.5 -19.5 -1.9 8 -19.5 -1.87 8.5 -19.5 -1.84 9 -19.5 -1.8 9.5 -19.5 -1.77 10 -19.5 -1.73 10.5 -19.5 -1.7 11 -19.5 -1.67 11.5 -19.5 -1.63 12 -19.5 -1.6 12.5 -19.5 -1.57 13 -19.5 -1.53 13.5 -19.5 -1.5 14 -19.5 -1.47 14.5 -19.5 -1.43 15 -19.5 -1.4 15.5 -19.5 -1.36 16 -19.5 -1.33 16.5 -19.5 -1.3 17 -19.5 -1.26 17.5 -19.5 -1.23 18 -19.5 -1.2 18.5 -19.5 -1.16 19 -19.5 -1.13 19.5 -19.5 -1.1 20 -19.5 -1.06 20.5 -19.5 -1.03 21 -19.5 -0.99 21.5 -19.5 -0.96 22 -19.5 -0.93 22.5 -19.5 -0.89 23 -19.5 -0.86 23.5 -19.5 -0.83 24 -19.5 -0.79 24.5 -19.5 -0.76 25 -19.5 -0.72 25.5 -19.5 -0.69 26 -19.5 -0.66 26.5 -19.5 -0.62 27 -19.5 -0.59 27.5 -19.5 -0.56 28 -19.5 -0.52 28.5 -19.5 -0.49 29 -19.5 -0.46 29.5 -19.5 -0.42 30 -19.5 -0.39 30.5 -19.5 -0.35 31 -19.5 -0.32 31.5 -19.5 -0.29 32 -19.5 -0.25 32.5 -19.5 -0.22 33 -19.5 -0.19 33.5 -19.5 -0.15 34 -19.5 -0.12 34.5 -19.5 -0.09 35 -19.5 -0.05 35.5 -19.5 -0.02 36 -19.5 0.02 36.5 -19.5 0.05 37 -19.5 0.08 37.5 -19.5 0.12 38 -19.5 0.15 38.5 -19.5 0.18 39 -19.5 0.22 39.5 -19.5 0.25 40 -19.5 0.29 40.5 -19.5 0.32 41 -19.5 0.35 41.5 -19.5 0.39 42 -19.5 0.42 -29.5 -19 -4.39 -30 -19 -4.42 -29 -19 -4.35 -28.5 -19 -4.32 -28 -19 -4.29 -27.5 -19 -4.25 -27 -19 -4.22 -26.5 -19 -4.19 -26 -19 -4.15 -25.5 -19 -4.12 -25 -19 -4.09 -24.5 -19.5 -4.06 -24.5 -19 -4.05 -24 -19.5 -1.91 -24 -19 -4.02 -12 -19 -1.49 -12.5 -19 -1.51 -11.5 -19 -3.18 -11 -19 -3.14 -10.5 -19 -3.11 -10 -19 -3.08 -9.5 -19 -3.04 -9 -19 -3.01 -8.5 -19 -2.97 -8 -19 -2.94 -7.5 -19 -2.91 -7 -19 -2.87 -6.5 -19 -2.84 -6 -19 -2.81 -5.5 -19 -2.77 -5 -19 -2.74 -4.5 -19 -2.71 -4 -19 -2.67 -3.5 -19 -2.64 -3 -19 -2.6 -2.5 -19 -2.57 -2 -19 -2.54 -1.5 -19 -2.5 -1 -19 -2.47 -0.5 -19 -2.44 0 -19 -2.4 0.5 -19 -2.37 1 -19 -2.33 1.5 -19 -2.3 2 -19 -2.27 2.5 -19 -2.23 3 -19 -2.2 3.5 -19 -2.17 4 -19 -2.13 4.5 -19 -2.1 5 -19 -2.07 5.5 -19 -2.03 6 -19 -2 6.5 -19 -1.96 7 -19 -1.93 7.5 -19 -1.9 8 -19 -1.86 8.5 -19 -1.83 9 -19 -1.8 9.5 -19 -1.76 10 -19 -1.73 10.5 -19 -1.7 11 -19 -1.66 11.5 -19 -1.63 12 -19 -1.59 12.5 -19 -1.56 13 -19 -1.53 13.5 -19 -1.49 14 -19 -1.46 14.5 -19 -1.43 15 -19 -1.39 15.5 -19 -1.36 16 -19 -1.32 16.5 -19 -1.29 17 -19 -1.26 17.5 -19 -1.22 18 -19 -1.19 18.5 -19 -1.16 19 -19 -1.12 19.5 -19 -1.09 20 -19 -1.06 20.5 -19 -1.02 21 -19 -0.99 21.5 -19 -0.95 22 -19 -0.92 22.5 -19 -0.89 23 -19 -0.85 23.5 -19 -0.82 24 -19 -0.79 24.5 -19 -0.75 25 -19 -0.72 25.5 -19 -0.69 26 -19 -0.65 26.5 -19 -0.62 27 -19 -0.58 27.5 -19 -0.55 28 -19 -0.52 28.5 -19 -0.48 29 -19 -0.45 29.5 -19 -0.42 30 -19 -0.38 30.5 -19 -0.35 31 -19 -0.31 31.5 -19 -0.28 32 -19 -0.25 32.5 -19 -0.21 33 -19 -0.18 33.5 -19 -0.15 34 -19 -0.11 34.5 -19 -0.08 35 -19 -0.05 35.5 -19 -0.01 36 -19 0.02 36.5 -19 0.06 37 -19 0.09 37.5 -19 0.12 38 -19 0.16 38.5 -19 0.19 39 -19 0.22 39.5 -19 0.26 40 -19 0.29 40.5 -19 0.32 41 -19 0.36 41.5 -19 0.39 42 -19 0.43 -29.5 -18.5 -4.38 -30 -18.5 -4.42 -29 -18.5 -4.35 -28.5 -18.5 -4.31 -28 -18.5 -4.28 -27.5 -18.5 -4.25 -27 -18.5 -4.21 -26.5 -18.5 -4.18 -26 -18.5 -4.15 -25.5 -18.5 -4.11 -25 -18.5 -4.08 -24.5 -18.5 -4.05 -24 -18.5 -4.01 -23.5 -19 -3.98 -23.5 -18.5 -3.98 -23 -19 -1.87 -23 -18.5 -3.94 -11 -18.5 -1.45 -11.5 -18.5 -1.47 -10.5 -18.5 -3.1 -10 -18.5 -3.07 -9.5 -18.5 -3.04 -9 -18.5 -3 -8.5 -18.5 -2.97 -8 -18.5 -2.93 -7.5 -18.5 -2.9 -7 -18.5 -2.87 -6.5 -18.5 -2.83 -6 -18.5 -2.8 -5.5 -18.5 -2.77 -5 -18.5 -2.73 -4.5 -18.5 -2.7 -4 -18.5 -2.67 -3.5 -18.5 -2.63 -3 -18.5 -2.6 -2.5 -18.5 -2.56 -2 -18.5 -2.53 -1.5 -18.5 -2.5 -1 -18.5 -2.46 -0.5 -18.5 -2.43 0 -18.5 -2.4 0.5 -18.5 -2.36 1 -18.5 -2.33 1.5 -18.5 -2.3 2 -18.5 -2.26 2.5 -18.5 -2.23 3 -18.5 -2.19 3.5 -18.5 -2.16 4 -18.5 -2.13 4.5 -18.5 -2.09 5 -18.5 -2.06 5.5 -18.5 -2.03 6 -18.5 -1.99 6.5 -18.5 -1.96 7 -18.5 -1.92 7.5 -18.5 -1.89 8 -18.5 -1.86 8.5 -18.5 -1.82 9 -18.5 -1.79 9.5 -18.5 -1.76 10 -18.5 -1.72 10.5 -18.5 -1.69 11 -18.5 -1.66 11.5 -18.5 -1.62 12 -18.5 -1.59 12.5 -18.5 -1.55 13 -18.5 -1.52 13.5 -18.5 -1.49 14 -18.5 -1.45 14.5 -18.5 -1.42 15 -18.5 -1.39 15.5 -18.5 -1.35 16 -18.5 -1.32 16.5 -18.5 -1.29 17 -18.5 -1.25 17.5 -18.5 -1.22 18 -18.5 -1.18 18.5 -18.5 -1.15 19 -18.5 -1.12 19.5 -18.5 -1.08 20 -18.5 -1.05 20.5 -18.5 -1.02 21 -18.5 -0.98 21.5 -18.5 -0.95 22 -18.5 -0.91 22.5 -18.5 -0.88 23 -18.5 -0.85 23.5 -18.5 -0.81 24 -18.5 -0.78 24.5 -18.5 -0.75 25 -18.5 -0.71 25.5 -18.5 -0.68 26 -18.5 -0.65 26.5 -18.5 -0.61 27 -18.5 -0.58 27.5 -18.5 -0.54 28 -18.5 -0.51 28.5 -18.5 -0.48 29 -18.5 -0.44 29.5 -18.5 -0.41 30 -18.5 -0.38 30.5 -18.5 -0.34 31 -18.5 -0.31 31.5 -18.5 -0.28 32 -18.5 -0.24 32.5 -18.5 -0.21 33 -18.5 -0.17 33.5 -18.5 -0.14 34 -18.5 -0.11 34.5 -18.5 -0.07 35 -18.5 -0.04 35.5 -18.5 -0.01 36 -18.5 0.03 36.5 -18.5 0.06 37 -18.5 0.1 37.5 -18.5 0.13 38 -18.5 0.16 38.5 -18.5 0.2 39 -18.5 0.23 39.5 -18.5 0.26 40 -18.5 0.3 40.5 -18.5 0.33 41 -18.5 0.36 41.5 -18.5 0.4 42 -18.5 0.43 -29.5 -18 -4.38 -30 -18 -4.41 -29 -18 -4.34 -28.5 -18 -4.31 -28 -18 -4.28 -27.5 -18 -4.24 -27 -18 -4.21 -26.5 -18 -4.17 -26 -18 -4.14 -25.5 -18 -4.11 -25 -18 -4.07 -24.5 -18 -4.04 -24 -18 -4.01 -23.5 -18 -3.97 -23 -18 -3.94 -22.5 -18.5 -3.91 -22.5 -18 -3.9 -22 -18.5 -1.84 -22 -18 -3.87 -10 -18 -1.42 -10.5 -18 -1.44 -9.5 -18 -3.03 -9 -18 -3 -8.5 -18 -2.96 -8 -18 -2.93 -7.5 -18 -2.9 -7 -18 -2.86 -6.5 -18 -2.83 -6 -18 -2.79 -5.5 -18 -2.76 -5 -18 -2.73 -4.5 -18 -2.69 -4 -18 -2.66 -3.5 -18 -2.63 -3 -18 -2.59 -2.5 -18 -2.56 -2 -18 -2.52 -1.5 -18 -2.49 -1 -18 -2.46 -0.5 -18 -2.42 0 -18 -2.39 0.5 -18 -2.36 1 -18 -2.32 1.5 -18 -2.29 2 -18 -2.26 2.5 -18 -2.22 3 -18 -2.19 3.5 -18 -2.15 4 -18 -2.12 4.5 -18 -2.09 5 -18 -2.05 5.5 -18 -2.02 6 -18 -1.99 6.5 -18 -1.95 7 -18 -1.92 7.5 -18 -1.89 8 -18 -1.85 8.5 -18 -1.82 9 -18 -1.78 9.5 -18 -1.75 10 -18 -1.72 10.5 -18 -1.68 11 -18 -1.65 11.5 -18 -1.62 12 -18 -1.58 12.5 -18 -1.55 13 -18 -1.51 13.5 -18 -1.48 14 -18 -1.45 14.5 -18 -1.41 15 -18 -1.38 15.5 -18 -1.35 16 -18 -1.31 16.5 -18 -1.28 17 -18 -1.25 17.5 -18 -1.21 18 -18 -1.18 18.5 -18 -1.14 19 -18 -1.11 19.5 -18 -1.08 20 -18 -1.04 20.5 -18 -1.01 21 -18 -0.98 21.5 -18 -0.94 22 -18 -0.91 22.5 -18 -0.88 23 -18 -0.84 23.5 -18 -0.81 24 -18 -0.77 24.5 -18 -0.74 25 -18 -0.71 25.5 -18 -0.67 26 -18 -0.64 26.5 -18 -0.61 27 -18 -0.57 27.5 -18 -0.54 28 -18 -0.5 28.5 -18 -0.47 29 -18 -0.44 29.5 -18 -0.4 30 -18 -0.37 30.5 -18 -0.34 31 -18 -0.3 31.5 -18 -0.27 32 -18 -0.24 32.5 -18 -0.2 33 -18 -0.17 33.5 -18 -0.13 34 -18 -0.1 34.5 -18 -0.07 35 -18 -0.03 35.5 -18 0 36 -18 0.03 36.5 -18 0.07 37 -18 0.1 37.5 -18 0.13 38 -18 0.17 38.5 -18 0.2 39 -18 0.24 39.5 -18 0.27 40 -18 0.3 40.5 -18 0.34 41 -18 0.37 41.5 -18 0.4 42 -18 0.44 -29.5 -17.5 -4.37 -30 -17.5 -4.4 -29 -17.5 -4.34 -28.5 -17.5 -4.3 -28 -17.5 -4.27 -27.5 -17.5 -4.24 -27 -17.5 -4.2 -26.5 -17.5 -4.17 -26 -17.5 -4.13 -25.5 -17.5 -4.1 -25 -17.5 -4.07 -24.5 -17.5 -4.03 -24 -17.5 -4 -23.5 -17.5 -3.97 -23 -17.5 -3.93 -22.5 -17.5 -3.9 -22 -17.5 -3.87 -21.5 -18 -3.84 -21.5 -17.5 -3.83 -21 -18 -1.8 -21 -17.5 -3.8 -9 -17.5 -1.38 -9.5 -17.5 -1.4 -8.5 -17.5 -2.96 -8 -17.5 -2.92 -7.5 -17.5 -2.89 -7 -17.5 -2.86 -6.5 -17.5 -2.82 -6 -17.5 -2.79 -5.5 -17.5 -2.75 -5 -17.5 -2.72 -4.5 -17.5 -2.69 -4 -17.5 -2.65 -3.5 -17.5 -2.62 -3 -17.5 -2.59 -2.5 -17.5 -2.55 -2 -17.5 -2.52 -1.5 -17.5 -2.49 -1 -17.5 -2.45 -0.5 -17.5 -2.42 0 -17.5 -2.38 0.5 -17.5 -2.35 1 -17.5 -2.32 1.5 -17.5 -2.28 2 -17.5 -2.25 2.5 -17.5 -2.22 3 -17.5 -2.18 3.5 -17.5 -2.15 4 -17.5 -2.11 4.5 -17.5 -2.08 5 -17.5 -2.05 5.5 -17.5 -2.01 6 -17.5 -1.98 6.5 -17.5 -1.95 7 -17.5 -1.91 7.5 -17.5 -1.88 8 -17.5 -1.85 8.5 -17.5 -1.81 9 -17.5 -1.78 9.5 -17.5 -1.74 10 -17.5 -1.71 10.5 -17.5 -1.68 11 -17.5 -1.64 11.5 -17.5 -1.61 12 -17.5 -1.58 12.5 -17.5 -1.54 13 -17.5 -1.51 13.5 -17.5 -1.48 14 -17.5 -1.44 14.5 -17.5 -1.41 15 -17.5 -1.37 15.5 -17.5 -1.34 16 -17.5 -1.31 16.5 -17.5 -1.27 17 -17.5 -1.24 17.5 -17.5 -1.21 18 -17.5 -1.17 18.5 -17.5 -1.14 19 -17.5 -1.1 19.5 -17.5 -1.07 20 -17.5 -1.04 20.5 -17.5 -1 21 -17.5 -0.97 21.5 -17.5 -0.94 22 -17.5 -0.9 22.5 -17.5 -0.87 23 -17.5 -0.84 23.5 -17.5 -0.8 24 -17.5 -0.77 24.5 -17.5 -0.73 25 -17.5 -0.7 25.5 -17.5 -0.67 26 -17.5 -0.63 26.5 -17.5 -0.6 27 -17.5 -0.57 27.5 -17.5 -0.53 28 -17.5 -0.5 28.5 -17.5 -0.47 29 -17.5 -0.43 29.5 -17.5 -0.4 30 -17.5 -0.36 30.5 -17.5 -0.33 31 -17.5 -0.3 31.5 -17.5 -0.26 32 -17.5 -0.23 32.5 -17.5 -0.2 33 -17.5 -0.16 33.5 -17.5 -0.13 34 -17.5 -0.09 34.5 -17.5 -0.06 35 -17.5 -0.03 35.5 -17.5 0.01 36 -17.5 0.04 36.5 -17.5 0.07 37 -17.5 0.11 37.5 -17.5 0.14 38 -17.5 0.17 38.5 -17.5 0.21 39 -17.5 0.24 39.5 -17.5 0.28 40 -17.5 0.31 40.5 -17.5 0.34 41 -17.5 0.38 41.5 -17.5 0.41 42 -17.5 0.44 -29.5 -17 -4.36 -30 -17 -4.4 -29 -17 -4.33 -28.5 -17 -4.3 -28 -17 -4.26 -27.5 -17 -4.23 -27 -17 -4.2 -26.5 -17 -4.16 -26 -17 -4.13 -25.5 -17 -4.09 -25 -17 -4.06 -24.5 -17 -4.03 -24 -17 -3.99 -23.5 -17 -3.96 -23 -17 -3.93 -22.5 -17 -3.89 -22 -17 -3.86 -21.5 -17 -3.83 -21 -17 -3.79 -20.5 -17.5 -1.79 -20.5 -17 -3.76 -8 -17 -1.35 -8.5 -17 -1.37 -7.5 -17 -2.88 -7 -17 -2.85 -6.5 -17 -2.82 -6 -17 -2.78 -5.5 -17 -2.75 -5 -17 -2.71 -4.5 -17 -2.68 -4 -17 -2.65 -3.5 -17 -2.61 -3 -17 -2.58 -2.5 -17 -2.55 -2 -17 -2.51 -1.5 -17 -2.48 -1 -17 -2.45 -0.5 -17 -2.41 0 -17 -2.38 0.5 -17 -2.34 1 -17 -2.31 1.5 -17 -2.28 2 -17 -2.24 2.5 -17 -2.21 3 -17 -2.18 3.5 -17 -2.14 4 -17 -2.11 4.5 -17 -2.08 5 -17 -2.04 5.5 -17 -2.01 6 -17 -1.97 6.5 -17 -1.94 7 -17 -1.91 7.5 -17 -1.87 8 -17 -1.84 8.5 -17 -1.81 9 -17 -1.77 9.5 -17 -1.74 10 -17 -1.7 10.5 -17 -1.67 11 -17 -1.64 11.5 -17 -1.6 12 -17 -1.57 12.5 -17 -1.54 13 -17 -1.5 13.5 -17 -1.47 14 -17 -1.44 14.5 -17 -1.4 15 -17 -1.37 15.5 -17 -1.33 16 -17 -1.3 16.5 -17 -1.27 17 -17 -1.23 17.5 -17 -1.2 18 -17 -1.17 18.5 -17 -1.13 19 -17 -1.1 19.5 -17 -1.07 20 -17 -1.03 20.5 -17 -1 21 -17 -0.96 21.5 -17 -0.93 22 -17 -0.9 22.5 -17 -0.86 23 -17 -0.83 23.5 -17 -0.8 24 -17 -0.76 24.5 -17 -0.73 25 -17 -0.69 25.5 -17 -0.66 26 -17 -0.63 26.5 -17 -0.59 27 -17 -0.56 27.5 -17 -0.53 28 -17 -0.49 28.5 -17 -0.46 29 -17 -0.43 29.5 -17 -0.39 30 -17 -0.36 30.5 -17 -0.32 31 -17 -0.29 31.5 -17 -0.26 32 -17 -0.22 32.5 -17 -0.19 33 -17 -0.16 33.5 -17 -0.12 34 -17 -0.09 34.5 -17 -0.06 35 -17 -0.02 35.5 -17 0.01 36 -17 0.05 36.5 -17 0.08 37 -17 0.11 37.5 -17 0.15 38 -17 0.18 38.5 -17 0.21 39 -17 0.25 39.5 -17 0.28 40 -17 0.32 40.5 -17 0.35 41 -17 0.38 41.5 -17 0.42 42 -17 0.45 -29.5 -16.5 -4.36 -30 -16.5 -4.39 -29 -16.5 -4.32 -28.5 -16.5 -4.29 -28 -16.5 -4.26 -27.5 -16.5 -4.22 -27 -16.5 -4.19 -26.5 -16.5 -4.16 -26 -16.5 -4.12 -25.5 -16.5 -4.09 -25 -16.5 -4.06 -24.5 -16.5 -4.02 -24 -16.5 -3.99 -23.5 -16.5 -3.95 -23 -16.5 -3.92 -22.5 -16.5 -3.89 -22 -16.5 -3.85 -21.5 -16.5 -3.82 -21 -16.5 -3.79 -20.5 -16.5 -3.75 -20 -17 -3.72 -20 -16.5 -3.72 -19.5 -17 -1.75 -19.5 -16.5 -3.68 -7 -16.5 -2.84 -7.5 -16.5 -1.33 -6.5 -16.5 -2.81 -6 -16.5 -2.78 -5.5 -16.5 -2.74 -5 -16.5 -2.71 -4.5 -16.5 -2.68 -4 -16.5 -2.64 -3.5 -16.5 -2.61 -3 -16.5 -2.57 -2.5 -16.5 -2.54 -2 -16.5 -2.51 -1.5 -16.5 -2.47 -1 -16.5 -2.44 -0.5 -16.5 -2.41 0 -16.5 -2.37 0.5 -16.5 -2.34 1 -16.5 -2.3 1.5 -16.5 -2.27 2 -16.5 -2.24 2.5 -16.5 -2.2 3 -16.5 -2.17 3.5 -16.5 -2.14 4 -16.5 -2.1 4.5 -16.5 -2.07 5 -16.5 -2.04 5.5 -16.5 -2 6 -16.5 -1.97 6.5 -16.5 -1.93 7 -16.5 -1.9 7.5 -16.5 -1.87 8 -16.5 -1.83 8.5 -16.5 -1.8 9 -16.5 -1.77 9.5 -16.5 -1.73 10 -16.5 -1.7 10.5 -16.5 -1.67 11 -16.5 -1.63 11.5 -16.5 -1.6 12 -16.5 -1.56 12.5 -16.5 -1.53 13 -16.5 -1.5 13.5 -16.5 -1.46 14 -16.5 -1.43 14.5 -16.5 -1.4 15 -16.5 -1.36 15.5 -16.5 -1.33 16 -16.5 -1.29 16.5 -16.5 -1.26 17 -16.5 -1.23 17.5 -16.5 -1.19 18 -16.5 -1.16 18.5 -16.5 -1.13 19 -16.5 -1.09 19.5 -16.5 -1.06 20 -16.5 -1.03 20.5 -16.5 -0.99 21 -16.5 -0.96 21.5 -16.5 -0.92 22 -16.5 -0.89 22.5 -16.5 -0.86 23 -16.5 -0.82 23.5 -16.5 -0.79 24 -16.5 -0.76 24.5 -16.5 -0.72 25 -16.5 -0.69 25.5 -16.5 -0.66 26 -16.5 -0.62 26.5 -16.5 -0.59 27 -16.5 -0.55 27.5 -16.5 -0.52 28 -16.5 -0.49 28.5 -16.5 -0.45 29 -16.5 -0.42 29.5 -16.5 -0.39 30 -16.5 -0.35 30.5 -16.5 -0.32 31 -16.5 -0.28 31.5 -16.5 -0.25 32 -16.5 -0.22 32.5 -16.5 -0.18 33 -16.5 -0.15 33.5 -16.5 -0.12 34 -16.5 -0.08 34.5 -16.5 -0.05 35 -16.5 -0.02 35.5 -16.5 0.02 36 -16.5 0.05 36.5 -16.5 0.09 37 -16.5 0.12 37.5 -16.5 0.15 38 -16.5 0.19 38.5 -16.5 0.22 39 -16.5 0.25 39.5 -16.5 0.29 40 -16.5 0.32 40.5 -16.5 0.35 41 -16.5 0.39 41.5 -16.5 0.42 42 -16.5 0.46 -29.5 -16 -4.35 -30 -16 -4.39 -29 -16 -4.32 -28.5 -16 -4.28 -28 -16 -4.25 -27.5 -16 -4.22 -27 -16 -4.18 -26.5 -16 -4.15 -26 -16 -4.12 -25.5 -16 -4.08 -25 -16 -4.05 -24.5 -16 -4.02 -24 -16 -3.98 -23.5 -16 -3.95 -23 -16 -3.91 -22.5 -16 -3.88 -22 -16 -3.85 -21.5 -16 -3.81 -21 -16 -3.78 -20.5 -16 -3.75 -20 -16 -3.71 -19.5 -16 -3.68 -19 -16.5 -3.65 -19 -16 -3.65 -18.5 -16.5 -1.72 -18.5 -16 -3.61 -6.5 -16 -1.3 -7 -16 -1.31 -6 -16 -2.77 -5.5 -16 -2.74 -5 -16 -2.7 -4.5 -16 -2.67 -4 -16 -2.64 -3.5 -16 -2.6 -3 -16 -2.57 -2.5 -16 -2.53 -2 -16 -2.5 -1.5 -16 -2.47 -1 -16 -2.43 -0.5 -16 -2.4 0 -16 -2.37 0.5 -16 -2.33 1 -16 -2.3 1.5 -16 -2.27 2 -16 -2.23 2.5 -16 -2.2 3 -16 -2.16 3.5 -16 -2.13 4 -16 -2.1 4.5 -16 -2.06 5 -16 -2.03 5.5 -16 -2 6 -16 -1.96 6.5 -16 -1.93 7 -16 -1.89 7.5 -16 -1.86 8 -16 -1.83 8.5 -16 -1.79 9 -16 -1.76 9.5 -16 -1.73 10 -16 -1.69 10.5 -16 -1.66 11 -16 -1.63 11.5 -16 -1.59 12 -16 -1.56 12.5 -16 -1.52 13 -16 -1.49 13.5 -16 -1.46 14 -16 -1.42 14.5 -16 -1.39 15 -16 -1.36 15.5 -16 -1.32 16 -16 -1.29 16.5 -16 -1.26 17 -16 -1.22 17.5 -16 -1.19 18 -16 -1.15 18.5 -16 -1.12 19 -16 -1.09 19.5 -16 -1.05 20 -16 -1.02 20.5 -16 -0.99 21 -16 -0.95 21.5 -16 -0.92 22 -16 -0.88 22.5 -16 -0.85 23 -16 -0.82 23.5 -16 -0.78 24 -16 -0.75 24.5 -16 -0.72 25 -16 -0.68 25.5 -16 -0.65 26 -16 -0.62 26.5 -16 -0.58 27 -16 -0.55 27.5 -16 -0.51 28 -16 -0.48 28.5 -16 -0.45 29 -16 -0.41 29.5 -16 -0.38 30 -16 -0.35 30.5 -16 -0.31 31 -16 -0.28 31.5 -16 -0.25 32 -16 -0.21 32.5 -16 -0.18 33 -16 -0.14 33.5 -16 -0.11 34 -16 -0.08 34.5 -16 -0.04 35 -16 -0.01 35.5 -16 0.02 36 -16 0.06 36.5 -16 0.09 37 -16 0.13 37.5 -16 0.16 38 -16 0.19 38.5 -16 0.23 39 -16 0.26 39.5 -16 0.29 40 -16 0.33 40.5 -16 0.36 41 -16 0.39 41.5 -16 0.43 42 -16 0.46 -29.5 -15.5 -4.35 -30 -15.5 -4.38 -29 -15.5 -4.31 -28.5 -15.5 -4.28 -28 -15.5 -4.25 -27.5 -15.5 -4.21 -27 -15.5 -4.18 -26.5 -15.5 -4.14 -26 -15.5 -4.11 -25.5 -15.5 -4.08 -25 -15.5 -4.04 -24.5 -15.5 -4.01 -24 -15.5 -3.98 -23.5 -15.5 -3.94 -23 -15.5 -3.91 -22.5 -15.5 -3.87 -22 -15.5 -3.84 -21.5 -15.5 -3.81 -21 -15.5 -3.77 -20.5 -15.5 -3.74 -20 -15.5 -3.71 -19.5 -15.5 -3.67 -19 -15.5 -3.64 -18.5 -15.5 -3.61 -18 -16 -3.58 -18 -15.5 -3.57 -17.5 -16 -1.68 -17.5 -15.5 -3.54 -5.5 -15.5 -1.26 -6 -15.5 -1.28 -5 -15.5 -2.7 -4.5 -15.5 -2.66 -4 -15.5 -2.63 -3.5 -15.5 -2.6 -3 -15.5 -2.56 -2.5 -15.5 -2.53 -2 -15.5 -2.49 -1.5 -15.5 -2.46 -1 -15.5 -2.43 -0.5 -15.5 -2.39 0 -15.5 -2.36 0.5 -15.5 -2.33 1 -15.5 -2.29 1.5 -15.5 -2.26 2 -15.5 -2.23 2.5 -15.5 -2.19 3 -15.5 -2.16 3.5 -15.5 -2.12 4 -15.5 -2.09 4.5 -15.5 -2.06 5 -15.5 -2.02 5.5 -15.5 -1.99 6 -15.5 -1.96 6.5 -15.5 -1.92 7 -15.5 -1.89 7.5 -15.5 -1.86 8 -15.5 -1.82 8.5 -15.5 -1.79 9 -15.5 -1.75 9.5 -15.5 -1.72 10 -15.5 -1.69 10.5 -15.5 -1.65 11 -15.5 -1.62 11.5 -15.5 -1.59 12 -15.5 -1.55 12.5 -15.5 -1.52 13 -15.5 -1.48 13.5 -15.5 -1.45 14 -15.5 -1.42 14.5 -15.5 -1.38 15 -15.5 -1.35 15.5 -15.5 -1.32 16 -15.5 -1.28 16.5 -15.5 -1.25 17 -15.5 -1.22 17.5 -15.5 -1.18 18 -15.5 -1.15 18.5 -15.5 -1.11 19 -15.5 -1.08 19.5 -15.5 -1.05 20 -15.5 -1.01 20.5 -15.5 -0.98 21 -15.5 -0.95 21.5 -15.5 -0.91 22 -15.5 -0.88 22.5 -15.5 -0.85 23 -15.5 -0.81 23.5 -15.5 -0.78 24 -15.5 -0.74 24.5 -15.5 -0.71 25 -15.5 -0.68 25.5 -15.5 -0.64 26 -15.5 -0.61 26.5 -15.5 -0.58 27 -15.5 -0.54 27.5 -15.5 -0.51 28 -15.5 -0.47 28.5 -15.5 -0.44 29 -15.5 -0.41 29.5 -15.5 -0.37 30 -15.5 -0.34 30.5 -15.5 -0.31 31 -15.5 -0.27 31.5 -15.5 -0.24 32 -15.5 -0.21 32.5 -15.5 -0.17 33 -15.5 -0.14 33.5 -15.5 -0.1 34 -15.5 -0.07 34.5 -15.5 -0.04 35 -15.5 0 35.5 -15.5 0.03 36 -15.5 0.06 36.5 -15.5 0.1 37 -15.5 0.13 37.5 -15.5 0.16 38 -15.5 0.2 38.5 -15.5 0.23 39 -15.5 0.27 39.5 -15.5 0.3 40 -15.5 0.33 40.5 -15.5 0.37 41 -15.5 0.4 41.5 -15.5 0.43 42 -15.5 0.47 -29.5 -15 -4.34 -30 -15 -4.37 -29 -15 -4.31 -28.5 -15 -4.27 -28 -15 -4.24 -27.5 -15 -4.21 -27 -15 -4.17 -26.5 -15 -4.14 -26 -15 -4.1 -25.5 -15 -4.07 -25 -15 -4.04 -24.5 -15 -4 -24 -15 -3.97 -23.5 -15 -3.94 -23 -15 -3.9 -22.5 -15 -3.87 -22 -15 -3.84 -21.5 -15 -3.8 -21 -15 -3.77 -20.5 -15 -3.73 -20 -15 -3.7 -19.5 -15 -3.67 -19 -15 -3.63 -18.5 -15 -3.6 -18 -15 -3.57 -17.5 -15 -3.53 -17 -15.5 -3.5 -17 -15 -3.5 -16.5 -15.5 -1.65 -16.5 -15 -3.46 -4.5 -15 -1.23 -5 -15 -1.24 -4 -15 -2.62 -3.5 -15 -2.59 -3 -15 -2.56 -2.5 -15 -2.52 -2 -15 -2.49 -1.5 -15 -2.46 -1 -15 -2.42 -0.5 -15 -2.39 0 -15 -2.35 0.5 -15 -2.32 1 -15 -2.29 1.5 -15 -2.25 2 -15 -2.22 2.5 -15 -2.19 3 -15 -2.15 3.5 -15 -2.12 4 -15 -2.08 4.5 -15 -2.05 5 -15 -2.02 5.5 -15 -1.98 6 -15 -1.95 6.5 -15 -1.92 7 -15 -1.88 7.5 -15 -1.85 8 -15 -1.82 8.5 -15 -1.78 9 -15 -1.75 9.5 -15 -1.71 10 -15 -1.68 10.5 -15 -1.65 11 -15 -1.61 11.5 -15 -1.58 12 -15 -1.55 12.5 -15 -1.51 13 -15 -1.48 13.5 -15 -1.45 14 -15 -1.41 14.5 -15 -1.38 15 -15 -1.34 15.5 -15 -1.31 16 -15 -1.28 16.5 -15 -1.24 17 -15 -1.21 17.5 -15 -1.18 18 -15 -1.14 18.5 -15 -1.11 19 -15 -1.07 19.5 -15 -1.04 20 -15 -1.01 20.5 -15 -0.97 21 -15 -0.94 21.5 -15 -0.91 22 -15 -0.87 22.5 -15 -0.84 23 -15 -0.81 23.5 -15 -0.77 24 -15 -0.74 24.5 -15 -0.7 25 -15 -0.67 25.5 -15 -0.64 26 -15 -0.6 26.5 -15 -0.57 27 -15 -0.54 27.5 -15 -0.5 28 -15 -0.47 28.5 -15 -0.44 29 -15 -0.4 29.5 -15 -0.37 30 -15 -0.33 30.5 -15 -0.3 31 -15 -0.27 31.5 -15 -0.23 32 -15 -0.2 32.5 -15 -0.17 33 -15 -0.13 33.5 -15 -0.1 34 -15 -0.06 34.5 -15 -0.03 35 -15 0 35.5 -15 0.04 36 -15 0.07 36.5 -15 0.1 37 -15 0.14 37.5 -15 0.17 38 -15 0.2 38.5 -15 0.24 39 -15 0.27 39.5 -15 0.31 40 -15 0.34 40.5 -15 0.37 41 -15 0.41 41.5 -15 0.44 42 -15 0.47 -29.5 -14.5 -4.33 -30 -14.5 -4.37 -29 -14.5 -4.3 -28.5 -14.5 -4.27 -28 -14.5 -4.23 -27.5 -14.5 -4.2 -27 -14.5 -4.17 -26.5 -14.5 -4.13 -26 -14.5 -4.1 -25.5 -14.5 -4.06 -25 -14.5 -4.03 -24.5 -14.5 -4 -24 -14.5 -3.96 -23.5 -14.5 -3.93 -23 -14.5 -3.9 -22.5 -14.5 -3.86 -22 -14.5 -3.83 -21.5 -14.5 -3.8 -21 -14.5 -3.76 -20.5 -14.5 -3.73 -20 -14.5 -3.69 -19.5 -14.5 -3.66 -19 -14.5 -3.63 -18.5 -14.5 -3.59 -18 -14.5 -3.56 -17.5 -14.5 -3.53 -17 -14.5 -3.49 -16.5 -14.5 -3.46 -16 -15 -3.43 -16 -14.5 -3.43 -15.5 -15 -1.61 -15.5 -14.5 -3.39 -3.5 -14.5 -1.19 -4 -14.5 -1.21 -3 -14.5 -2.55 -2.5 -14.5 -2.52 -2 -14.5 -2.48 -1.5 -14.5 -2.45 -1 -14.5 -2.42 -0.5 -14.5 -2.38 0 -14.5 -2.35 0.5 -14.5 -2.31 1 -14.5 -2.28 1.5 -14.5 -2.25 2 -14.5 -2.21 2.5 -14.5 -2.18 3 -14.5 -2.15 3.5 -14.5 -2.11 4 -14.5 -2.08 4.5 -14.5 -2.05 5 -14.5 -2.01 5.5 -14.5 -1.98 6 -14.5 -1.94 6.5 -14.5 -1.91 7 -14.5 -1.88 7.5 -14.5 -1.84 8 -14.5 -1.81 8.5 -14.5 -1.78 9 -14.5 -1.74 9.5 -14.5 -1.71 10 -14.5 -1.67 10.5 -14.5 -1.64 11 -14.5 -1.61 11.5 -14.5 -1.57 12 -14.5 -1.54 12.5 -14.5 -1.51 13 -14.5 -1.47 13.5 -14.5 -1.44 14 -14.5 -1.41 14.5 -14.5 -1.37 15 -14.5 -1.34 15.5 -14.5 -1.3 16 -14.5 -1.27 16.5 -14.5 -1.24 17 -14.5 -1.2 17.5 -14.5 -1.17 18 -14.5 -1.14 18.5 -14.5 -1.1 19 -14.5 -1.07 19.5 -14.5 -1.04 20 -14.5 -1 20.5 -14.5 -0.97 21 -14.5 -0.93 21.5 -14.5 -0.9 22 -14.5 -0.87 22.5 -14.5 -0.83 23 -14.5 -0.8 23.5 -14.5 -0.77 24 -14.5 -0.73 24.5 -14.5 -0.7 25 -14.5 -0.66 25.5 -14.5 -0.63 26 -14.5 -0.6 26.5 -14.5 -0.56 27 -14.5 -0.53 27.5 -14.5 -0.5 28 -14.5 -0.46 28.5 -14.5 -0.43 29 -14.5 -0.4 29.5 -14.5 -0.36 30 -14.5 -0.33 30.5 -14.5 -0.29 31 -14.5 -0.26 31.5 -14.5 -0.23 32 -14.5 -0.19 32.5 -14.5 -0.16 33 -14.5 -0.13 33.5 -14.5 -0.09 34 -14.5 -0.06 34.5 -14.5 -0.03 35 -14.5 0.01 35.5 -14.5 0.04 36 -14.5 0.08 36.5 -14.5 0.11 37 -14.5 0.14 37.5 -14.5 0.18 38 -14.5 0.21 38.5 -14.5 0.24 39 -14.5 0.28 39.5 -14.5 0.31 40 -14.5 0.35 40.5 -14.5 0.38 41 -14.5 0.41 41.5 -14.5 0.45 42 -14.5 0.48 -29.5 -14 -4.33 -30 -14 -4.36 -29 -14 -4.29 -28.5 -14 -4.26 -28 -14 -4.23 -27.5 -14 -4.19 -27 -14 -4.16 -26.5 -14 -4.13 -26 -14 -4.09 -25.5 -14 -4.06 -25 -14 -4.03 -24.5 -14 -3.99 -24 -14 -3.96 -23.5 -14 -3.92 -23 -14 -3.89 -22.5 -14 -3.86 -22 -14 -3.82 -21.5 -14 -3.79 -21 -14 -3.76 -20.5 -14 -3.72 -20 -14 -3.69 -19.5 -14 -3.65 -19 -14 -3.62 -18.5 -14 -3.59 -18 -14 -3.55 -17.5 -14 -3.52 -17 -14 -3.49 -16.5 -14 -3.45 -16 -14 -3.42 -15.5 -14 -3.39 -15 -14.5 -1.59 -15 -14 -3.35 -2.5 -14 -2.51 -3 -14 -1.17 -2 -14 -2.48 -1.5 -14 -2.44 -1 -14 -2.41 -0.5 -14 -2.38 0 -14 -2.34 0.5 -14 -2.31 1 -14 -2.27 1.5 -14 -2.24 2 -14 -2.21 2.5 -14 -2.17 3 -14 -2.14 3.5 -14 -2.11 4 -14 -2.07 4.5 -14 -2.04 5 -14 -2.01 5.5 -14 -1.97 6 -14 -1.94 6.5 -14 -1.9 7 -14 -1.87 7.5 -14 -1.84 8 -14 -1.8 8.5 -14 -1.77 9 -14 -1.74 9.5 -14 -1.7 10 -14 -1.67 10.5 -14 -1.64 11 -14 -1.6 11.5 -14 -1.57 12 -14 -1.53 12.5 -14 -1.5 13 -14 -1.47 13.5 -14 -1.43 14 -14 -1.4 14.5 -14 -1.37 15 -14 -1.33 15.5 -14 -1.3 16 -14 -1.26 16.5 -14 -1.23 17 -14 -1.2 17.5 -14 -1.16 18 -14 -1.13 18.5 -14 -1.1 19 -14 -1.06 19.5 -14 -1.03 20 -14 -1 20.5 -14 -0.96 21 -14 -0.93 21.5 -14 -0.89 22 -14 -0.86 22.5 -14 -0.83 23 -14 -0.79 23.5 -14 -0.76 24 -14 -0.73 24.5 -14 -0.69 25 -14 -0.66 25.5 -14 -0.63 26 -14 -0.59 26.5 -14 -0.56 27 -14 -0.52 27.5 -14 -0.49 28 -14 -0.46 28.5 -14 -0.42 29 -14 -0.39 29.5 -14 -0.36 30 -14 -0.32 30.5 -14 -0.29 31 -14 -0.25 31.5 -14 -0.22 32 -14 -0.19 32.5 -14 -0.15 33 -14 -0.12 33.5 -14 -0.09 34 -14 -0.05 34.5 -14 -0.02 35 -14 0.01 35.5 -14 0.05 36 -14 0.08 36.5 -14 0.12 37 -14 0.15 37.5 -14 0.18 38 -14 0.22 38.5 -14 0.25 39 -14 0.28 39.5 -14 0.32 40 -14 0.35 40.5 -14 0.38 41 -14 0.42 41.5 -14 0.45 42 -14 0.49 -29.5 -13.5 -4.32 -30 -13.5 -4.36 -29 -13.5 -4.29 -28.5 -13.5 -4.25 -28 -13.5 -4.22 -27.5 -13.5 -4.19 -27 -13.5 -4.15 -26.5 -13.5 -4.12 -26 -13.5 -4.09 -25.5 -13.5 -4.05 -25 -13.5 -4.02 -24.5 -13.5 -3.99 -24 -13.5 -3.95 -23.5 -13.5 -3.92 -23 -13.5 -3.88 -22.5 -13.5 -3.85 -22 -13.5 -3.82 -21.5 -13.5 -3.78 -21 -13.5 -3.75 -20.5 -13.5 -3.72 -20 -13.5 -3.68 -19.5 -13.5 -3.65 -19 -13.5 -3.62 -18.5 -13.5 -3.58 -18 -13.5 -3.55 -17.5 -13.5 -3.51 -17 -13.5 -3.48 -16.5 -13.5 -3.45 -16 -13.5 -3.41 -15.5 -13.5 -3.38 -15 -13.5 -3.35 -14.5 -14 -3.32 -14.5 -13.5 -3.31 -14 -14 -1.56 -14 -13.5 -3.28 -2 -13.5 -1.14 -2.5 -13.5 -1.16 -1.5 -13.5 -2.44 -1 -13.5 -2.4 -0.5 -13.5 -2.37 0 -13.5 -2.34 0.5 -13.5 -2.3 1 -13.5 -2.27 1.5 -13.5 -2.24 2 -13.5 -2.2 2.5 -13.5 -2.17 3 -13.5 -2.13 3.5 -13.5 -2.1 4 -13.5 -2.07 4.5 -13.5 -2.03 5 -13.5 -2 5.5 -13.5 -1.97 6 -13.5 -1.93 6.5 -13.5 -1.9 7 -13.5 -1.86 7.5 -13.5 -1.83 8 -13.5 -1.8 8.5 -13.5 -1.76 9 -13.5 -1.73 9.5 -13.5 -1.7 10 -13.5 -1.66 10.5 -13.5 -1.63 11 -13.5 -1.6 11.5 -13.5 -1.56 12 -13.5 -1.53 12.5 -13.5 -1.49 13 -13.5 -1.46 13.5 -13.5 -1.43 14 -13.5 -1.39 14.5 -13.5 -1.36 15 -13.5 -1.33 15.5 -13.5 -1.29 16 -13.5 -1.26 16.5 -13.5 -1.23 17 -13.5 -1.19 17.5 -13.5 -1.16 18 -13.5 -1.12 18.5 -13.5 -1.09 19 -13.5 -1.06 19.5 -13.5 -1.02 20 -13.5 -0.99 20.5 -13.5 -0.96 21 -13.5 -0.92 21.5 -13.5 -0.89 22 -13.5 -0.85 22.5 -13.5 -0.82 23 -13.5 -0.79 23.5 -13.5 -0.75 24 -13.5 -0.72 24.5 -13.5 -0.69 25 -13.5 -0.65 25.5 -13.5 -0.62 26 -13.5 -0.59 26.5 -13.5 -0.55 27 -13.5 -0.52 27.5 -13.5 -0.48 28 -13.5 -0.45 28.5 -13.5 -0.42 29 -13.5 -0.38 29.5 -13.5 -0.35 30 -13.5 -0.32 30.5 -13.5 -0.28 31 -13.5 -0.25 31.5 -13.5 -0.22 32 -13.5 -0.18 32.5 -13.5 -0.15 33 -13.5 -0.11 33.5 -13.5 -0.08 34 -13.5 -0.05 34.5 -13.5 -0.01 35 -13.5 0.02 35.5 -13.5 0.05 36 -13.5 0.09 36.5 -13.5 0.12 37 -13.5 0.16 37.5 -13.5 0.19 38 -13.5 0.22 38.5 -13.5 0.26 39 -13.5 0.29 39.5 -13.5 0.32 40 -13.5 0.36 40.5 -13.5 0.39 41 -13.5 0.42 41.5 -13.5 0.46 42 -13.5 0.49 -29.5 -13 -4.32 -30 -13 -4.35 -29 -13 -4.28 -28.5 -13 -4.25 -28 -13 -4.22 -27.5 -13 -4.18 -27 -13 -4.15 -26.5 -13 -4.11 -26 -13 -4.08 -25.5 -13 -4.05 -25 -13 -4.01 -24.5 -13 -3.98 -24 -13 -3.95 -23.5 -13 -3.91 -23 -13 -3.88 -22.5 -13 -3.84 -22 -13 -3.81 -21.5 -13 -3.78 -21 -13 -3.74 -20.5 -13 -3.71 -20 -13 -3.68 -19.5 -13 -3.64 -19 -13 -3.61 -18.5 -13 -3.58 -18 -13 -3.54 -17.5 -13 -3.51 -17 -13 -3.47 -16.5 -13 -3.44 -16 -13 -3.41 -15.5 -13 -3.37 -15 -13 -3.34 -14.5 -13 -3.31 -14 -13 -3.27 -13.5 -13.5 -3.24 -13.5 -13 -3.24 -13 -13.5 -1.52 -13 -13 -3.21 -1 -13 -1.1 -1.5 -13 -1.12 -0.5 -13 -2.36 0 -13 -2.33 0.5 -13 -2.3 1 -13 -2.26 1.5 -13 -2.23 2 -13 -2.2 2.5 -13 -2.16 3 -13 -2.13 3.5 -13 -2.09 4 -13 -2.06 4.5 -13 -2.03 5 -13 -1.99 5.5 -13 -1.96 6 -13 -1.93 6.5 -13 -1.89 7 -13 -1.86 7.5 -13 -1.83 8 -13 -1.79 8.5 -13 -1.76 9 -13 -1.72 9.5 -13 -1.69 10 -13 -1.66 10.5 -13 -1.62 11 -13 -1.59 11.5 -13 -1.56 12 -13 -1.52 12.5 -13 -1.49 13 -13 -1.45 13.5 -13 -1.42 14 -13 -1.39 14.5 -13 -1.35 15 -13 -1.32 15.5 -13 -1.29 16 -13 -1.25 16.5 -13 -1.22 17 -13 -1.19 17.5 -13 -1.15 18 -13 -1.12 18.5 -13 -1.08 19 -13 -1.05 19.5 -13 -1.02 20 -13 -0.98 20.5 -13 -0.95 21 -13 -0.92 21.5 -13 -0.88 22 -13 -0.85 22.5 -13 -0.82 23 -13 -0.78 23.5 -13 -0.75 24 -13 -0.71 24.5 -13 -0.68 25 -13 -0.65 25.5 -13 -0.61 26 -13 -0.58 26.5 -13 -0.55 27 -13 -0.51 27.5 -13 -0.48 28 -13 -0.44 28.5 -13 -0.41 29 -13 -0.38 29.5 -13 -0.34 30 -13 -0.31 30.5 -13 -0.28 31 -13 -0.24 31.5 -13 -0.21 32 -13 -0.18 32.5 -13 -0.14 33 -13 -0.11 33.5 -13 -0.07 34 -13 -0.04 34.5 -13 -0.01 35 -13 0.03 35.5 -13 0.06 36 -13 0.09 36.5 -13 0.13 37 -13 0.16 37.5 -13 0.19 38 -13 0.23 38.5 -13 0.26 39 -13 0.3 39.5 -13 0.33 40 -13 0.36 40.5 -13 0.4 41 -13 0.43 41.5 -13 0.46 42 -13 0.5 -29.5 -12.5 -4.31 -30 -12.5 -4.34 -29 -12.5 -4.28 -28.5 -12.5 -4.24 -28 -12.5 -4.21 -27.5 -12.5 -4.18 -27 -12.5 -4.14 -26.5 -12.5 -4.11 -26 -12.5 -4.07 -25.5 -12.5 -4.04 -25 -12.5 -4.01 -24.5 -12.5 -3.97 -24 -12.5 -3.94 -23.5 -12.5 -3.91 -23 -12.5 -3.87 -22.5 -12.5 -3.84 -22 -12.5 -3.81 -21.5 -12.5 -3.77 -21 -12.5 -3.74 -20.5 -12.5 -3.7 -20 -12.5 -3.67 -19.5 -12.5 -3.64 -19 -12.5 -3.6 -18.5 -12.5 -3.57 -18 -12.5 -3.54 -17.5 -12.5 -3.5 -17 -12.5 -3.47 -16.5 -12.5 -3.43 -16 -12.5 -3.4 -15.5 -12.5 -3.37 -15 -12.5 -3.33 -14.5 -12.5 -3.3 -14 -12.5 -3.27 -13.5 -12.5 -3.23 -13 -12.5 -3.2 -12.5 -13 -3.17 -12.5 -12.5 -3.17 -12 -13 -1.49 -12 -12.5 -3.13 0 -12.5 -1.1 -0.5 -12.5 -1.1 0.5 -12.5 -2.29 1 -12.5 -2.26 1.5 -12.5 -2.22 2 -12.5 -2.19 2.5 -12.5 -2.16 3 -12.5 -2.12 3.5 -12.5 -2.09 4 -12.5 -2.05 4.5 -12.5 -2.02 5 -12.5 -1.99 5.5 -12.5 -1.95 6 -12.5 -1.92 6.5 -12.5 -1.89 7 -12.5 -1.85 7.5 -12.5 -1.82 8 -12.5 -1.79 8.5 -12.5 -1.75 9 -12.5 -1.72 9.5 -12.5 -1.68 10 -12.5 -1.65 10.5 -12.5 -1.62 11 -12.5 -1.58 11.5 -12.5 -1.55 12 -12.5 -1.52 12.5 -12.5 -1.48 13 -12.5 -1.45 13.5 -12.5 -1.42 14 -12.5 -1.38 14.5 -12.5 -1.35 15 -12.5 -1.31 15.5 -12.5 -1.28 16 -12.5 -1.25 16.5 -12.5 -1.21 17 -12.5 -1.18 17.5 -12.5 -1.15 18 -12.5 -1.11 18.5 -12.5 -1.08 19 -12.5 -1.04 19.5 -12.5 -1.01 20 -12.5 -0.98 20.5 -12.5 -0.94 21 -12.5 -0.91 21.5 -12.5 -0.88 22 -12.5 -0.84 22.5 -12.5 -0.81 23 -12.5 -0.78 23.5 -12.5 -0.74 24 -12.5 -0.71 24.5 -12.5 -0.67 25 -12.5 -0.64 25.5 -12.5 -0.61 26 -12.5 -0.57 26.5 -12.5 -0.54 27 -12.5 -0.51 27.5 -12.5 -0.47 28 -12.5 -0.44 28.5 -12.5 -0.41 29 -12.5 -0.37 29.5 -12.5 -0.34 30 -12.5 -0.3 30.5 -12.5 -0.27 31 -12.5 -0.24 31.5 -12.5 -0.2 32 -12.5 -0.17 32.5 -12.5 -0.14 33 -12.5 -0.1 33.5 -12.5 -0.07 34 -12.5 -0.03 34.5 -12.5 0 35 -12.5 0.03 35.5 -12.5 0.07 36 -12.5 0.1 36.5 -12.5 0.13 37 -12.5 0.17 37.5 -12.5 0.2 38 -12.5 0.23 38.5 -12.5 0.27 39 -12.5 0.3 39.5 -12.5 0.34 40 -12.5 0.37 40.5 -12.5 0.4 41 -12.5 0.44 41.5 -12.5 0.47 42 -12.5 0.5 -29.5 -12 -4.3 -30 -12 -4.34 -29 -12 -4.27 -28.5 -12 -4.24 -28 -12 -4.2 -27.5 -12 -4.17 -27 -12 -4.14 -26.5 -12 -4.1 -26 -12 -4.07 -25.5 -12 -4.03 -25 -12 -4 -24.5 -12 -3.97 -24 -12 -3.93 -23.5 -12 -3.9 -23 -12 -3.87 -22.5 -12 -3.83 -22 -12 -3.8 -21.5 -12 -3.77 -21 -12 -3.73 -20.5 -12 -3.7 -20 -12 -3.66 -19.5 -12 -3.63 -19 -12 -3.6 -18.5 -12 -3.56 -18 -12 -3.53 -17.5 -12 -3.5 -17 -12 -3.46 -16.5 -12 -3.43 -16 -12 -3.4 -15.5 -12 -3.36 -15 -12 -3.33 -14.5 -12 -3.29 -14 -12 -3.26 -13.5 -12 -3.23 -13 -12 -3.19 -12.5 -12 -3.16 -12 -12 -3.13 -11.5 -12.5 -3.1 -11.5 -12 -3.09 -11 -12.5 -1.45 -11 -12 -3.06 1 -12 -1.1 0.5 -12 -1.1 1.5 -12 -2.22 2 -12 -2.18 2.5 -12 -2.15 3 -12 -2.12 3.5 -12 -2.08 4 -12 -2.05 4.5 -12 -2.02 5 -12 -1.98 5.5 -12 -1.95 6 -12 -1.91 6.5 -12 -1.88 7 -12 -1.85 7.5 -12 -1.81 8 -12 -1.78 8.5 -12 -1.75 9 -12 -1.71 9.5 -12 -1.68 10 -12 -1.64 10.5 -12 -1.61 11 -12 -1.58 11.5 -12 -1.54 12 -12 -1.51 12.5 -12 -1.48 13 -12 -1.44 13.5 -12 -1.41 14 -12 -1.38 14.5 -12 -1.34 15 -12 -1.31 15.5 -12 -1.27 16 -12 -1.24 16.5 -12 -1.21 17 -12 -1.17 17.5 -12 -1.14 18 -12 -1.11 18.5 -12 -1.07 19 -12 -1.04 19.5 -12 -1.01 20 -12 -0.97 20.5 -12 -0.94 21 -12 -0.9 21.5 -12 -0.87 22 -12 -0.84 22.5 -12 -0.8 23 -12 -0.77 23.5 -12 -0.74 24 -12 -0.7 24.5 -12 -0.67 25 -12 -0.63 25.5 -12 -0.6 26 -12 -0.57 26.5 -12 -0.53 27 -12 -0.5 27.5 -12 -0.47 28 -12 -0.43 28.5 -12 -0.4 29 -12 -0.37 29.5 -12 -0.33 30 -12 -0.3 30.5 -12 -0.26 31 -12 -0.23 31.5 -12 -0.2 32 -12 -0.16 32.5 -12 -0.13 33 -12 -0.1 33.5 -12 -0.06 34 -12 -0.03 34.5 -12 0 35 -12 0.04 35.5 -12 0.07 36 -12 0.11 36.5 -12 0.14 37 -12 0.17 37.5 -12 0.21 38 -12 0.24 38.5 -12 0.27 39 -12 0.31 39.5 -12 0.34 40 -12 0.38 40.5 -12 0.41 41 -12 0.44 41.5 -12 0.48 42 -12 0.51 -29.5 -11.5 -4.3 -30 -11.5 -4.33 -29 -11.5 -4.26 -28.5 -11.5 -4.23 -28 -11.5 -4.2 -27.5 -11.5 -4.16 -27 -11.5 -4.13 -26.5 -11.5 -4.1 -26 -11.5 -4.06 -25.5 -11.5 -4.03 -25 -11.5 -4 -24.5 -11.5 -3.96 -24 -11.5 -3.93 -23.5 -11.5 -3.89 -23 -11.5 -3.86 -22.5 -11.5 -3.83 -22 -11.5 -3.79 -21.5 -11.5 -3.76 -21 -11.5 -3.73 -20.5 -11.5 -3.69 -20 -11.5 -3.66 -19.5 -11.5 -3.62 -19 -11.5 -3.59 -18.5 -11.5 -3.56 -18 -11.5 -3.52 -17.5 -11.5 -3.49 -17 -11.5 -3.46 -16.5 -11.5 -3.42 -16 -11.5 -3.39 -15.5 -11.5 -3.36 -15 -11.5 -3.32 -14.5 -11.5 -3.29 -14 -11.5 -3.25 -13.5 -11.5 -3.22 -13 -11.5 -3.19 -12.5 -11.5 -3.15 -12 -11.5 -3.12 -11.5 -11.5 -3.09 -11 -11.5 -3.05 -10.5 -12 -1.44 -10.5 -11.5 -3.02 2 -11.5 -2.18 1.5 -11.5 -1.1 2.5 -11.5 -2.14 3 -11.5 -2.11 3.5 -11.5 -2.08 4 -11.5 -2.04 4.5 -11.5 -2.01 5 -11.5 -1.98 5.5 -11.5 -1.94 6 -11.5 -1.91 6.5 -11.5 -1.87 7 -11.5 -1.84 7.5 -11.5 -1.81 8 -11.5 -1.77 8.5 -11.5 -1.74 9 -11.5 -1.71 9.5 -11.5 -1.67 10 -11.5 -1.64 10.5 -11.5 -1.61 11 -11.5 -1.57 11.5 -11.5 -1.54 12 -11.5 -1.5 12.5 -11.5 -1.47 13 -11.5 -1.44 13.5 -11.5 -1.4 14 -11.5 -1.37 14.5 -11.5 -1.34 15 -11.5 -1.3 15.5 -11.5 -1.27 16 -11.5 -1.23 16.5 -11.5 -1.2 17 -11.5 -1.17 17.5 -11.5 -1.13 18 -11.5 -1.1 18.5 -11.5 -1.07 19 -11.5 -1.03 19.5 -11.5 -1 20 -11.5 -0.97 20.5 -11.5 -0.93 21 -11.5 -0.9 21.5 -11.5 -0.86 22 -11.5 -0.83 22.5 -11.5 -0.8 23 -11.5 -0.76 23.5 -11.5 -0.73 24 -11.5 -0.7 24.5 -11.5 -0.66 25 -11.5 -0.63 25.5 -11.5 -0.6 26 -11.5 -0.56 26.5 -11.5 -0.53 27 -11.5 -0.49 27.5 -11.5 -0.46 28 -11.5 -0.43 28.5 -11.5 -0.39 29 -11.5 -0.36 29.5 -11.5 -0.33 30 -11.5 -0.29 30.5 -11.5 -0.26 31 -11.5 -0.22 31.5 -11.5 -0.19 32 -11.5 -0.16 32.5 -11.5 -0.12 33 -11.5 -0.09 33.5 -11.5 -0.06 34 -11.5 -0.02 34.5 -11.5 0.01 35 -11.5 0.04 35.5 -11.5 0.08 36 -11.5 0.11 36.5 -11.5 0.15 37 -11.5 0.18 37.5 -11.5 0.21 38 -11.5 0.25 38.5 -11.5 0.28 39 -11.5 0.31 39.5 -11.5 0.35 40 -11.5 0.38 40.5 -11.5 0.41 41 -11.5 0.45 41.5 -11.5 0.48 42 -11.5 0.52 -29.5 -11 -4.29 -30 -11 -4.33 -29 -11 -4.26 -28.5 -11 -4.22 -28 -11 -4.19 -27.5 -11 -4.16 -27 -11 -4.12 -26.5 -11 -4.09 -26 -11 -4.06 -25.5 -11 -4.02 -25 -11 -3.99 -24.5 -11 -3.96 -24 -11 -3.92 -23.5 -11 -3.89 -23 -11 -3.85 -22.5 -11 -3.82 -22 -11 -3.79 -21.5 -11 -3.75 -21 -11 -3.72 -20.5 -11 -3.69 -20 -11 -3.65 -19.5 -11 -3.62 -19 -11 -3.59 -18.5 -11 -3.55 -18 -11 -3.52 -17.5 -11 -3.48 -17 -11 -3.45 -16.5 -11 -3.42 -16 -11 -3.38 -15.5 -11 -3.35 -15 -11 -3.32 -14.5 -11 -3.28 -14 -11 -3.25 -13.5 -11 -3.21 -13 -11 -3.18 -12.5 -11 -3.15 -12 -11 -3.11 -11.5 -11 -3.08 -11 -11 -3.05 -10.5 -11 -3.01 -10 -11.5 -2.99 -10 -11 -2.98 -9.5 -11.5 -1.4 -9.5 -11 -2.95 2.5 -11 -2.14 2 -11 -2.17 3 -11 -2.1 3.5 -11 -2.07 4 -11 -2.04 4.5 -11 -2 5 -11 -1.97 5.5 -11 -1.94 6 -11 -1.9 6.5 -11 -1.87 7 -11 -1.83 7.5 -11 -1.8 8 -11 -1.77 8.5 -11 -1.73 9 -11 -1.7 9.5 -11 -1.67 10 -11 -1.63 10.5 -11 -1.6 11 -11 -1.57 11.5 -11 -1.53 12 -11 -1.5 12.5 -11 -1.46 13 -11 -1.43 13.5 -11 -1.4 14 -11 -1.36 14.5 -11 -1.33 15 -11 -1.3 15.5 -11 -1.26 16 -11 -1.23 16.5 -11 -1.2 17 -11 -1.16 17.5 -11 -1.13 18 -11 -1.09 18.5 -11 -1.06 19 -11 -1.03 19.5 -11 -0.99 20 -11 -0.96 20.5 -11 -0.93 21 -11 -0.89 21.5 -11 -0.86 22 -11 -0.82 22.5 -11 -0.79 23 -11 -0.76 23.5 -11 -0.72 24 -11 -0.69 24.5 -11 -0.66 25 -11 -0.62 25.5 -11 -0.59 26 -11 -0.56 26.5 -11 -0.52 27 -11 -0.49 27.5 -11 -0.45 28 -11 -0.42 28.5 -11 -0.39 29 -11 -0.35 29.5 -11 -0.32 30 -11 -0.29 30.5 -11 -0.25 31 -11 -0.22 31.5 -11 -0.19 32 -11 -0.15 32.5 -11 -0.12 33 -11 -0.08 33.5 -11 -0.05 34 -11 -0.02 34.5 -11 0.02 35 -11 0.05 35.5 -11 0.08 36 -11 0.12 36.5 -11 0.15 37 -11 0.19 37.5 -11 0.22 38 -11 0.25 38.5 -11 0.29 39 -11 0.32 39.5 -11 0.35 40 -11 0.39 40.5 -11 0.42 41 -11 0.45 41.5 -11 0.49 42 -11 0.52 -29.5 -10.5 -4.29 -30 -10.5 -4.32 -29 -10.5 -4.25 -28.5 -10.5 -4.22 -28 -10.5 -4.19 -27.5 -10.5 -4.15 -27 -10.5 -4.12 -26.5 -10.5 -4.08 -26 -10.5 -4.05 -25.5 -10.5 -4.02 -25 -10.5 -3.98 -24.5 -10.5 -3.95 -24 -10.5 -3.92 -23.5 -10.5 -3.88 -23 -10.5 -3.85 -22.5 -10.5 -3.81 -22 -10.5 -3.78 -21.5 -10.5 -3.75 -21 -10.5 -3.71 -20.5 -10.5 -3.68 -20 -10.5 -3.65 -19.5 -10.5 -3.61 -19 -10.5 -3.58 -18.5 -10.5 -3.55 -18 -10.5 -3.51 -17.5 -10.5 -3.48 -17 -10.5 -3.44 -16.5 -10.5 -3.41 -16 -10.5 -3.38 -15.5 -10.5 -3.34 -15 -10.5 -3.31 -14.5 -10.5 -3.28 -14 -10.5 -3.24 -13.5 -10.5 -3.21 -13 -10.5 -3.18 -12.5 -10.5 -3.14 -12 -10.5 -3.11 -11.5 -10.5 -3.07 -11 -10.5 -3.04 -10.5 -10.5 -3.01 -10 -10.5 -2.97 -9.5 -10.5 -2.94 -9 -11 -2.91 -9 -10.5 -2.91 -8.5 -11 -1.37 -8.5 -10.5 -2.87 2.5 -10.5 -2.13 2 -10.5 -2.17 3 -10.5 -2.1 3.5 -10.5 -2.06 4 -10.5 -2.03 4.5 -10.5 -2 5 -10.5 -1.96 5.5 -10.5 -1.93 6 -10.5 -1.9 6.5 -10.5 -1.86 7 -10.5 -1.83 7.5 -10.5 -1.8 8 -10.5 -1.76 8.5 -10.5 -1.73 9 -10.5 -1.69 9.5 -10.5 -1.66 10 -10.5 -1.63 10.5 -10.5 -1.59 11 -10.5 -1.56 11.5 -10.5 -1.53 12 -10.5 -1.49 12.5 -10.5 -1.46 13 -10.5 -1.42 13.5 -10.5 -1.39 14 -10.5 -1.36 14.5 -10.5 -1.32 15 -10.5 -1.29 15.5 -10.5 -1.26 16 -10.5 -1.22 16.5 -10.5 -1.19 17 -10.5 -1.16 17.5 -10.5 -1.12 18 -10.5 -1.09 18.5 -10.5 -1.05 19 -10.5 -1.02 19.5 -10.5 -0.99 20 -10.5 -0.95 20.5 -10.5 -0.92 21 -10.5 -0.89 21.5 -10.5 -0.85 22 -10.5 -0.82 22.5 -10.5 -0.79 23 -10.5 -0.75 23.5 -10.5 -0.72 24 -10.5 -0.68 24.5 -10.5 -0.65 25 -10.5 -0.62 25.5 -10.5 -0.58 26 -10.5 -0.55 26.5 -10.5 -0.52 27 -10.5 -0.48 27.5 -10.5 -0.45 28 -10.5 -0.41 28.5 -10.5 -0.38 29 -10.5 -0.35 29.5 -10.5 -0.31 30 -10.5 -0.28 30.5 -10.5 -0.25 31 -10.5 -0.21 31.5 -10.5 -0.18 32 -10.5 -0.15 32.5 -10.5 -0.11 33 -10.5 -0.08 33.5 -10.5 -0.04 34 -10.5 -0.01 34.5 -10.5 0.02 35 -10.5 0.06 35.5 -10.5 0.09 36 -10.5 0.12 36.5 -10.5 0.16 37 -10.5 0.19 37.5 -10.5 0.22 38 -10.5 0.26 38.5 -10.5 0.29 39 -10.5 0.33 39.5 -10.5 0.36 40 -10.5 0.39 40.5 -10.5 0.43 41 -10.5 0.46 41.5 -10.5 0.49 42 -10.5 0.53 -29.5 -10 -4.28 -30 -10 -4.31 -29 -10 -4.25 -28.5 -10 -4.21 -28 -10 -4.18 -27.5 -10 -4.15 -27 -10 -4.11 -26.5 -10 -4.08 -26 -10 -4.04 -25.5 -10 -4.01 -25 -10 -3.98 -24.5 -10 -3.94 -24 -10 -3.91 -23.5 -10 -3.88 -23 -10 -3.84 -22.5 -10 -3.81 -22 -10 -3.78 -21.5 -10 -3.74 -21 -10 -3.71 -20.5 -10 -3.67 -20 -10 -3.64 -19.5 -10 -3.61 -19 -10 -3.57 -18.5 -10 -3.54 -18 -10 -3.51 -17.5 -10 -3.47 -17 -10 -3.44 -16.5 -10 -3.4 -16 -10 -3.37 -15.5 -10 -3.34 -15 -10 -3.3 -14.5 -10 -3.27 -14 -10 -3.24 -13.5 -10 -3.2 -13 -10 -3.17 -12.5 -10 -3.14 -12 -10 -3.1 -11.5 -10 -3.07 -11 -10 -3.03 -10.5 -10 -3 -10 -10 -2.97 -9.5 -10 -2.93 -9 -10 -2.9 -8.5 -10 -2.87 -8 -10.5 -2.84 -8 -10 -2.83 -7.5 -10.5 -1.33 -7.5 -10 -2.8 2.5 -10 -2.13 2 -10 -2.16 3 -10 -2.09 3.5 -10 -2.06 4 -10 -2.02 4.5 -10 -1.99 5 -10 -1.96 5.5 -10 -1.92 6 -10 -1.89 6.5 -10 -1.86 7 -10 -1.82 7.5 -10 -1.79 8 -10 -1.76 8.5 -10 -1.72 9 -10 -1.69 9.5 -10 -1.65 10 -10 -1.62 10.5 -10 -1.59 11 -10 -1.55 11.5 -10 -1.52 12 -10 -1.49 12.5 -10 -1.45 13 -10 -1.42 13.5 -10 -1.39 14 -10 -1.35 14.5 -10 -1.32 15 -10 -1.28 15.5 -10 -1.25 16 -10 -1.22 16.5 -10 -1.18 17 -10 -1.15 17.5 -10 -1.12 18 -10 -1.08 18.5 -10 -1.05 19 -10 -1.01 19.5 -10 -0.98 20 -10 -0.95 20.5 -10 -0.91 21 -10 -0.88 21.5 -10 -0.85 22 -10 -0.81 22.5 -10 -0.78 23 -10 -0.75 23.5 -10 -0.71 24 -10 -0.68 24.5 -10 -0.64 25 -10 -0.61 25.5 -10 -0.58 26 -10 -0.54 26.5 -10 -0.51 27 -10 -0.48 27.5 -10 -0.44 28 -10 -0.41 28.5 -10 -0.38 29 -10 -0.34 29.5 -10 -0.31 30 -10 -0.27 30.5 -10 -0.24 31 -10 -0.21 31.5 -10 -0.17 32 -10 -0.14 32.5 -10 -0.11 33 -10 -0.07 33.5 -10 -0.04 34 -10 0 34.5 -10 0.03 35 -10 0.06 35.5 -10 0.1 36 -10 0.13 36.5 -10 0.16 37 -10 0.2 37.5 -10 0.23 38 -10 0.26 38.5 -10 0.3 39 -10 0.33 39.5 -10 0.37 40 -10 0.4 40.5 -10 0.43 41 -10 0.47 41.5 -10 0.5 42 -10 0.53 -29.5 -9.5 -4.27 -30 -9.5 -4.31 -29 -9.5 -4.24 -28.5 -9.5 -4.21 -28 -9.5 -4.17 -27.5 -9.5 -4.14 -27 -9.5 -4.11 -26.5 -9.5 -4.07 -26 -9.5 -4.04 -25.5 -9.5 -4 -25 -9.5 -3.97 -24.5 -9.5 -3.94 -24 -9.5 -3.9 -23.5 -9.5 -3.87 -23 -9.5 -3.84 -22.5 -9.5 -3.8 -22 -9.5 -3.77 -21.5 -9.5 -3.74 -21 -9.5 -3.7 -20.5 -9.5 -3.67 -20 -9.5 -3.63 -19.5 -9.5 -3.6 -19 -9.5 -3.57 -18.5 -9.5 -3.53 -18 -9.5 -3.5 -17.5 -9.5 -3.47 -17 -9.5 -3.43 -16.5 -9.5 -3.4 -16 -9.5 -3.37 -15.5 -9.5 -3.33 -15 -9.5 -3.3 -14.5 -9.5 -3.26 -14 -9.5 -3.23 -13.5 -9.5 -3.2 -13 -9.5 -3.16 -12.5 -9.5 -3.13 -12 -9.5 -3.1 -11.5 -9.5 -3.06 -11 -9.5 -3.03 -10.5 -9.5 -3 -10 -9.5 -2.96 -9.5 -9.5 -2.93 -9 -9.5 -2.89 -8.5 -9.5 -2.86 -8 -9.5 -2.83 -7.5 -9.5 -2.79 -7 -10 -2.77 -7 -9.5 -1.16 -6.5 -10 -1.1 -6.5 -9.5 -1.16 2.5 -9.5 -1.32 2 -9.5 -1.32 3 -9.5 -1.32 3.5 -9.5 -1.32 4 -9.5 -1.32 4.5 -9.5 -1.34 5 -9.5 -1.34 5.5 -9.5 -1.34 6 -9.5 -1.34 6.5 -9.5 -1.85 7 -9.5 -1.82 7.5 -9.5 -1.78 8 -9.5 -1.34 8.5 -9.5 -1.34 9 -9.5 -1.34 9.5 -9.5 -1.57 10 -9.5 -1.61 10.5 -9.5 -1.58 11 -9.5 -1.55 11.5 -9.5 -1.51 12 -9.5 -1.48 12.5 -9.5 -1.45 13 -9.5 -1.41 13.5 -9.5 -1.38 14 -9.5 -1.35 14.5 -9.5 -1.31 15 -9.5 -1.28 15.5 -9.5 -1.24 16 -9.5 -1.21 16.5 -9.5 -1.18 17 -9.5 -1.14 17.5 -9.5 -1.11 18 -9.5 -1.08 18.5 -9.5 -1.04 19 -9.5 -1.01 19.5 -9.5 -0.98 20 -9.5 -0.94 20.5 -9.5 -0.91 21 -9.5 -0.87 21.5 -9.5 -0.84 22 -9.5 -0.81 22.5 -9.5 -0.77 23 -9.5 -0.74 23.5 -9.5 -0.71 24 -9.5 -0.67 24.5 -9.5 -0.64 25 -9.5 -0.6 25.5 -9.5 -0.57 26 -9.5 -0.54 26.5 -9.5 -0.5 27 -9.5 -0.47 27.5 -9.5 -0.44 28 -9.5 -0.4 28.5 -9.5 -0.37 29 -9.5 -0.34 29.5 -9.5 -0.3 30 -9.5 -0.27 30.5 -9.5 -0.23 31 -9.5 -0.2 31.5 -9.5 -0.17 32 -9.5 -0.13 32.5 -9.5 -0.1 33 -9.5 -0.07 33.5 -9.5 -0.03 34 -9.5 0 34.5 -9.5 0.03 35 -9.5 0.07 35.5 -9.5 0.1 36 -9.5 0.14 36.5 -9.5 0.17 37 -9.5 0.2 37.5 -9.5 0.24 38 -9.5 0.27 38.5 -9.5 0.3 39 -9.5 0.34 39.5 -9.5 0.37 40 -9.5 0.41 40.5 -9.5 0.44 41 -9.5 0.47 41.5 -9.5 0.51 42 -9.5 0.54 -29.5 -9 -4.27 -30 -9 -4.3 -29 -9 -4.23 -28.5 -9 -4.2 -28 -9 -4.17 -27.5 -9 -4.13 -27 -9 -4.1 -26.5 -9 -4.07 -26 -9 -4.03 -25.5 -9 -4 -25 -9 -3.97 -24.5 -9 -3.93 -24 -9 -3.9 -23.5 -9 -3.86 -23 -9 -3.83 -22.5 -9 -3.8 -22 -9 -3.76 -21.5 -9 -3.73 -21 -9 -3.7 -20.5 -9 -3.66 -20 -9 -3.63 -19.5 -9 -3.59 -19 -9 -3.56 -18.5 -9 -3.53 -18 -9 -3.49 -17.5 -9 -3.46 -17 -9 -3.43 -16.5 -9 -3.39 -16 -9 -3.36 -15.5 -9 -3.33 -15 -9 -3.29 -14.5 -9 -3.26 -14 -9 -3.22 -13.5 -9 -3.19 -13 -9 -3.16 -12.5 -9 -3.12 -12 -9 -3.09 -11.5 -9 -3.06 -11 -9 -3.02 -10.5 -9 -2.99 -10 -9 -2.96 -9.5 -9 -2.92 -9 -9 -2.89 -8.5 -9 -2.85 -8 -9 -2.82 -7.5 -9 -2.79 -7 -9 -1.22 7 -9 -1.32 6.5 -9 -1.32 7.5 -9 -1.32 8 -9 -1.32 11 -9 -1.54 10.5 -9 -1.56 11.5 -9 -1.51 12 -9 -1.47 12.5 -9 -1.44 13 -9 -1.41 13.5 -9 -1.37 14 -9 -1.34 14.5 -9 -1.31 15 -9 -1.27 15.5 -9 -1.24 16 -9 -1.2 16.5 -9 -1.17 17 -9 -1.14 17.5 -9 -1.1 18 -9 -1.07 18.5 -9 -1.04 19 -9 -1 19.5 -9 -0.97 20 -9 -0.94 20.5 -9 -0.9 21 -9 -0.87 21.5 -9 -0.83 22 -9 -0.8 22.5 -9 -0.77 23 -9 -0.73 23.5 -9 -0.7 24 -9 -0.67 24.5 -9 -0.63 25 -9 -0.6 25.5 -9 -0.57 26 -9 -0.53 26.5 -9 -0.5 27 -9 -0.46 27.5 -9 -0.43 28 -9 -0.4 28.5 -9 -0.36 29 -9 -0.33 29.5 -9 -0.3 30 -9 -0.26 30.5 -9 -0.23 31 -9 -0.19 31.5 -9 -0.16 32 -9 -0.13 32.5 -9 -0.09 33 -9 -0.06 33.5 -9 -0.03 34 -9 0.01 34.5 -9 0.04 35 -9 0.07 35.5 -9 0.11 36 -9 0.14 36.5 -9 0.18 37 -9 0.21 37.5 -9 0.24 38 -9 0.28 38.5 -9 0.31 39 -9 0.34 39.5 -9 0.38 40 -9 0.41 40.5 -9 0.44 41 -9 0.48 41.5 -9 0.51 42 -9 0.55 -29.5 -8.5 -4.26 -30 -8.5 -4.3 -29 -8.5 -4.23 -28.5 -8.5 -4.19 -28 -8.5 -4.16 -27.5 -8.5 -4.13 -27 -8.5 -4.09 -26.5 -8.5 -4.06 -26 -8.5 -4.03 -25.5 -8.5 -3.99 -25 -8.5 -3.96 -24.5 -8.5 -3.93 -24 -8.5 -3.89 -23.5 -8.5 -3.86 -23 -8.5 -3.82 -22.5 -8.5 -3.79 -22 -8.5 -3.76 -21.5 -8.5 -3.72 -21 -8.5 -3.69 -20.5 -8.5 -3.66 -20 -8.5 -3.62 -19.5 -8.5 -3.59 -19 -8.5 -3.56 -18.5 -8.5 -3.52 -18 -8.5 -3.49 -17.5 -8.5 -3.45 -17 -8.5 -3.42 -16.5 -8.5 -3.39 -16 -8.5 -3.35 -15.5 -8.5 -3.32 -15 -8.5 -3.29 -14.5 -8.5 -3.25 -14 -8.5 -3.22 -13.5 -8.5 -3.18 -13 -8.5 -3.15 -12.5 -8.5 -3.12 -12 -8.5 -3.08 -11.5 -8.5 -3.05 -11 -8.5 -3.02 -10.5 -8.5 -2.98 -10 -8.5 -2.95 -9.5 -8.5 -2.92 -9 -8.5 -2.88 -8.5 -8.5 -2.85 -8 -8.5 -2.81 -7.5 -8.5 -2.78 -7 -8.5 -1.28 11.5 -8.5 -1.5 11 -8.5 -1.44 12 -8.5 -1.47 12.5 -8.5 -1.43 13 -8.5 -1.4 13.5 -8.5 -1.37 14 -8.5 -1.33 14.5 -8.5 -1.3 15 -8.5 -1.27 15.5 -8.5 -1.23 16 -8.5 -1.2 16.5 -8.5 -1.17 17 -8.5 -1.13 17.5 -8.5 -1.1 18 -8.5 -1.06 18.5 -8.5 -1.03 19 -8.5 -1 19.5 -8.5 -0.96 20 -8.5 -0.93 20.5 -8.5 -0.9 21 -8.5 -0.86 21.5 -8.5 -0.83 22 -8.5 -0.79 22.5 -8.5 -0.76 23 -8.5 -0.73 23.5 -8.5 -0.69 24 -8.5 -0.66 24.5 -8.5 -0.63 25 -8.5 -0.59 25.5 -8.5 -0.56 26 -8.5 -0.53 26.5 -8.5 -0.49 27 -8.5 -0.46 27.5 -8.5 -0.42 28 -8.5 -0.39 28.5 -8.5 -0.36 29 -8.5 -0.32 29.5 -8.5 -0.29 30 -8.5 -0.26 30.5 -8.5 -0.22 31 -8.5 -0.19 31.5 -8.5 -0.16 32 -8.5 -0.12 32.5 -8.5 -0.09 33 -8.5 -0.05 33.5 -8.5 -0.02 34 -8.5 0.01 34.5 -8.5 0.05 35 -8.5 0.08 35.5 -8.5 0.11 36 -8.5 0.15 36.5 -8.5 0.18 37 -8.5 0.22 37.5 -8.5 0.25 38 -8.5 0.28 38.5 -8.5 0.32 39 -8.5 0.35 39.5 -8.5 0.38 40 -8.5 0.42 40.5 -8.5 0.45 41 -8.5 0.48 41.5 -8.5 0.52 42 -8.5 0.55 -29.5 -8 -4.26 -30 -8 -4.29 -29 -8 -4.22 -28.5 -8 -4.19 -28 -8 -4.16 -27.5 -8 -4.12 -27 -8 -4.09 -26.5 -8 -4.05 -26 -8 -4.02 -25.5 -8 -3.99 -25 -8 -3.95 -24.5 -8 -3.92 -24 -8 -3.89 -23.5 -8 -3.85 -23 -8 -3.82 -22.5 -8 -3.78 -22 -8 -3.75 -21.5 -8 -3.72 -21 -8 -3.68 -20.5 -8 -3.65 -20 -8 -3.62 -19.5 -8 -3.58 -19 -8 -3.55 -18.5 -8 -3.52 -18 -8 -3.48 -17.5 -8 -3.45 -17 -8 -3.41 -16.5 -8 -3.38 -16 -8 -3.35 -15.5 -8 -3.31 -15 -8 -3.28 -14.5 -8 -3.25 -14 -8 -3.21 -13.5 -8 -3.18 -13 -8 -3.15 -12.5 -8 -3.11 -12 -8 -3.08 -11.5 -8 -3.04 -11 -8 -3.01 -10.5 -8 -2.98 -10 -8 -2.94 -9.5 -8 -2.91 -9 -8 -2.88 -8.5 -8 -2.84 -8 -8 -2.81 -7.5 -8 -1.33 -7 -8 -1.33 12.5 -8 -1.43 12 -8 -1.42 13 -8 -1.39 13.5 -8 -1.36 14 -8 -1.33 14.5 -8 -1.29 15 -8 -1.26 15.5 -8 -1.23 16 -8 -1.19 16.5 -8 -1.16 17 -8 -1.13 17.5 -8 -1.09 18 -8 -1.06 18.5 -8 -1.02 19 -8 -0.99 19.5 -8 -0.96 20 -8 -0.92 20.5 -8 -0.89 21 -8 -0.86 21.5 -8 -0.82 22 -8 -0.79 22.5 -8 -0.76 23 -8 -0.72 23.5 -8 -0.69 24 -8 -0.65 24.5 -8 -0.62 25 -8 -0.59 25.5 -8 -0.55 26 -8 -0.52 26.5 -8 -0.49 27 -8 -0.45 27.5 -8 -0.42 28 -8 -0.38 28.5 -8 -0.35 29 -8 -0.32 29.5 -8 -0.28 30 -8 -0.25 30.5 -8 -0.22 31 -8 -0.18 31.5 -8 -0.15 32 -8 -0.12 32.5 -8 -0.08 33 -8 -0.05 33.5 -8 -0.01 34 -8 0.02 34.5 -8 0.05 35 -8 0.09 35.5 -8 0.12 36 -8 0.15 36.5 -8 0.19 37 -8 0.22 37.5 -8 0.25 38 -8 0.29 38.5 -8 0.32 39 -8 0.36 39.5 -8 0.39 40 -8 0.42 40.5 -8 0.46 41 -8 0.49 41.5 -8 0.52 42 -8 0.56 -29.5 -7.5 -4.25 -30 -7.5 -4.28 -29 -7.5 -4.22 -28.5 -7.5 -4.18 -28 -7.5 -4.15 -27.5 -7.5 -4.12 -27 -7.5 -4.08 -26.5 -7.5 -4.05 -26 -7.5 -4.01 -25.5 -7.5 -3.98 -25 -7.5 -3.95 -24.5 -7.5 -3.91 -24 -7.5 -3.88 -23.5 -7.5 -3.85 -23 -7.5 -3.81 -22.5 -7.5 -3.78 -22 -7.5 -3.75 -21.5 -7.5 -3.71 -21 -7.5 -3.68 -20.5 -7.5 -3.64 -20 -7.5 -3.61 -19.5 -7.5 -3.58 -19 -7.5 -3.54 -18.5 -7.5 -3.51 -18 -7.5 -3.48 -17.5 -7.5 -3.44 -17 -7.5 -3.41 -16.5 -7.5 -3.37 -16 -7.5 -3.34 -15.5 -7.5 -3.31 -15 -7.5 -3.27 -14.5 -7.5 -3.24 -14 -7.5 -3.21 -13.5 -7.5 -3.17 -13 -7.5 -3.14 -12.5 -7.5 -3.11 -12 -7.5 -3.07 -11.5 -7.5 -3.04 -11 -7.5 -3 -10.5 -7.5 -2.97 -10 -7.5 -2.94 -9.5 -7.5 -2.9 -9 -7.5 -2.87 -8.5 -7.5 -2.84 -8 -7.5 -2.8 -7.5 -7.5 -1.39 13 -7.5 -1.39 12.5 -7.5 -1.3 13.5 -7.5 -1.36 14 -7.5 -1.32 14.5 -7.5 -1.29 15 -7.5 -1.25 15.5 -7.5 -1.22 16 -7.5 -1.19 16.5 -7.5 -1.15 17 -7.5 -1.12 17.5 -7.5 -1.09 18 -7.5 -1.05 18.5 -7.5 -1.02 19 -7.5 -0.98 19.5 -7.5 -0.95 20 -7.5 -0.92 20.5 -7.5 -0.88 21 -7.5 -0.85 21.5 -7.5 -0.82 22 -7.5 -0.78 22.5 -7.5 -0.75 23 -7.5 -0.72 23.5 -7.5 -0.68 24 -7.5 -0.65 24.5 -7.5 -0.61 25 -7.5 -0.58 25.5 -7.5 -0.55 26 -7.5 -0.51 26.5 -7.5 -0.48 27 -7.5 -0.45 27.5 -7.5 -0.41 28 -7.5 -0.38 28.5 -7.5 -0.35 29 -7.5 -0.31 29.5 -7.5 -0.28 30 -7.5 -0.24 30.5 -7.5 -0.21 31 -7.5 -0.18 31.5 -7.5 -0.14 32 -7.5 -0.11 32.5 -7.5 -0.08 33 -7.5 -0.04 33.5 -7.5 -0.01 34 -7.5 0.03 34.5 -7.5 0.06 35 -7.5 0.09 35.5 -7.5 0.13 36 -7.5 0.16 36.5 -7.5 0.19 37 -7.5 0.23 37.5 -7.5 0.26 38 -7.5 0.29 38.5 -7.5 0.33 39 -7.5 0.36 39.5 -7.5 0.4 40 -7.5 0.43 40.5 -7.5 0.46 41 -7.5 0.5 41.5 -7.5 0.53 42 -7.5 0.56 -29.5 -7 -4.24 -30 -7 -4.28 -29 -7 -4.21 -28.5 -7 -4.18 -28 -7 -4.14 -27.5 -7 -4.11 -27 -7 -4.08 -26.5 -7 -4.04 -26 -7 -4.01 -25.5 -7 -3.97 -25 -7 -3.94 -24.5 -7 -3.91 -24 -7 -3.87 -23.5 -7 -3.84 -23 -7 -3.81 -22.5 -7 -3.77 -22 -7 -3.74 -21.5 -7 -3.71 -21 -7 -3.67 -20.5 -7 -3.64 -20 -7 -3.6 -19.5 -7 -3.57 -19 -7 -3.54 -18.5 -7 -3.5 -18 -7 -3.47 -17.5 -7 -3.44 -17 -7 -3.4 -16.5 -7 -3.37 -16 -7 -3.34 -15.5 -7 -3.3 -15 -7 -3.27 -14.5 -7 -3.23 -14 -7 -3.2 -13.5 -7 -3.17 -13 -7 -3.13 -12.5 -7 -3.1 -12 -7 -3.07 -11.5 -7 -3.03 -11 -7 -3 -10.5 -7 -2.97 -10 -7 -2.93 -9.5 -7 -2.9 -9 -7 -2.86 -8.5 -7 -2.83 -8 -7 -2.8 -7.5 -7 -1.45 14 -7 -1.32 13.5 -7 -1.27 14.5 -7 -1.28 15 -7 -1.25 15.5 -7 -1.21 16 -7 -1.18 16.5 -7 -1.15 17 -7 -1.11 17.5 -7 -1.08 18 -7 -1.05 18.5 -7 -1.01 19 -7 -0.98 19.5 -7 -0.95 20 -7 -0.91 20.5 -7 -0.88 21 -7 -0.84 21.5 -7 -0.81 22 -7 -0.78 22.5 -7 -0.74 23 -7 -0.71 23.5 -7 -0.68 24 -7 -0.64 24.5 -7 -0.61 25 -7 -0.57 25.5 -7 -0.54 26 -7 -0.51 26.5 -7 -0.47 27 -7 -0.44 27.5 -7 -0.41 28 -7 -0.37 28.5 -7 -0.34 29 -7 -0.31 29.5 -7 -0.27 30 -7 -0.24 30.5 -7 -0.2 31 -7 -0.17 31.5 -7 -0.14 32 -7 -0.1 32.5 -7 -0.07 33 -7 -0.04 33.5 -7 0 34 -7 0.03 34.5 -7 0.06 35 -7 0.1 35.5 -7 0.13 36 -7 0.17 36.5 -7 0.2 37 -7 0.23 37.5 -7 0.27 38 -7 0.3 38.5 -7 0.33 39 -7 0.37 39.5 -7 0.4 40 -7 0.44 40.5 -7 0.47 41 -7 0.5 41.5 -7 0.54 42 -7 0.57 -29.5 -6.5 -4.24 -30 -6.5 -4.27 -29 -6.5 -4.2 -28.5 -6.5 -4.17 -28 -6.5 -4.14 -27.5 -6.5 -4.1 -27 -6.5 -4.07 -26.5 -6.5 -4.04 -26 -6.5 -4 -25.5 -6.5 -3.97 -25 -6.5 -3.94 -24.5 -6.5 -3.9 -24 -6.5 -3.87 -23.5 -6.5 -3.83 -23 -6.5 -3.8 -22.5 -6.5 -3.77 -22 -6.5 -3.73 -21.5 -6.5 -3.7 -21 -6.5 -3.67 -20.5 -6.5 -3.63 -20 -6.5 -3.6 -19.5 -6.5 -3.56 -19 -6.5 -3.53 -18.5 -6.5 -3.5 -18 -6.5 -3.46 -17.5 -6.5 -3.43 -17 -6.5 -3.4 -16.5 -6.5 -3.36 -16 -6.5 -3.33 -15.5 -6.5 -3.3 -15 -6.5 -3.26 -14.5 -6.5 -3.23 -14 -6.5 -3.19 -13.5 -6.5 -3.16 -13 -6.5 -3.13 -12.5 -6.5 -3.09 -12 -6.5 -3.06 -11.5 -6.5 -3.03 -11 -6.5 -2.99 -10.5 -6.5 -2.96 -10 -6.5 -2.93 -9.5 -6.5 -2.89 -9 -6.5 -2.86 -8.5 -6.5 -2.82 -8 -6.5 -2.79 -7.5 -6.5 -1.51 14.5 -6.5 -1.28 14 -6.5 -1.17 15 -6.5 -1.24 15.5 -6.5 -1.21 16 -6.5 -1.17 16.5 -6.5 -1.14 17 -6.5 -1.11 17.5 -6.5 -1.07 18 -6.5 -1.04 18.5 -6.5 -1.01 19 -6.5 -0.97 19.5 -6.5 -0.94 20 -6.5 -0.91 20.5 -6.5 -0.87 21 -6.5 -0.84 21.5 -6.5 -0.8 22 -6.5 -0.77 22.5 -6.5 -0.74 23 -6.5 -0.7 23.5 -6.5 -0.67 24 -6.5 -0.64 24.5 -6.5 -0.6 25 -6.5 -0.57 25.5 -6.5 -0.54 26 -6.5 -0.5 26.5 -6.5 -0.47 27 -6.5 -0.43 27.5 -6.5 -0.4 28 -6.5 -0.37 28.5 -6.5 -0.33 29 -6.5 -0.3 29.5 -6.5 -0.27 30 -6.5 -0.23 30.5 -6.5 -0.2 31 -6.5 -0.16 31.5 -6.5 -0.13 32 -6.5 -0.1 32.5 -6.5 -0.06 33 -6.5 -0.03 33.5 -6.5 0 34 -6.5 0.04 34.5 -6.5 0.07 35 -6.5 0.1 35.5 -6.5 0.14 36 -6.5 0.17 36.5 -6.5 0.21 37 -6.5 0.24 37.5 -6.5 0.27 38 -6.5 0.31 38.5 -6.5 0.34 39 -6.5 0.37 39.5 -6.5 0.41 40 -6.5 0.44 40.5 -6.5 0.47 41 -6.5 0.51 41.5 -6.5 0.54 42 -6.5 0.58 -29.5 -6 -4.23 -30 -6 -4.27 -29 -6 -4.2 -28.5 -6 -4.16 -28 -6 -4.13 -27.5 -6 -4.1 -27 -6 -4.06 -26.5 -6 -4.03 -26 -6 -4 -25.5 -6 -3.96 -25 -6 -3.93 -24.5 -6 -3.9 -24 -6 -3.86 -23.5 -6 -3.83 -23 -6 -3.79 -22.5 -6 -3.76 -22 -6 -3.73 -21.5 -6 -3.69 -21 -6 -3.66 -20.5 -6 -3.63 -20 -6 -3.59 -19.5 -6 -3.56 -19 -6 -3.53 -18.5 -6 -3.49 -18 -6 -3.46 -17.5 -6 -3.42 -17 -6 -3.39 -16.5 -6 -3.36 -16 -6 -3.32 -15.5 -6 -3.29 -15 -6 -3.26 -14.5 -6 -3.22 -14 -6 -3.19 -13.5 -6 -3.15 -13 -6 -3.12 -12.5 -6 -3.09 -12 -6 -3.05 -11.5 -6 -3.02 -11 -6 -2.99 -10.5 -6 -2.95 -10 -6 -2.92 -9.5 -6 -2.89 -9 -6 -2.85 -8.5 -6 -2.82 -8 -6 -1.57 -7.5 -6 -1.57 15 -6 -1.14 14.5 -6 -1.16 15.5 -6 -1.2 16 -6 -1.17 16.5 -6 -1.14 17 -6 -1.1 17.5 -6 -1.07 18 -6 -1.03 18.5 -6 -1 19 -6 -0.97 19.5 -6 -0.93 20 -6 -0.9 20.5 -6 -0.87 21 -6 -0.83 21.5 -6 -0.8 22 -6 -0.76 22.5 -6 -0.73 23 -6 -0.7 23.5 -6 -0.66 24 -6 -0.63 24.5 -6 -0.6 25 -6 -0.56 25.5 -6 -0.53 26 -6 -0.5 26.5 -6 -0.46 27 -6 -0.43 27.5 -6 -0.39 28 -6 -0.36 28.5 -6 -0.33 29 -6 -0.29 29.5 -6 -0.26 30 -6 -0.23 30.5 -6 -0.19 31 -6 -0.16 31.5 -6 -0.13 32 -6 -0.09 32.5 -6 -0.06 33 -6 -0.02 33.5 -6 0.01 34 -6 0.04 34.5 -6 0.08 35 -6 0.11 35.5 -6 0.14 36 -6 0.18 36.5 -6 0.21 37 -6 0.25 37.5 -6 0.28 38 -6 0.31 38.5 -6 0.35 39 -6 0.38 39.5 -6 0.41 40 -6 0.45 40.5 -6 0.48 41 -6 0.51 41.5 -6 0.55 42 -6 0.58 -29.5 -5.5 -4.23 -30 -5.5 -4.26 -29 -5.5 -4.19 -28.5 -5.5 -4.16 -28 -5.5 -4.13 -27.5 -5.5 -4.09 -27 -5.5 -4.06 -26.5 -5.5 -4.02 -26 -5.5 -3.99 -25.5 -5.5 -3.96 -25 -5.5 -3.92 -24.5 -5.5 -3.89 -24 -5.5 -3.86 -23.5 -5.5 -3.82 -23 -5.5 -3.79 -22.5 -5.5 -3.75 -22 -5.5 -3.72 -21.5 -5.5 -3.69 -21 -5.5 -3.65 -20.5 -5.5 -3.62 -20 -5.5 -3.59 -19.5 -5.5 -3.55 -19 -5.5 -3.52 -18.5 -5.5 -3.49 -18 -5.5 -3.45 -17.5 -5.5 -3.42 -17 -5.5 -3.38 -16.5 -5.5 -3.35 -16 -5.5 -3.32 -15.5 -5.5 -3.28 -15 -5.5 -3.25 -14.5 -5.5 -3.22 -14 -5.5 -3.18 -13.5 -5.5 -3.15 -13 -5.5 -3.12 -12.5 -5.5 -3.08 -12 -5.5 -3.05 -11.5 -5.5 -3.01 -11 -5.5 -2.98 -10.5 -5.5 -2.95 -10 -5.5 -2.91 -9.5 -5.5 -2.88 -9 -5.5 -2.85 -8.5 -5.5 -2.81 -8 -5.5 -1.63 16 -5.5 -1.16 15.5 -5.5 -1.2 16.5 -5.5 -1.13 17 -5.5 -1.1 17.5 -5.5 -1.06 18 -5.5 -1.03 18.5 -5.5 -0.99 19 -5.5 -0.96 19.5 -5.5 -0.93 20 -5.5 -0.89 20.5 -5.5 -0.86 21 -5.5 -0.83 21.5 -5.5 -0.79 22 -5.5 -0.76 22.5 -5.5 -0.73 23 -5.5 -0.69 23.5 -5.5 -0.66 24 -5.5 -0.62 24.5 -5.5 -0.59 25 -5.5 -0.56 25.5 -5.5 -0.52 26 -5.5 -0.49 26.5 -5.5 -0.46 27 -5.5 -0.42 27.5 -5.5 -0.39 28 -5.5 -0.35 28.5 -5.5 -0.32 29 -5.5 -0.29 29.5 -5.5 -0.25 30 -5.5 -0.22 30.5 -5.5 -0.19 31 -5.5 -0.15 31.5 -5.5 -0.12 32 -5.5 -0.09 32.5 -5.5 -0.05 33 -5.5 -0.02 33.5 -5.5 0.02 34 -5.5 0.05 34.5 -5.5 0.08 35 -5.5 0.12 35.5 -5.5 0.15 36 -5.5 0.18 36.5 -5.5 0.22 37 -5.5 0.25 37.5 -5.5 0.28 38 -5.5 0.32 38.5 -5.5 0.35 39 -5.5 0.39 39.5 -5.5 0.42 40 -5.5 0.45 40.5 -5.5 0.49 41 -5.5 0.52 41.5 -5.5 0.55 42 -5.5 0.59 -29.5 -5 -4.22 -30 -5 -4.25 -29 -5 -4.19 -28.5 -5 -4.15 -28 -5 -4.12 -27.5 -5 -4.09 -27 -5 -4.05 -26.5 -5 -4.02 -26 -5 -3.98 -25.5 -5 -3.95 -25 -5 -3.92 -24.5 -5 -3.88 -24 -5 -3.85 -23.5 -5 -3.82 -23 -5 -3.78 -22.5 -5 -3.75 -22 -5 -3.72 -21.5 -5 -3.68 -21 -5 -3.65 -20.5 -5 -3.61 -20 -5 -3.58 -19.5 -5 -3.55 -19 -5 -3.51 -18.5 -5 -3.48 -18 -5 -3.45 -17.5 -5 -3.41 -17 -5 -3.38 -16.5 -5 -3.34 -16 -5 -3.31 -15.5 -5 -3.28 -15 -5 -3.24 -14.5 -5 -3.21 -14 -5 -3.18 -13.5 -5 -3.14 -13 -5 -3.11 -12.5 -5 -3.08 -12 -5 -3.04 -11.5 -5 -3.01 -11 -5 -2.97 -10.5 -5 -2.94 -10 -5 -2.91 -9.5 -5 -2.87 -9 -5 -2.84 -8.5 -5 -2.81 -8 -5 -1.69 16.5 -5 -1.12 16 -5 -1.16 17 -5 -1.09 17.5 -5 -1.06 18 -5 -1.02 18.5 -5 -0.99 19 -5 -0.95 19.5 -5 -0.92 20 -5 -0.89 20.5 -5 -0.85 21 -5 -0.82 21.5 -5 -0.79 22 -5 -0.75 22.5 -5 -0.72 23 -5 -0.69 23.5 -5 -0.65 24 -5 -0.62 24.5 -5 -0.58 25 -5 -0.55 25.5 -5 -0.52 26 -5 -0.48 26.5 -5 -0.45 27 -5 -0.42 27.5 -5 -0.38 28 -5 -0.35 28.5 -5 -0.32 29 -5 -0.28 29.5 -5 -0.25 30 -5 -0.21 30.5 -5 -0.18 31 -5 -0.15 31.5 -5 -0.11 32 -5 -0.08 32.5 -5 -0.05 33 -5 -0.01 33.5 -5 0.02 34 -5 0.06 34.5 -5 0.09 35 -5 0.12 35.5 -5 0.16 36 -5 0.19 36.5 -5 0.22 37 -5 0.26 37.5 -5 0.29 38 -5 0.32 38.5 -5 0.36 39 -5 0.39 39.5 -5 0.43 40 -5 0.46 40.5 -5 0.49 41 -5 0.53 41.5 -5 0.56 42 -5 0.59 -29.5 -4.5 -4.21 -30 -4.5 -4.25 -29 -4.5 -4.18 -28.5 -4.5 -4.15 -28 -4.5 -4.11 -27.5 -4.5 -4.08 -27 -4.5 -4.05 -26.5 -4.5 -4.01 -26 -4.5 -3.98 -25.5 -4.5 -3.94 -25 -4.5 -3.91 -24.5 -4.5 -3.88 -24 -4.5 -3.84 -23.5 -4.5 -3.81 -23 -4.5 -3.78 -22.5 -4.5 -3.74 -22 -4.5 -3.71 -21.5 -4.5 -3.68 -21 -4.5 -3.64 -20.5 -4.5 -3.61 -20 -4.5 -3.57 -19.5 -4.5 -3.54 -19 -4.5 -3.51 -18.5 -4.5 -3.47 -18 -4.5 -3.44 -17.5 -4.5 -3.41 -17 -4.5 -3.37 -16.5 -4.5 -3.34 -16 -4.5 -3.31 -15.5 -4.5 -3.27 -15 -4.5 -3.24 -14.5 -4.5 -3.2 -14 -4.5 -3.17 -13.5 -4.5 -3.14 -13 -4.5 -3.1 -12.5 -4.5 -3.07 -12 -4.5 -3.04 -11.5 -4.5 -3 -11 -4.5 -2.97 -10.5 -4.5 -2.94 -10 -4.5 -2.9 -9.5 -4.5 -2.87 -9 -4.5 -2.83 -8.5 -4.5 -1.74 -8 -4.5 -1.74 17.5 -4.5 -1.05 17 -4.5 -1.08 18 -4.5 -1.02 18.5 -4.5 -0.98 19 -4.5 -0.95 19.5 -4.5 -0.92 20 -4.5 -0.88 20.5 -4.5 -0.85 21 -4.5 -0.81 21.5 -4.5 -0.78 22 -4.5 -0.75 22.5 -4.5 -0.71 23 -4.5 -0.68 23.5 -4.5 -0.65 24 -4.5 -0.61 24.5 -4.5 -0.58 25 -4.5 -0.54 25.5 -4.5 -0.51 26 -4.5 -0.48 26.5 -4.5 -0.44 27 -4.5 -0.41 27.5 -4.5 -0.38 28 -4.5 -0.34 28.5 -4.5 -0.31 29 -4.5 -0.28 29.5 -4.5 -0.24 30 -4.5 -0.21 30.5 -4.5 -0.17 31 -4.5 -0.14 31.5 -4.5 -0.11 32 -4.5 -0.07 32.5 -4.5 -0.04 33 -4.5 -0.01 33.5 -4.5 0.03 34 -4.5 0.06 34.5 -4.5 0.09 35 -4.5 0.13 35.5 -4.5 0.16 36 -4.5 0.2 36.5 -4.5 0.23 37 -4.5 0.26 37.5 -4.5 0.3 38 -4.5 0.33 38.5 -4.5 0.36 39 -4.5 0.4 39.5 -4.5 0.43 40 -4.5 0.47 40.5 -4.5 0.5 41 -4.5 0.53 41.5 -4.5 0.57 42 -4.5 0.6 -29.5 -4 -4.21 -30 -4 -4.24 -29 -4 -4.17 -28.5 -4 -4.14 -28 -4 -4.11 -27.5 -4 -4.07 -27 -4 -4.04 -26.5 -4 -4.01 -26 -4 -3.97 -25.5 -4 -3.94 -25 -4 -3.91 -24.5 -4 -3.87 -24 -4 -3.84 -23.5 -4 -3.8 -23 -4 -3.77 -22.5 -4 -3.74 -22 -4 -3.7 -21.5 -4 -3.67 -21 -4 -3.64 -20.5 -4 -3.6 -20 -4 -3.57 -19.5 -4 -3.53 -19 -4 -3.5 -18.5 -4 -3.47 -18 -4 -3.43 -17.5 -4 -3.4 -17 -4 -3.37 -16.5 -4 -3.33 -16 -4 -3.3 -15.5 -4 -3.27 -15 -4 -3.23 -14.5 -4 -3.2 -14 -4 -3.16 -13.5 -4 -3.13 -13 -4 -3.1 -12.5 -4 -3.06 -12 -4 -3.03 -11.5 -4 -3 -11 -4 -2.96 -10.5 -4 -2.93 -10 -4 -2.9 -9.5 -4 -2.86 -9 -4 -2.83 -8.5 -4 -1.8 18 -4 -1.01 17.5 -4 -1.04 18.5 -4 -0.98 19 -4 -0.94 19.5 -4 -0.91 20 -4 -0.88 20.5 -4 -0.84 21 -4 -0.81 21.5 -4 -0.77 22 -4 -0.74 22.5 -4 -0.71 23 -4 -0.67 23.5 -4 -0.64 24 -4 -0.61 24.5 -4 -0.57 25 -4 -0.54 25.5 -4 -0.51 26 -4 -0.47 26.5 -4 -0.44 27 -4 -0.4 27.5 -4 -0.37 28 -4 -0.34 28.5 -4 -0.3 29 -4 -0.27 29.5 -4 -0.24 30 -4 -0.2 30.5 -4 -0.17 31 -4 -0.13 31.5 -4 -0.1 32 -4 -0.07 32.5 -4 -0.03 33 -4 0 33.5 -4 0.03 34 -4 0.07 34.5 -4 0.1 35 -4 0.13 35.5 -4 0.17 36 -4 0.2 36.5 -4 0.24 37 -4 0.27 37.5 -4 0.3 38 -4 0.34 38.5 -4 0.37 39 -4 0.4 39.5 -4 0.44 40 -4 0.47 40.5 -4 0.5 41 -4 0.54 41.5 -4 0.57 42 -4 0.61 -29.5 -3.5 -4.2 -30 -3.5 -4.24 -29 -3.5 -4.17 -28.5 -3.5 -4.13 -28 -3.5 -4.1 -27.5 -3.5 -4.07 -27 -3.5 -4.03 -26.5 -3.5 -4 -26 -3.5 -3.97 -25.5 -3.5 -3.93 -25 -3.5 -3.9 -24.5 -3.5 -3.87 -24 -3.5 -3.83 -23.5 -3.5 -3.8 -23 -3.5 -3.76 -22.5 -3.5 -3.73 -22 -3.5 -3.7 -21.5 -3.5 -3.66 -21 -3.5 -3.63 -20.5 -3.5 -3.6 -20 -3.5 -3.56 -19.5 -3.5 -3.53 -19 -3.5 -3.5 -18.5 -3.5 -3.46 -18 -3.5 -3.43 -17.5 -3.5 -3.39 -17 -3.5 -3.36 -16.5 -3.5 -3.33 -16 -3.5 -3.29 -15.5 -3.5 -3.26 -15 -3.5 -3.23 -14.5 -3.5 -3.19 -14 -3.5 -3.16 -13.5 -3.5 -3.12 -13 -3.5 -3.09 -12.5 -3.5 -3.06 -12 -3.5 -3.02 -11.5 -3.5 -2.99 -11 -3.5 -2.96 -10.5 -3.5 -2.92 -10 -3.5 -2.89 -9.5 -3.5 -2.86 -9 -3.5 -2.82 -8.5 -3.5 -1.86 18.5 -3.5 -0.97 18 -3.5 -1 19 -3.5 -0.94 19.5 -3.5 -0.9 20 -3.5 -0.87 20.5 -3.5 -0.84 21 -3.5 -0.8 21.5 -3.5 -0.77 22 -3.5 -0.73 22.5 -3.5 -0.7 23 -3.5 -0.67 23.5 -3.5 -0.63 24 -3.5 -0.6 24.5 -3.5 -0.57 25 -3.5 -0.53 25.5 -3.5 -0.5 26 -3.5 -0.47 26.5 -3.5 -0.43 27 -3.5 -0.4 27.5 -3.5 -0.36 28 -3.5 -0.33 28.5 -3.5 -0.3 29 -3.5 -0.26 29.5 -3.5 -0.23 30 -3.5 -0.2 30.5 -3.5 -0.16 31 -3.5 -0.13 31.5 -3.5 -0.1 32 -3.5 -0.06 32.5 -3.5 -0.03 33 -3.5 0.01 33.5 -3.5 0.04 34 -3.5 0.07 34.5 -3.5 0.11 35 -3.5 0.14 35.5 -3.5 0.17 36 -3.5 0.21 36.5 -3.5 0.24 37 -3.5 0.28 37.5 -3.5 0.31 38 -3.5 0.34 38.5 -3.5 0.38 39 -3.5 0.41 39.5 -3.5 0.44 40 -3.5 0.48 40.5 -3.5 0.51 41 -3.5 0.54 41.5 -3.5 0.58 42 -3.5 0.61 -29.5 -3 -4.2 -30 -3 -4.23 -29 -3 -4.16 -28.5 -3 -4.13 -28 -3 -4.1 -27.5 -3 -4.06 -27 -3 -4.03 -26.5 -3 -3.99 -26 -3 -3.96 -25.5 -3 -3.93 -25 -3 -3.89 -24.5 -3 -3.86 -24 -3 -3.83 -23.5 -3 -3.79 -23 -3 -3.76 -22.5 -3 -3.72 -22 -3 -3.69 -21.5 -3 -3.66 -21 -3 -3.62 -20.5 -3 -3.59 -20 -3 -3.56 -19.5 -3 -3.52 -19 -3 -3.49 -18.5 -3 -3.46 -18 -3 -3.42 -17.5 -3 -3.39 -17 -3 -3.35 -16.5 -3 -3.32 -16 -3 -3.29 -15.5 -3 -3.25 -15 -3 -3.22 -14.5 -3 -3.19 -14 -3 -3.15 -13.5 -3 -3.12 -13 -3 -3.09 -12.5 -3 -3.05 -12 -3 -3.02 -11.5 -3 -2.98 -11 -3 -2.95 -10.5 -3 -2.92 -10 -3 -2.88 -9.5 -3 -2.85 -9 -3 -1.92 -8.5 -3 -1.92 19 -3 -0.93 18.5 -3 -0.96 19.5 -3 -0.9 20 -3 -0.86 20.5 -3 -0.83 21 -3 -0.8 21.5 -3 -0.76 22 -3 -0.73 22.5 -3 -0.7 23 -3 -0.66 23.5 -3 -0.63 24 -3 -0.59 24.5 -3 -0.56 25 -3 -0.53 25.5 -3 -0.49 26 -3 -0.46 26.5 -3 -0.43 27 -3 -0.39 27.5 -3 -0.36 28 -3 -0.32 28.5 -3 -0.29 29 -3 -0.26 29.5 -3 -0.22 30 -3 -0.19 30.5 -3 -0.16 31 -3 -0.12 31.5 -3 -0.09 32 -3 -0.06 32.5 -3 -0.02 33 -3 0.01 33.5 -3 0.05 34 -3 0.08 34.5 -3 0.11 35 -3 0.15 35.5 -3 0.18 36 -3 0.21 36.5 -3 0.25 37 -3 0.28 37.5 -3 0.31 38 -3 0.35 38.5 -3 0.38 39 -3 0.42 39.5 -3 0.45 40 -3 0.48 40.5 -3 0.52 41 -3 0.55 41.5 -3 0.58 42 -3 0.62 -29.5 -2.5 -4.19 -30 -2.5 -4.22 -29 -2.5 -4.16 -28.5 -2.5 -4.12 -28 -2.5 -4.09 -27.5 -2.5 -4.06 -27 -2.5 -4.02 -26.5 -2.5 -3.99 -26 -2.5 -3.95 -25.5 -2.5 -3.92 -25 -2.5 -3.89 -24.5 -2.5 -3.85 -24 -2.5 -3.82 -23.5 -2.5 -3.79 -23 -2.5 -3.75 -22.5 -2.5 -3.72 -22 -2.5 -3.69 -21.5 -2.5 -3.65 -21 -2.5 -3.62 -20.5 -2.5 -3.58 -20 -2.5 -3.55 -19.5 -2.5 -3.52 -19 -2.5 -3.48 -18.5 -2.5 -3.45 -18 -2.5 -3.42 -17.5 -2.5 -3.38 -17 -2.5 -3.35 -16.5 -2.5 -3.31 -16 -2.5 -3.28 -15.5 -2.5 -3.25 -15 -2.5 -3.21 -14.5 -2.5 -3.18 -14 -2.5 -3.15 -13.5 -2.5 -3.11 -13 -2.5 -3.08 -12.5 -2.5 -3.05 -12 -2.5 -3.01 -11.5 -2.5 -2.98 -11 -2.5 -2.94 -10.5 -2.5 -2.91 -10 -2.5 -2.88 -9.5 -2.5 -2.84 -9 -2.5 -1.98 19.5 -2.5 -0.89 19 -2.5 -0.92 20 -2.5 -0.86 20.5 -2.5 -0.82 21 -2.5 -0.79 21.5 -2.5 -0.76 22 -2.5 -0.72 22.5 -2.5 -0.69 23 -2.5 -0.66 23.5 -2.5 -0.62 24 -2.5 -0.59 24.5 -2.5 -0.55 25 -2.5 -0.52 25.5 -2.5 -0.49 26 -2.5 -0.45 26.5 -2.5 -0.42 27 -2.5 -0.39 27.5 -2.5 -0.35 28 -2.5 -0.32 28.5 -2.5 -0.29 29 -2.5 -0.25 29.5 -2.5 -0.22 30 -2.5 -0.18 30.5 -2.5 -0.15 31 -2.5 -0.12 31.5 -2.5 -0.08 32 -2.5 -0.05 32.5 -2.5 -0.02 33 -2.5 0.02 33.5 -2.5 0.05 34 -2.5 0.09 34.5 -2.5 0.12 35 -2.5 0.15 35.5 -2.5 0.19 36 -2.5 0.22 36.5 -2.5 0.25 37 -2.5 0.29 37.5 -2.5 0.32 38 -2.5 0.35 38.5 -2.5 0.39 39 -2.5 0.42 39.5 -2.5 0.46 40 -2.5 0.49 40.5 -2.5 0.52 41 -2.5 0.56 41.5 -2.5 0.59 42 -2.5 0.62 -29.5 -2 -4.18 -30 -2 -4.22 -29 -2 -4.15 -28.5 -2 -4.12 -28 -2 -4.08 -27.5 -2 -4.05 -27 -2 -4.02 -26.5 -2 -3.98 -26 -2 -3.95 -25.5 -2 -3.91 -25 -2 -3.88 -24.5 -2 -3.85 -24 -2 -3.81 -23.5 -2 -3.78 -23 -2 -3.75 -22.5 -2 -3.71 -22 -2 -3.68 -21.5 -2 -3.65 -21 -2 -3.61 -20.5 -2 -3.58 -20 -2 -3.54 -19.5 -2 -3.51 -19 -2 -3.48 -18.5 -2 -3.44 -18 -2 -3.41 -17.5 -2 -3.38 -17 -2 -3.34 -16.5 -2 -3.31 -16 -2 -3.28 -15.5 -2 -3.24 -15 -2 -3.21 -14.5 -2 -3.17 -14 -2 -3.14 -13.5 -2 -3.11 -13 -2 -3.07 -12.5 -2 -3.04 -12 -2 -3.01 -11.5 -2 -2.97 -11 -2 -2.94 -10.5 -2 -2.91 -10 -2 -2.87 -9.5 -2 -2.84 -9 -2 -2.04 20 -2 -0.85 19.5 -2 -0.89 20.5 -2 -0.82 21 -2 -0.78 21.5 -2 -0.75 22 -2 -0.72 22.5 -2 -0.68 23 -2 -0.65 23.5 -2 -0.62 24 -2 -0.58 24.5 -2 -0.55 25 -2 -0.51 25.5 -2 -0.48 26 -2 -0.45 26.5 -2 -0.41 27 -2 -0.38 27.5 -2 -0.35 28 -2 -0.31 28.5 -2 -0.28 29 -2 -0.25 29.5 -2 -0.21 30 -2 -0.18 30.5 -2 -0.14 31 -2 -0.11 31.5 -2 -0.08 32 -2 -0.04 32.5 -2 -0.01 33 -2 0.02 33.5 -2 0.06 34 -2 0.09 34.5 -2 0.12 35 -2 0.16 35.5 -2 0.19 36 -2 0.23 36.5 -2 0.26 37 -2 0.29 37.5 -2 0.33 38 -2 0.36 38.5 -2 0.39 39 -2 0.43 39.5 -2 0.46 40 -2 0.5 40.5 -2 0.53 41 -2 0.56 41.5 -2 0.6 42 -2 0.63 -29.5 -1.5 -4.18 -30 -1.5 -4.21 -29 -1.5 -4.14 -28.5 -1.5 -4.11 -28 -1.5 -4.08 -27.5 -1.5 -4.04 -27 -1.5 -4.01 -26.5 -1.5 -3.98 -26 -1.5 -3.94 -25.5 -1.5 -3.91 -25 -1.5 -3.88 -24.5 -1.5 -3.84 -24 -1.5 -3.81 -23.5 -1.5 -3.77 -23 -1.5 -3.74 -22.5 -1.5 -3.71 -22 -1.5 -3.67 -21.5 -1.5 -3.64 -21 -1.5 -3.61 -20.5 -1.5 -3.57 -20 -1.5 -3.54 -19.5 -1.5 -3.5 -19 -1.5 -3.47 -18.5 -1.5 -3.44 -18 -1.5 -3.4 -17.5 -1.5 -3.37 -17 -1.5 -3.34 -16.5 -1.5 -3.3 -16 -1.5 -3.27 -15.5 -1.5 -3.24 -15 -1.5 -3.2 -14.5 -1.5 -3.17 -14 -1.5 -3.13 -13.5 -1.5 -3.1 -13 -1.5 -3.07 -12.5 -1.5 -3.03 -12 -1.5 -3 -11.5 -1.5 -2.97 -11 -1.5 -2.93 -10.5 -1.5 -2.9 -10 -1.5 -2.87 -9.5 -1.5 -2.1 -9 -1.5 -2.1 20.5 -1.5 -0.81 20 -1.5 -0.85 21 -1.5 -0.78 21.5 -1.5 -0.74 22 -1.5 -0.71 22.5 -1.5 -0.68 23 -1.5 -0.64 23.5 -1.5 -0.61 24 -1.5 -0.58 24.5 -1.5 -0.54 25 -1.5 -0.51 25.5 -1.5 -0.48 26 -1.5 -0.44 26.5 -1.5 -0.41 27 -1.5 -0.37 27.5 -1.5 -0.34 28 -1.5 -0.31 28.5 -1.5 -0.27 29 -1.5 -0.24 29.5 -1.5 -0.21 30 -1.5 -0.17 30.5 -1.5 -0.14 31 -1.5 -0.1 31.5 -1.5 -0.07 32 -1.5 -0.04 32.5 -1.5 0 33 -1.5 0.03 33.5 -1.5 0.06 34 -1.5 0.1 34.5 -1.5 0.13 35 -1.5 0.16 35.5 -1.5 0.2 36 -1.5 0.23 36.5 -1.5 0.27 37 -1.5 0.3 37.5 -1.5 0.33 38 -1.5 0.37 38.5 -1.5 0.4 39 -1.5 0.43 39.5 -1.5 0.47 40 -1.5 0.5 40.5 -1.5 0.53 41 -1.5 0.57 41.5 -1.5 0.6 42 -1.5 0.64 -29.5 -1 -4.2 -30 -1 -4.23 -29 -1 -4.17 -28.5 -1 -4.13 -28 -1 -4.1 -27.5 -1 -4.06 -27 -1 -4.03 -26.5 -1 -4 -26 -1 -3.96 -25.5 -1 -3.93 -25 -1 -3.9 -24.5 -1 -3.86 -24 -1 -3.83 -23.5 -1 -3.8 -23 -1 -3.76 -22.5 -1 -3.73 -22 -1 -3.69 -21.5 -1 -3.66 -21 -1 -3.63 -20.5 -1 -3.59 -20 -1 -3.56 -19.5 -1 -3.53 -19 -1 -3.49 -18.5 -1 -3.46 -18 -1 -3.43 -17.5 -1 -3.39 -17 -1 -3.36 -16.5 -1 -3.32 -16 -1 -3.29 -15.5 -1 -3.26 -15 -1 -3.22 -14.5 -1 -3.19 -14 -1 -3.15 -13.5 -1 -3.12 -13 -1 -3.09 -12.5 -1 -3.05 -12 -1 -3.02 -11.5 -1 -2.98 -11 -1 -2.95 -10.5 -1 -2.91 -10 -1 -2.88 -9.5 -1 -2.16 21 -1 -0.74 20.5 -1 -0.77 21.5 -1 -0.7 22 -1 -0.67 22.5 -1 -0.63 23 -1 -0.6 23.5 -1 -0.57 24 -1 -0.53 24.5 -1 -0.5 25 -1 -0.46 25.5 -1 -0.43 26 -1 -0.39 26.5 -1 -0.36 27 -1 -0.32 27.5 -1 -0.29 28 -1 -0.26 28.5 -1 -0.22 29 -1 -0.19 29.5 -1 -0.15 30 -1 -0.12 30.5 -1 -0.08 31 -1 -0.05 31.5 -1 -0.02 32 -1 0.02 32.5 -1 0.05 33 -1 0.08 33.5 -1 0.12 34 -1 0.15 34.5 -1 0.19 35 -1 0.22 35.5 -1 0.25 36 -1 0.29 36.5 -1 0.32 37 -1 0.35 37.5 -1 0.39 38 -1 0.42 38.5 -1 0.46 39 -1 0.49 39.5 -1 0.52 40 -1 0.56 40.5 -1 0.59 41 -1 0.62 41.5 -1 0.66 42 -1 0.69 -29.5 -0.5 -4.23 -30 -0.5 -4.27 -29 -0.5 -4.2 -28.5 -0.5 -4.17 -28 -0.5 -4.13 -27.5 -0.5 -4.1 -27 -0.5 -4.07 -26.5 -0.5 -4.03 -26 -0.5 -4 -25.5 -0.5 -3.97 -25 -0.5 -3.93 -24.5 -0.5 -3.9 -24 -0.5 -3.86 -23.5 -0.5 -3.83 -23 -0.5 -3.8 -22.5 -0.5 -3.76 -22 -0.5 -3.73 -21.5 -0.5 -3.7 -21 -0.5 -3.66 -20.5 -0.5 -3.63 -20 -0.5 -3.6 -19.5 -0.5 -3.56 -19 -0.5 -3.53 -18.5 -0.5 -3.49 -18 -0.5 -3.46 -17.5 -0.5 -3.43 -17 -0.5 -3.39 -16.5 -0.5 -3.36 -16 -0.5 -3.33 -15.5 -0.5 -3.29 -15 -0.5 -3.26 -14.5 -0.5 -3.22 -14 -0.5 -3.19 -13.5 -0.5 -3.15 -13 -0.5 -3.12 -12.5 -0.5 -3.08 -12 -0.5 -3.04 -11.5 -0.5 -3.01 -11 -0.5 -2.97 -10.5 -0.5 -2.94 -10 -0.5 -2.21 -9.5 -0.5 -2.21 21 -0.5 -0.68 20.5 -0.5 -0.72 21.5 -0.5 -0.65 22 -0.5 -0.61 22.5 -0.5 -0.57 23 -0.5 -0.54 23.5 -0.5 -0.5 24 -0.5 -0.47 24.5 -0.5 -0.43 25 -0.5 -0.39 25.5 -0.5 -0.36 26 -0.5 -0.32 26.5 -0.5 -0.29 27 -0.5 -0.25 27.5 -0.5 -0.22 28 -0.5 -0.18 28.5 -0.5 -0.14 29 -0.5 -0.11 29.5 -0.5 -0.07 30 -0.5 -0.04 30.5 -0.5 0 31 -0.5 0.03 31.5 -0.5 0.06 32 -0.5 0.1 32.5 -0.5 0.13 33 -0.5 0.17 33.5 -0.5 0.2 34 -0.5 0.23 34.5 -0.5 0.27 35 -0.5 0.3 35.5 -0.5 0.33 36 -0.5 0.37 36.5 -0.5 0.4 37 -0.5 0.43 37.5 -0.5 0.47 38 -0.5 0.5 38.5 -0.5 0.54 39 -0.5 0.57 39.5 -0.5 0.6 40 -0.5 0.64 40.5 -0.5 0.67 41 -0.5 0.7 41.5 -0.5 0.74 42 -0.5 0.77 -29.5 0 -4.27 -30 0 -4.3 -29 0 -4.24 -28.5 0 -4.2 -28 0 -4.17 -27.5 0 -4.14 -27 0 -4.1 -26.5 0 -4.07 -26 0 -4.03 -25.5 0 -4 -25 0 -3.97 -24.5 0 -3.93 -24 0 -3.9 -23.5 0 -3.87 -23 0 -3.83 -22.5 0 -3.8 -22 0 -3.77 -21.5 0 -3.73 -21 0 -3.7 -20.5 0 -3.66 -20 0 -3.63 -19.5 0 -3.6 -19 0 -3.56 -18.5 0 -3.53 -18 0 -3.5 -17.5 0 -3.46 -17 0 -3.43 -16.5 0 -3.4 -16 0 -3.36 -15.5 0 -3.33 -15 0 -3.29 -14.5 0 -3.26 -14 0 -3.22 -13.5 0 -3.18 -13 0 -3.15 -12.5 0 -3.11 -12 0 -3.07 -11.5 0 -3.03 -11 0 -3 -10.5 0 -2.96 -10 0 -2.27 21 0 -0.62 20.5 0 -0.66 21.5 0 -0.59 22 0 -0.55 22.5 0 -0.51 23 0 -0.48 23.5 0 -0.44 24 0 -0.4 24.5 0 -0.36 25 0 -0.33 25.5 0 -0.29 26 0 -0.25 26.5 0 -0.22 27 0 -0.18 27.5 0 -0.14 28 0 -0.1 28.5 0 -0.07 29 0 -0.03 29.5 0 0.01 30 0 0.04 30.5 0 0.08 31 0 0.11 31.5 0 0.14 32 0 0.18 32.5 0 0.21 33 0 0.25 33.5 0 0.28 34 0 0.31 34.5 0 0.35 35 0 0.38 35.5 0 0.41 36 0 0.45 36.5 0 0.48 37 0 0.52 37.5 0 0.55 38 0 0.58 38.5 0 0.62 39 0 0.65 39.5 0 0.68 40 0 0.72 40.5 0 0.75 41 0 0.78 41.5 0 0.82 42 0 0.85 -29.5 0.5 -4.31 -30 0.5 -4.34 -29 0.5 -4.27 -28.5 0.5 -4.24 -28 0.5 -4.2 -27.5 0.5 -4.17 -27 0.5 -4.14 -26.5 0.5 -4.1 -26 0.5 -4.07 -25.5 0.5 -4.04 -25 0.5 -4 -24.5 0.5 -3.97 -24 0.5 -3.94 -23.5 0.5 -3.9 -23 0.5 -3.87 -22.5 0.5 -3.83 -22 0.5 -3.8 -21.5 0.5 -3.77 -21 0.5 -3.73 -20.5 0.5 -3.7 -20 0.5 -3.67 -19.5 0.5 -3.63 -19 0.5 -3.6 -18.5 0.5 -3.57 -18 0.5 -3.53 -17.5 0.5 -3.5 -17 0.5 -3.46 -16.5 0.5 -3.43 -16 0.5 -3.4 -15.5 0.5 -3.36 -15 0.5 -3.33 -14.5 0.5 -3.29 -14 0.5 -3.25 -13.5 0.5 -3.21 -13 0.5 -3.18 -12.5 0.5 -3.14 -12 0.5 -3.1 -11.5 0.5 -3.06 -11 0.5 -3.02 -10.5 0.5 -2.98 -10 0.5 -2.33 21 0.5 -0.57 20.5 0.5 -0.6 21.5 0.5 -0.53 22 0.5 -0.49 22.5 0.5 -0.45 23 0.5 -0.41 23.5 0.5 -0.37 24 0.5 -0.34 24.5 0.5 -0.3 25 0.5 -0.26 25.5 0.5 -0.22 26 0.5 -0.18 26.5 0.5 -0.14 27 0.5 -0.11 27.5 0.5 -0.07 28 0.5 -0.03 28.5 0.5 0.01 29 0.5 0.05 29.5 0.5 0.09 30 0.5 0.12 30.5 0.5 0.16 31 0.5 0.19 31.5 0.5 0.23 32 0.5 0.26 32.5 0.5 0.29 33 0.5 0.33 33.5 0.5 0.36 34 0.5 0.39 34.5 0.5 0.43 35 0.5 0.46 35.5 0.5 0.49 36 0.5 0.53 36.5 0.5 0.56 37 0.5 0.6 37.5 0.5 0.63 38 0.5 0.66 38.5 0.5 0.7 39 0.5 0.73 39.5 0.5 0.76 40 0.5 0.8 40.5 0.5 0.83 41 0.5 0.86 41.5 0.5 0.9 42 0.5 0.93 -29.5 1 -4.34 -30 1 -4.37 -29 1 -4.31 -28.5 1 -4.27 -28 1 -4.24 -27.5 1 -4.21 -27 1 -4.17 -26.5 1 -4.14 -26 1 -4.11 -25.5 1 -4.07 -25 1 -4.04 -24.5 1 -4 -24 1 -3.97 -23.5 1 -3.94 -23 1 -3.9 -22.5 1 -3.87 -22 1 -3.84 -21.5 1 -3.8 -21 1 -3.77 -20.5 1 -3.74 -20 1 -3.7 -19.5 1 -3.67 -19 1 -3.63 -18.5 1 -3.6 -18 1 -3.57 -17.5 1 -3.53 -17 1 -3.5 -16.5 1 -3.47 -16 1 -3.43 -15.5 1 -3.4 -15 1 -3.36 -14.5 1 -3.33 -14 1 -3.29 -13.5 1 -3.25 -13 1 -3.21 -12.5 1 -3.17 -12 1 -3.13 -11.5 1 -3.09 -11 1 -3.05 -10.5 1 -2.39 -10 1 -2.39 21 1 -0.51 20.5 1 -0.55 21.5 1 -0.47 22 1 -0.43 22.5 1 -0.39 23 1 -0.35 23.5 1 -0.31 24 1 -0.27 24.5 1 -0.23 25 1 -0.19 25.5 1 -0.15 26 1 -0.11 26.5 1 -0.07 27 1 -0.03 27.5 1 0.01 28 1 0.05 28.5 1 0.09 29 1 0.13 29.5 1 0.16 30 1 0.2 30.5 1 0.24 31 1 0.27 31.5 1 0.31 32 1 0.34 32.5 1 0.37 33 1 0.41 33.5 1 0.44 34 1 0.47 34.5 1 0.51 35 1 0.54 35.5 1 0.57 36 1 0.61 36.5 1 0.64 37 1 0.68 37.5 1 0.71 38 1 0.74 38.5 1 0.78 39 1 0.81 39.5 1 0.84 40 1 0.88 40.5 1 0.91 41 1 0.95 41.5 1 0.98 42 1 1.01 -29.5 1.5 -4.38 -30 1.5 -4.41 -29 1.5 -4.34 -28.5 1.5 -4.31 -28 1.5 -4.28 -27.5 1.5 -4.24 -27 1.5 -4.21 -26.5 1.5 -4.17 -26 1.5 -4.14 -25.5 1.5 -4.11 -25 1.5 -4.07 -24.5 1.5 -4.04 -24 1.5 -4.01 -23.5 1.5 -3.97 -23 1.5 -3.94 -22.5 1.5 -3.91 -22 1.5 -3.87 -21.5 1.5 -3.84 -21 1.5 -3.8 -20.5 1.5 -3.77 -20 1.5 -3.74 -19.5 1.5 -3.7 -19 1.5 -3.67 -18.5 1.5 -3.64 -18 1.5 -3.6 -17.5 1.5 -3.57 -17 1.5 -3.53 -16.5 1.5 -3.5 -16 1.5 -3.47 -15.5 1.5 -3.43 -15 1.5 -3.4 -14.5 1.5 -3.36 -14 1.5 -3.32 -13.5 1.5 -3.28 -13 1.5 -3.24 -12.5 1.5 -3.2 -12 1.5 -3.15 -11.5 1.5 -3.11 -11 1.5 -3.07 -10.5 1.5 -2.45 21 1.5 -0.45 20.5 1.5 -0.49 21.5 1.5 -0.41 22 1.5 -0.37 22.5 1.5 -0.33 23 1.5 -0.29 23.5 1.5 -0.25 24 1.5 -0.21 24.5 1.5 -0.17 25 1.5 -0.12 25.5 1.5 -0.08 26 1.5 -0.04 26.5 1.5 0 27 1.5 0.04 27.5 1.5 0.08 28 1.5 0.12 28.5 1.5 0.16 29 1.5 0.2 29.5 1.5 0.24 30 1.5 0.28 30.5 1.5 0.32 31 1.5 0.35 31.5 1.5 0.39 32 1.5 0.42 32.5 1.5 0.45 33 1.5 0.49 33.5 1.5 0.52 34 1.5 0.55 34.5 1.5 0.59 35 1.5 0.62 35.5 1.5 0.66 36 1.5 0.69 36.5 1.5 0.72 37 1.5 0.76 37.5 1.5 0.79 38 1.5 0.82 38.5 1.5 0.86 39 1.5 0.89 39.5 1.5 0.92 40 1.5 0.96 40.5 1.5 0.99 41 1.5 1.03 41.5 1.5 1.06 42 1.5 1.09 -29.5 2 -4.41 -30 2 -4.45 -29 2 -4.38 -28.5 2 -4.34 -28 2 -4.31 -27.5 2 -4.28 -27 2 -4.24 -26.5 2 -4.21 -26 2 -4.18 -25.5 2 -4.14 -25 2 -4.11 -24.5 2 -4.08 -24 2 -4.04 -23.5 2 -4.01 -23 2 -3.97 -22.5 2 -3.94 -22 2 -3.91 -21.5 2 -3.87 -21 2 -3.84 -20.5 2 -3.81 -20 2 -3.77 -19.5 2 -3.74 -19 2 -3.7 -18.5 2 -3.67 -18 2 -3.64 -17.5 2 -3.6 -17 2 -3.57 -16.5 2 -3.54 -16 2 -3.5 -15.5 2 -3.47 -15 2 -3.44 -14.5 2 -3.39 -14 2 -3.35 -13.5 2 -3.31 -13 2 -3.27 -12.5 2 -3.22 -12 2 -3.18 -11.5 2 -3.14 -11 2 -3.1 -10.5 2 -2.51 21.5 2 -0.35 21 2 -0.39 22 2 -0.31 22.5 2 -0.27 23 2 -0.23 23.5 2 -0.18 24 2 -0.14 24.5 2 -0.1 25 2 -0.06 25.5 2 -0.01 26 2 0.03 26.5 2 0.07 27 2 0.11 27.5 2 0.15 28 2 0.2 28.5 2 0.24 29 2 0.28 29.5 2 0.32 30 2 0.37 30.5 2 0.4 31 2 0.43 31.5 2 0.47 32 2 0.5 32.5 2 0.53 33 2 0.57 33.5 2 0.6 34 2 0.63 34.5 2 0.67 35 2 0.7 35.5 2 0.74 36 2 0.77 36.5 2 0.8 37 2 0.84 37.5 2 0.87 38 2 0.9 38.5 2 0.94 39 2 0.97 39.5 2 1 40 2 1.04 40.5 2 1.07 41 2 1.11 41.5 2 1.14 42 2 1.17 -29.5 2.5 -4.45 -30 2.5 -4.48 -29 2.5 -4.41 -28.5 2.5 -4.38 -28 2.5 -4.35 -27.5 2.5 -4.31 -27 2.5 -4.28 -26.5 2.5 -4.25 -26 2.5 -4.21 -25.5 2.5 -4.18 -25 2.5 -4.14 -24.5 2.5 -4.11 -24 2.5 -4.08 -23.5 2.5 -4.04 -23 2.5 -4.01 -22.5 2.5 -3.98 -22 2.5 -3.94 -21.5 2.5 -3.91 -21 2.5 -3.87 -20.5 2.5 -3.84 -20 2.5 -3.81 -19.5 2.5 -3.77 -19 2.5 -3.74 -18.5 2.5 -3.71 -18 2.5 -3.67 -17.5 2.5 -3.64 -17 2.5 -3.61 -16.5 2.5 -3.57 -16 2.5 -3.54 -15.5 2.5 -3.5 -15 2.5 -3.47 -14.5 2.5 -3.43 -14 2.5 -3.38 -13.5 2.5 -3.34 -13 2.5 -3.3 -12.5 2.5 -3.25 -12 2.5 -3.21 -11.5 2.5 -3.17 -11 2.5 -2.57 -10.5 2.5 -2.57 22 2.5 -0.25 21.5 2.5 -0.29 22.5 2.5 -0.21 23 2.5 -0.16 23.5 2.5 -0.12 24 2.5 -0.08 24.5 2.5 -0.03 25 2.5 0.01 25.5 2.5 0.05 26 2.5 0.1 26.5 2.5 0.14 27 2.5 0.18 27.5 2.5 0.23 28 2.5 0.27 28.5 2.5 0.32 29 2.5 0.36 29.5 2.5 0.4 30 2.5 0.45 30.5 2.5 0.48 31 2.5 0.51 31.5 2.5 0.55 32 2.5 0.58 32.5 2.5 0.61 33 2.5 0.65 33.5 2.5 0.68 34 2.5 0.72 34.5 2.5 0.75 35 2.5 0.78 35.5 2.5 0.82 36 2.5 0.85 36.5 2.5 0.88 37 2.5 0.92 37.5 2.5 0.95 38 2.5 0.98 38.5 2.5 1.02 39 2.5 1.05 39.5 2.5 1.09 40 2.5 1.12 40.5 2.5 1.15 41 2.5 1.19 41.5 2.5 1.22 42 2.5 1.25 -29.5 3 -4.48 -30 3 -4.52 -29 3 -4.45 -28.5 3 -4.42 -28 3 -4.38 -27.5 3 -4.35 -27 3 -4.31 -26.5 3 -4.28 -26 3 -4.25 -25.5 3 -4.21 -25 3 -4.18 -24.5 3 -4.15 -24 3 -4.11 -23.5 3 -4.08 -23 3 -4.04 -22.5 3 -4.01 -22 3 -3.98 -21.5 3 -3.94 -21 3 -3.91 -20.5 3 -3.88 -20 3 -3.84 -19.5 3 -3.81 -19 3 -3.78 -18.5 3 -3.74 -18 3 -3.71 -17.5 3 -3.67 -17 3 -3.64 -16.5 3 -3.61 -16 3 -3.57 -15.5 3 -3.54 -15 3 -3.51 -14.5 3 -3.46 -14 3 -3.42 -13.5 3 -3.37 -13 3 -3.33 -12.5 3 -3.28 -12 3 -3.24 -11.5 3 -3.19 -11 3 -2.62 22.5 3 -0.15 22 3 -0.19 23 3 -0.1 23.5 3 -0.06 24 3 -0.01 24.5 3 0.03 25 3 0.08 25.5 3 0.12 26 3 0.17 26.5 3 0.21 27 3 0.26 27.5 3 0.3 28 3 0.35 28.5 3 0.39 29 3 0.44 29.5 3 0.48 30 3 0.53 30.5 3 0.56 31 3 0.59 31.5 3 0.63 32 3 0.66 32.5 3 0.69 33 3 0.73 33.5 3 0.76 34 3 0.8 34.5 3 0.83 35 3 0.86 35.5 3 0.9 36 3 0.93 36.5 3 0.96 37 3 1 37.5 3 1.03 38 3 1.06 38.5 3 1.1 39 3 1.13 39.5 3 1.17 40 3 1.2 40.5 3 1.23 41 3 1.27 41.5 3 1.3 42 3 1.33 -29.5 3.5 -4.52 -30 3.5 -4.55 -29 3.5 -4.48 -28.5 3.5 -4.45 -28 3.5 -4.42 -27.5 3.5 -4.38 -27 3.5 -4.35 -26.5 3.5 -4.32 -26 3.5 -4.28 -25.5 3.5 -4.25 -25 3.5 -4.21 -24.5 3.5 -4.18 -24 3.5 -4.15 -23.5 3.5 -4.11 -23 3.5 -4.08 -22.5 3.5 -4.05 -22 3.5 -4.01 -21.5 3.5 -3.98 -21 3.5 -3.95 -20.5 3.5 -3.91 -20 3.5 -3.88 -19.5 3.5 -3.84 -19 3.5 -3.81 -18.5 3.5 -3.78 -18 3.5 -3.74 -17.5 3.5 -3.71 -17 3.5 -3.68 -16.5 3.5 -3.64 -16 3.5 -3.61 -15.5 3.5 -3.58 -15 3.5 -3.54 -14.5 3.5 -3.5 -14 3.5 -3.45 -13.5 3.5 -3.4 -13 3.5 -3.36 -12.5 3.5 -3.31 -12 3.5 -3.27 -11.5 3.5 -2.68 -11 3.5 -2.68 23 3.5 -0.04 22.5 3.5 -0.08 23.5 3.5 0.01 24 3.5 0.05 24.5 3.5 0.1 25 3.5 0.15 25.5 3.5 0.19 26 3.5 0.24 26.5 3.5 0.28 27 3.5 0.33 27.5 3.5 0.38 28 3.5 0.42 28.5 3.5 0.47 29 3.5 0.51 29.5 3.5 0.56 30 3.5 0.61 30.5 3.5 0.64 31 3.5 0.67 31.5 3.5 0.71 32 3.5 0.74 32.5 3.5 0.77 33 3.5 0.81 33.5 3.5 0.84 34 3.5 0.88 34.5 3.5 0.91 35 3.5 0.94 35.5 3.5 0.98 36 3.5 1.01 36.5 3.5 1.04 37 3.5 1.08 37.5 3.5 1.11 38 3.5 1.15 38.5 3.5 1.18 39 3.5 1.21 39.5 3.5 1.25 40 3.5 1.28 40.5 3.5 1.31 41 3.5 1.35 41.5 3.5 1.38 42 3.5 1.41 -29.5 4 -4.55 -30 4 -4.59 -29 4 -4.52 -28.5 4 -4.49 -28 4 -4.45 -27.5 4 -4.42 -27 4 -4.38 -26.5 4 -4.35 -26 4 -4.32 -25.5 4 -4.28 -25 4 -4.25 -24.5 4 -4.22 -24 4 -4.18 -23.5 4 -4.15 -23 4 -4.12 -22.5 4 -4.08 -22 4 -4.05 -21.5 4 -4.01 -21 4 -3.98 -20.5 4 -3.95 -20 4 -3.91 -19.5 4 -3.88 -19 4 -3.85 -18.5 4 -3.81 -18 4 -3.78 -17.5 4 -3.75 -17 4 -3.71 -16.5 4 -3.68 -16 4 -3.64 -15.5 4 -3.61 -15 4 -3.58 -14.5 4 -3.53 -14 4 -3.48 -13.5 4 -3.43 -13 4 -3.39 -12.5 4 -3.34 -12 4 -3.29 -11.5 4 -2.74 23 4 0.02 22.5 4 -0.02 23.5 4 0.07 24 4 0.12 24.5 4 0.17 25 4 0.21 25.5 4 0.26 26 4 0.31 26.5 4 0.36 27 4 0.4 27.5 4 0.45 28 4 0.5 28.5 4 0.54 29 4 0.59 29.5 4 0.64 30 4 0.69 30.5 4 0.72 31 4 0.75 31.5 4 0.79 32 4 0.82 32.5 4 0.86 33 4 0.89 33.5 4 0.92 34 4 0.96 34.5 4 0.99 35 4 1.02 35.5 4 1.06 36 4 1.09 36.5 4 1.12 37 4 1.16 37.5 4 1.19 38 4 1.23 38.5 4 1.26 39 4 1.29 39.5 4 1.33 40 4 1.36 40.5 4 1.39 41 4 1.43 41.5 4 1.46 42 4 1.49 -29.5 4.5 -4.59 -30 4.5 -4.62 -29 4.5 -4.56 -28.5 4.5 -4.52 -28 4.5 -4.49 -27.5 4.5 -4.45 -27 4.5 -4.42 -26.5 4.5 -4.39 -26 4.5 -4.35 -25.5 4.5 -4.32 -25 4.5 -4.29 -24.5 4.5 -4.25 -24 4.5 -4.22 -23.5 4.5 -4.18 -23 4.5 -4.15 -22.5 4.5 -4.12 -22 4.5 -4.08 -21.5 4.5 -4.05 -21 4.5 -4.02 -20.5 4.5 -3.98 -20 4.5 -3.95 -19.5 4.5 -3.92 -19 4.5 -3.88 -18.5 4.5 -3.85 -18 4.5 -3.81 -17.5 4.5 -3.78 -17 4.5 -3.75 -16.5 4.5 -3.71 -16 4.5 -3.68 -15.5 4.5 -3.65 -15 4.5 -3.61 -14.5 4.5 -3.56 -14 4.5 -3.52 -13.5 4.5 -3.47 -13 4.5 -3.42 -12.5 4.5 -3.37 -12 4.5 -3.32 -11.5 4.5 -2.8 23.5 4.5 0.13 23 4.5 0.09 24 4.5 0.18 24.5 4.5 0.23 25 4.5 0.28 25.5 4.5 0.33 26 4.5 0.38 26.5 4.5 0.43 27 4.5 0.48 27.5 4.5 0.52 28 4.5 0.57 28.5 4.5 0.62 29 4.5 0.67 29.5 4.5 0.72 30 4.5 0.77 30.5 4.5 0.8 31 4.5 0.83 31.5 4.5 0.87 32 4.5 0.9 32.5 4.5 0.94 33 4.5 0.97 33.5 4.5 1 34 4.5 1.04 34.5 4.5 1.07 35 4.5 1.1 35.5 4.5 1.14 36 4.5 1.17 36.5 4.5 1.2 37 4.5 1.24 37.5 4.5 1.27 38 4.5 1.31 38.5 4.5 1.34 39 4.5 1.37 39.5 4.5 1.41 40 4.5 1.44 40.5 4.5 1.47 41 4.5 1.51 41.5 4.5 1.54 42 4.5 1.58 -29.5 5 -4.62 -30 5 -4.66 -29 5 -4.59 -28.5 5 -4.56 -28 5 -4.52 -27.5 5 -4.49 -27 5 -4.46 -26.5 5 -4.42 -26 5 -4.39 -25.5 5 -4.35 -25 5 -4.32 -24.5 5 -4.29 -24 5 -4.25 -23.5 5 -4.22 -23 5 -4.19 -22.5 5 -4.15 -22 5 -4.12 -21.5 5 -4.09 -21 5 -4.05 -20.5 5 -4.02 -20 5 -3.98 -19.5 5 -3.95 -19 5 -3.92 -18.5 5 -3.88 -18 5 -3.85 -17.5 5 -3.82 -17 5 -3.78 -16.5 5 -3.75 -16 5 -3.72 -15.5 5 -3.68 -15 5 -3.65 -14.5 5 -3.6 -14 5 -3.55 -13.5 5 -3.5 -13 5 -3.45 -12.5 5 -3.4 -12 5 -2.82 -11.5 5 -2.82 24 5 0.25 23.5 5 0.2 24.5 5 0.3 25 5 0.35 25.5 5 0.4 26 5 0.45 26.5 5 0.5 27 5 0.55 27.5 5 0.6 28 5 0.65 28.5 5 0.7 29 5 0.75 29.5 5 0.8 30 5 0.85 30.5 5 0.88 31 5 0.91 31.5 5 0.95 32 5 0.98 32.5 5 1.02 33 5 1.05 33.5 5 1.08 34 5 1.12 34.5 5 1.15 35 5 1.18 35.5 5 1.22 36 5 1.25 36.5 5 1.29 37 5 1.32 37.5 5 1.35 38 5 1.39 38.5 5 1.42 39 5 1.45 39.5 5 1.49 40 5 1.52 40.5 5 1.55 41 5 1.59 41.5 5 1.62 42 5 1.66 -29.5 5.5 -4.66 -30 5.5 -4.69 -29 5.5 -4.63 -28.5 5.5 -4.59 -28 5.5 -4.56 -27.5 5.5 -4.52 -27 5.5 -4.49 -26.5 5.5 -4.46 -26 5.5 -4.42 -25.5 5.5 -4.39 -25 5.5 -4.36 -24.5 5.5 -4.32 -24 5.5 -4.29 -23.5 5.5 -4.26 -23 5.5 -4.22 -22.5 5.5 -4.19 -22 5.5 -4.15 -21.5 5.5 -4.12 -21 5.5 -4.09 -20.5 5.5 -4.05 -20 5.5 -4.02 -19.5 5.5 -3.99 -19 5.5 -3.95 -18.5 5.5 -3.92 -18 5.5 -3.89 -17.5 5.5 -3.85 -17 5.5 -3.82 -16.5 5.5 -3.78 -16 5.5 -3.75 -15.5 5.5 -3.72 -15 5.5 -3.68 -14.5 5.5 -3.63 -14 5.5 -3.58 -13.5 5.5 -3.53 -13 5.5 -3.48 -12.5 5.5 -3.43 -12 5.5 -2.85 24 5.5 0.31 23.5 5.5 0.26 24.5 5.5 0.36 25 5.5 0.42 25.5 5.5 0.47 26 5.5 0.52 26.5 5.5 0.57 27 5.5 0.62 27.5 5.5 0.67 28 5.5 0.72 28.5 5.5 0.77 29 5.5 0.83 29.5 5.5 0.88 30 5.5 0.93 30.5 5.5 0.96 31 5.5 1 31.5 5.5 1.03 32 5.5 1.06 32.5 5.5 1.1 33 5.5 1.13 33.5 5.5 1.16 34 5.5 1.2 34.5 5.5 1.23 35 5.5 1.26 35.5 5.5 1.3 36 5.5 1.33 36.5 5.5 1.37 37 5.5 1.4 37.5 5.5 1.43 38 5.5 1.47 38.5 5.5 1.5 39 5.5 1.53 39.5 5.5 1.57 40 5.5 1.6 40.5 5.5 1.63 41 5.5 1.67 41.5 5.5 1.7 42 5.5 1.74 -29.5 6 -4.69 -30 6 -4.73 -29 6 -4.66 -28.5 6 -4.63 -28 6 -4.59 -27.5 6 -4.56 -27 6 -4.53 -26.5 6 -4.49 -26 6 -4.46 -25.5 6 -4.43 -25 6 -4.39 -24.5 6 -4.36 -24 6 -4.32 -23.5 6 -4.29 -23 6 -4.26 -22.5 6 -4.22 -22 6 -4.19 -21.5 6 -4.16 -21 6 -4.12 -20.5 6 -4.09 -20 6 -4.06 -19.5 6 -4.02 -19 6 -3.99 -18.5 6 -3.95 -18 6 -3.92 -17.5 6 -3.89 -17 6 -3.85 -16.5 6 -3.82 -16 6 -3.79 -15.5 6 -3.75 -15 6 -3.72 -14.5 6 -3.67 -14 6 -3.61 -13.5 6 -3.56 -13 6 -3.51 -12.5 6 -2.87 -12 6 -2.87 24.5 6 0.43 24 6 0.38 25 6 0.48 25.5 6 0.54 26 6 0.59 26.5 6 0.64 27 6 0.69 27.5 6 0.75 28 6 0.8 28.5 6 0.85 29 6 0.9 29.5 6 0.96 30 6 1.01 30.5 6 1.04 31 6 1.08 31.5 6 1.11 32 6 1.14 32.5 6 1.18 33 6 1.21 33.5 6 1.24 34 6 1.28 34.5 6 1.31 35 6 1.35 35.5 6 1.38 36 6 1.41 36.5 6 1.45 37 6 1.48 37.5 6 1.51 38 6 1.55 38.5 6 1.58 39 6 1.61 39.5 6 1.65 40 6 1.68 40.5 6 1.72 41 6 1.75 41.5 6 1.78 42 6 1.82 -29.5 6.5 -4.73 -30 6.5 -4.76 -29 6.5 -4.7 -28.5 6.5 -4.66 -28 6.5 -4.63 -27.5 6.5 -4.6 -27 6.5 -4.56 -26.5 6.5 -4.53 -26 6.5 -4.49 -25.5 6.5 -4.46 -25 6.5 -4.43 -24.5 6.5 -4.39 -24 6.5 -4.36 -23.5 6.5 -4.33 -23 6.5 -4.29 -22.5 6.5 -4.26 -22 6.5 -4.23 -21.5 6.5 -4.19 -21 6.5 -4.16 -20.5 6.5 -4.12 -20 6.5 -4.09 -19.5 6.5 -4.06 -19 6.5 -4.02 -18.5 6.5 -3.99 -18 6.5 -3.96 -17.5 6.5 -3.92 -17 6.5 -3.89 -16.5 6.5 -3.85 -16 6.5 -3.82 -15.5 6.5 -3.79 -15 6.5 -3.75 -14.5 6.5 -3.7 -14 6.5 -3.65 -13.5 6.5 -3.59 -13 6.5 -3.54 -12.5 6.5 -2.9 24.5 6.5 0.5 24 6.5 0.44 25 6.5 0.55 25.5 6.5 0.6 26 6.5 0.66 26.5 6.5 0.71 27 6.5 0.77 27.5 6.5 0.82 28 6.5 0.87 28.5 6.5 0.93 29 6.5 0.98 29.5 6.5 1.03 30 6.5 1.09 30.5 6.5 1.12 31 6.5 1.16 31.5 6.5 1.19 32 6.5 1.22 32.5 6.5 1.26 33 6.5 1.29 33.5 6.5 1.32 34 6.5 1.36 34.5 6.5 1.39 35 6.5 1.43 35.5 6.5 1.46 36 6.5 1.49 36.5 6.5 1.53 37 6.5 1.56 37.5 6.5 1.59 38 6.5 1.63 38.5 6.5 1.66 39 6.5 1.69 39.5 6.5 1.73 40 6.5 1.76 40.5 6.5 1.8 41 6.5 1.83 41.5 6.5 1.86 42 6.5 1.9 -29.5 7 -4.77 -30 7 -4.8 -29 7 -4.73 -28.5 7 -4.7 -28 7 -4.66 -27.5 7 -4.63 -27 7 -4.6 -26.5 7 -4.56 -26 7 -4.53 -25.5 7 -4.5 -25 7 -4.46 -24.5 7 -4.43 -24 7 -4.4 -23.5 7 -4.36 -23 7 -4.33 -22.5 7 -4.29 -22 7 -4.26 -21.5 7 -4.23 -21 7 -4.19 -20.5 7 -4.16 -20 7 -4.13 -19.5 7 -4.09 -19 7 -4.06 -18.5 7 -4.02 -18 7 -3.99 -17.5 7 -3.96 -17 7 -3.92 -16.5 7 -3.89 -16 7 -3.86 -15.5 7 -3.82 -15 7 -3.79 -14.5 7 -3.73 -14 7 -3.68 -13.5 7 -3.62 -13 7 -2.92 -12.5 7 -2.92 25 7 0.62 24.5 7 0.56 25.5 7 0.67 26 7 0.73 26.5 7 0.78 27 7 0.84 27.5 7 0.89 28 7 0.95 28.5 7 1 29 7 1.06 29.5 7 1.11 30 7 1.17 30.5 7 1.2 31 7 1.24 31.5 7 1.27 32 7 1.3 32.5 7 1.34 33 7 1.37 33.5 7 1.4 34 7 1.44 34.5 7 1.47 35 7 1.51 35.5 7 1.54 36 7 1.57 36.5 7 1.61 37 7 1.64 37.5 7 1.67 38 7 1.71 38.5 7 1.74 39 7 1.78 39.5 7 1.81 40 7 1.84 40.5 7 1.88 41 7 1.91 41.5 7 1.94 42 7 1.98 -29.5 7.5 -4.8 -30 7.5 -4.83 -29 7.5 -4.77 -28.5 7.5 -4.73 -28 7.5 -4.7 -27.5 7.5 -4.67 -27 7.5 -4.63 -26.5 7.5 -4.6 -26 7.5 -4.57 -25.5 7.5 -4.53 -25 7.5 -4.5 -24.5 7.5 -4.46 -24 7.5 -4.43 -23.5 7.5 -4.4 -23 7.5 -4.36 -22.5 7.5 -4.33 -22 7.5 -4.3 -21.5 7.5 -4.26 -21 7.5 -4.23 -20.5 7.5 -4.19 -20 7.5 -4.16 -19.5 7.5 -4.13 -19 7.5 -4.09 -18.5 7.5 -4.06 -18 7.5 -4.03 -17.5 7.5 -3.99 -17 7.5 -3.96 -16.5 7.5 -3.93 -16 7.5 -3.89 -15.5 7.5 -3.86 -15 7.5 -3.82 -14.5 7.5 -3.77 -14 7.5 -3.71 -13.5 7.5 -3.66 -13 7.5 -2.94 25.5 7.5 0.74 25 7.5 0.69 26 7.5 0.8 26.5 7.5 0.85 27 7.5 0.91 27.5 7.5 0.97 28 7.5 1.02 28.5 7.5 1.08 29 7.5 1.14 29.5 7.5 1.19 30 7.5 1.25 30.5 7.5 1.28 31 7.5 1.32 31.5 7.5 1.35 32 7.5 1.38 32.5 7.5 1.42 33 7.5 1.45 33.5 7.5 1.49 34 7.5 1.52 34.5 7.5 1.55 35 7.5 1.59 35.5 7.5 1.62 36 7.5 1.65 36.5 7.5 1.69 37 7.5 1.72 37.5 7.5 1.75 38 7.5 1.79 38.5 7.5 1.82 39 7.5 1.86 39.5 7.5 1.89 40 7.5 1.92 40.5 7.5 1.96 41 7.5 1.99 41.5 7.5 2.02 42 7.5 2.06 -29.5 8 -4.84 -30 8 -4.87 -29 8 -4.8 -28.5 8 -4.77 -28 8 -4.74 -27.5 8 -4.7 -27 8 -4.67 -26.5 8 -4.63 -26 8 -4.6 -25.5 8 -4.57 -25 8 -4.53 -24.5 8 -4.5 -24 8 -4.47 -23.5 8 -4.43 -23 8 -4.4 -22.5 8 -4.36 -22 8 -4.33 -21.5 8 -4.3 -21 8 -4.26 -20.5 8 -4.23 -20 8 -4.2 -19.5 8 -4.16 -19 8 -4.13 -18.5 8 -4.1 -18 8 -4.06 -17.5 8 -4.03 -17 8 -3.99 -16.5 8 -3.96 -16 8 -3.93 -15.5 8 -3.89 -15 8 -3.86 -14.5 8 -3.8 -14 8 -3.74 -13.5 8 -2.97 -13 8 -2.97 27.5 8 1.04 27 8 0.98 28 8 1.1 28.5 8 1.16 29 8 1.21 29.5 8 1.27 30 8 1.33 30.5 8 1.36 31 8 1.4 31.5 8 1.43 32 8 1.46 32.5 8 1.5 33 8 1.53 33.5 8 1.57 34 8 1.6 34.5 8 1.63 35 8 1.67 35.5 8 1.7 36 8 1.73 36.5 8 1.77 37 8 1.8 37.5 8 1.83 38 8 1.87 38.5 8 1.9 39 8 1.94 39.5 8 1.97 40 8 2 40.5 8 2.04 41 8 2.07 41.5 8 2.1 42 8 2.14 -29.5 8.5 -4.87 -30 8.5 -4.91 -29 8.5 -4.84 -28.5 8.5 -4.8 -28 8.5 -4.77 -27.5 8.5 -4.74 -27 8.5 -4.7 -26.5 8.5 -4.67 -26 8.5 -4.64 -25.5 8.5 -4.6 -25 8.5 -4.57 -24.5 8.5 -4.54 -24 8.5 -4.5 -23.5 8.5 -4.47 -23 8.5 -4.43 -22.5 8.5 -4.4 -22 8.5 -4.37 -21.5 8.5 -4.33 -21 8.5 -4.3 -20.5 8.5 -4.27 -20 8.5 -4.23 -19.5 8.5 -4.2 -19 8.5 -4.16 -18.5 8.5 -4.13 -18 8.5 -4.1 -17.5 8.5 -4.06 -17 8.5 -4.03 -16.5 8.5 -4 -16 8.5 -3.96 -15.5 8.5 -3.93 -15 8.5 -3.9 -14.5 8.5 -3.84 -14 8.5 -3.78 -13.5 8.5 -2.99 29.5 8.5 1.35 29 8.5 1.29 30 8.5 1.41 30.5 8.5 1.44 31 8.5 1.48 31.5 8.5 1.51 32 8.5 1.55 32.5 8.5 1.58 33 8.5 1.61 33.5 8.5 1.65 34 8.5 1.68 34.5 8.5 1.71 35 8.5 1.75 35.5 8.5 1.78 36 8.5 1.81 36.5 8.5 1.85 37 8.5 1.88 37.5 8.5 1.92 38 8.5 1.95 38.5 8.5 1.98 39 8.5 2.02 39.5 8.5 2.05 40 8.5 2.08 40.5 8.5 2.12 41 8.5 2.15 41.5 8.5 2.18 42 8.5 2.22 -29.5 9 -4.91 -30 9 -4.94 -29 9 -4.87 -28.5 9 -4.84 -28 9 -4.81 -27.5 9 -4.77 -27 9 -4.74 -26.5 9 -4.71 -26 9 -4.67 -25.5 9 -4.64 -25 9 -4.6 -24.5 9 -4.57 -24 9 -4.54 -23.5 9 -4.5 -23 9 -4.47 -22.5 9 -4.44 -22 9 -4.4 -21.5 9 -4.37 -21 9 -4.33 -20.5 9 -4.3 -20 9 -4.27 -19.5 9 -4.23 -19 9 -4.2 -18.5 9 -4.17 -18 9 -4.13 -17.5 9 -4.1 -17 9 -4.07 -16.5 9 -4.03 -16 9 -4 -15.5 9 -3.96 -15 9 -3.93 -14.5 9 -3.87 -14 9 -3.81 -13.5 9 -3.02 30 9 1.49 29.5 9 1.43 30.5 9 1.52 31 9 1.56 31.5 9 1.59 32 9 1.63 32.5 9 1.66 33 9 1.69 33.5 9 1.73 34 9 1.76 34.5 9 1.79 35 9 1.83 35.5 9 1.86 36 9 1.89 36.5 9 1.93 37 9 1.96 37.5 9 2 38 9 2.03 38.5 9 2.06 39 9 2.1 39.5 9 2.13 40 9 2.16 40.5 9 2.2 41 9 2.23 41.5 9 2.27 42 9 2.3 -29.5 9.5 -4.94 -30 9.5 -4.98 -29 9.5 -4.91 -28.5 9.5 -4.88 -28 9.5 -4.84 -27.5 9.5 -4.81 -27 9.5 -4.77 -26.5 9.5 -4.74 -26 9.5 -4.71 -25.5 9.5 -4.67 -25 9.5 -4.64 -24.5 9.5 -4.61 -24 9.5 -4.57 -23.5 9.5 -4.54 -23 9.5 -4.5 -22.5 9.5 -4.47 -22 9.5 -4.44 -21.5 9.5 -4.4 -21 9.5 -4.37 -20.5 9.5 -4.34 -20 9.5 -4.3 -19.5 9.5 -4.27 -19 9.5 -4.24 -18.5 9.5 -4.2 -18 9.5 -4.17 -17.5 9.5 -4.13 -17 9.5 -4.1 -16.5 9.5 -4.07 -16 9.5 -4.03 -15.5 9.5 -4 -15 9.5 -3.97 -14.5 9.5 -3.9 -14 9.5 -3.04 -13.5 9.5 -3.04 30 9.5 1.57 29.5 9.5 1.51 30.5 9.5 1.6 31 9.5 1.64 31.5 9.5 1.67 32 9.5 1.71 32.5 9.5 1.74 33 9.5 1.77 33.5 9.5 1.81 34 9.5 1.84 34.5 9.5 1.87 35 9.5 1.91 35.5 9.5 1.94 36 9.5 1.98 36.5 9.5 2.01 37 9.5 2.04 37.5 9.5 2.08 38 9.5 2.11 38.5 9.5 2.14 39 9.5 2.18 39.5 9.5 2.21 40 9.5 2.24 40.5 9.5 2.28 41 9.5 2.31 41.5 9.5 2.35 42 9.5 2.38 -29.5 10 -4.98 -30 10 -5.01 -29 10 -4.94 -28.5 10 -4.91 -28 10 -4.88 -27.5 10 -4.84 -27 10 -4.81 -26.5 10 -4.78 -26 10 -4.74 -25.5 10 -4.71 -25 10 -4.67 -24.5 10 -4.64 -24 10 -4.61 -23.5 10 -4.57 -23 10 -4.54 -22.5 10 -4.51 -22 10 -4.47 -21.5 10 -4.44 -21 10 -4.41 -20.5 10 -4.37 -20 10 -4.34 -19.5 10 -4.3 -19 10 -4.27 -18.5 10 -4.24 -18 10 -4.2 -17.5 10 -4.17 -17 10 -4.14 -16.5 10 -4.1 -16 10 -4.07 -15.5 10 -4.04 -15 10 -4 -14.5 10 -3.94 -14 10 -3.06 30.5 10 1.69 30 10 1.65 31 10 1.72 31.5 10 1.75 32 10 1.79 32.5 10 1.82 33 10 1.85 33.5 10 1.89 34 10 1.92 34.5 10 1.95 35 10 1.99 35.5 10 2.02 36 10 2.06 36.5 10 2.09 37 10 2.12 37.5 10 2.16 38 10 2.19 38.5 10 2.22 39 10 2.26 39.5 10 2.29 40 10 2.32 40.5 10 2.36 41 10 2.39 41.5 10 2.43 42 10 2.46 -29.5 10.5 -5.01 -30 10.5 -5.05 -29 10.5 -4.98 -28.5 10.5 -4.95 -28 10.5 -4.91 -27.5 10.5 -4.88 -27 10.5 -4.84 -26.5 10.5 -4.81 -26 10.5 -4.78 -25.5 10.5 -4.74 -25 10.5 -4.71 -24.5 10.5 -4.68 -24 10.5 -4.64 -23.5 10.5 -4.61 -23 10.5 -4.58 -22.5 10.5 -4.54 -22 10.5 -4.51 -21.5 10.5 -4.47 -21 10.5 -4.44 -20.5 10.5 -4.41 -20 10.5 -4.37 -19.5 10.5 -4.34 -19 10.5 -4.31 -18.5 10.5 -4.27 -18 10.5 -4.24 -17.5 10.5 -4.21 -17 10.5 -4.17 -16.5 10.5 -4.14 -16 10.5 -4.1 -15.5 10.5 -4.07 -15 10.5 -4.04 -14.5 10.5 -3.09 -14 10.5 -3.09 30.5 10.5 1.77 30 10.5 1.73 31 10.5 1.8 31.5 10.5 1.83 32 10.5 1.87 32.5 10.5 1.9 33 10.5 1.93 33.5 10.5 1.97 34 10.5 2 34.5 10.5 2.03 35 10.5 2.07 35.5 10.5 2.1 36 10.5 2.14 36.5 10.5 2.17 37 10.5 2.2 37.5 10.5 2.24 38 10.5 2.27 38.5 10.5 2.3 39 10.5 2.34 39.5 10.5 2.37 40 10.5 2.41 40.5 10.5 2.44 41 10.5 2.47 41.5 10.5 2.51 42 10.5 2.54 -29.5 11 -5.05 -30 11 -5.08 -29 11 -5.01 -28.5 11 -4.98 -28 11 -4.95 -27.5 11 -4.91 -27 11 -4.88 -26.5 11 -4.85 -26 11 -4.81 -25.5 11 -4.78 -25 11 -4.75 -24.5 11 -4.71 -24 11 -4.68 -23.5 11 -4.64 -23 11 -4.61 -22.5 11 -4.58 -22 11 -4.54 -21.5 11 -4.51 -21 11 -4.48 -20.5 11 -4.44 -20 11 -4.41 -19.5 11 -4.38 -19 11 -4.34 -18.5 11 -4.31 -18 11 -4.27 -17.5 11 -4.24 -17 11 -4.21 -16.5 11 -4.17 -16 11 -4.14 -15.5 11 -4.11 -15 11 -4.07 -14.5 11 -3.11 31 11 1.88 30.5 11 1.85 31.5 11 1.91 32 11 1.95 32.5 11 1.98 33 11 2.01 33.5 11 2.05 34 11 2.08 34.5 11 2.12 35 11 2.15 35.5 11 2.18 36 11 2.22 36.5 11 2.25 37 11 2.28 37.5 11 2.32 38 11 2.35 38.5 11 2.38 39 11 2.42 39.5 11 2.45 40 11 2.49 40.5 11 2.52 41 11 2.55 41.5 11 2.59 42 11 2.62 -29.5 11.5 -5.08 -30 11.5 -5.12 -29 11.5 -5.05 -28.5 11.5 -5.02 -28 11.5 -4.98 -27.5 11.5 -4.95 -27 11.5 -4.92 -26.5 11.5 -4.88 -26 11.5 -4.85 -25.5 11.5 -4.81 -25 11.5 -4.78 -24.5 11.5 -4.75 -24 11.5 -4.71 -23.5 11.5 -4.68 -23 11.5 -4.65 -22.5 11.5 -4.61 -22 11.5 -4.58 -21.5 11.5 -4.55 -21 11.5 -4.51 -20.5 11.5 -4.48 -20 11.5 -4.44 -19.5 11.5 -4.41 -19 11.5 -4.38 -18.5 11.5 -4.34 -18 11.5 -4.31 -17.5 11.5 -4.28 -17 11.5 -4.24 -16.5 11.5 -4.21 -16 11.5 -4.17 -15.5 11.5 -4.14 -15 11.5 -3.14 -14.5 11.5 -3.14 31 11.5 1.96 30.5 11.5 1.93 31.5 11.5 1.99 32 11.5 2.03 32.5 11.5 2.06 33 11.5 2.09 33.5 11.5 2.13 34 11.5 2.16 34.5 11.5 2.2 35 11.5 2.23 35.5 11.5 2.26 36 11.5 2.3 36.5 11.5 2.33 37 11.5 2.36 37.5 11.5 2.4 38 11.5 2.43 38.5 11.5 2.47 39 11.5 2.5 39.5 11.5 2.53 40 11.5 2.57 40.5 11.5 2.6 41 11.5 2.63 41.5 11.5 2.67 42 11.5 2.7 -29.5 12 -5.12 -30 12 -5.15 -29 12 -5.09 -28.5 12 -5.05 -28 12 -5.02 -27.5 12 -4.98 -27 12 -4.95 -26.5 12 -4.92 -26 12 -4.88 -25.5 12 -4.85 -25 12 -4.82 -24.5 12 -4.78 -24 12 -4.75 -23.5 12 -4.72 -23 12 -4.68 -22.5 12 -4.65 -22 12 -4.61 -21.5 12 -4.58 -21 12 -4.55 -20.5 12 -4.51 -20 12 -4.48 -19.5 12 -4.45 -19 12 -4.41 -18.5 12 -4.38 -18 12 -4.34 -17.5 12 -4.31 -17 12 -4.28 -16.5 12 -4.24 -16 12 -4.21 -15.5 12 -4.18 -15 12 -3.16 31.5 12 2.07 31 12 2.04 32 12 2.11 32.5 12 2.14 33 12 2.18 33.5 12 2.21 34 12 2.24 34.5 12 2.28 35 12 2.31 35.5 12 2.34 36 12 2.38 36.5 12 2.41 37 12 2.44 37.5 12 2.48 38 12 2.51 38.5 12 2.55 39 12 2.58 39.5 12 2.61 40 12 2.65 40.5 12 2.68 41 12 2.71 41.5 12 2.75 42 12 2.78 -29.5 12.5 -5.15 -30 12.5 -5.19 -29 12.5 -5.12 -28.5 12.5 -5.09 -28 12.5 -5.05 -27.5 12.5 -5.02 -27 12.5 -4.99 -26.5 12.5 -4.95 -26 12.5 -4.92 -25.5 12.5 -4.89 -25 12.5 -4.85 -24.5 12.5 -4.82 -24 12.5 -4.78 -23.5 12.5 -4.75 -23 12.5 -4.72 -22.5 12.5 -4.68 -22 12.5 -4.65 -21.5 12.5 -4.62 -21 12.5 -4.58 -20.5 12.5 -4.55 -20 12.5 -4.52 -19.5 12.5 -4.48 -19 12.5 -4.45 -18.5 12.5 -4.41 -18 12.5 -4.38 -17.5 12.5 -4.35 -17 12.5 -4.31 -16.5 12.5 -4.28 -16 12.5 -4.25 -15.5 12.5 -3.18 -15 12.5 -3.18 31.5 12.5 2.15 31 12.5 2.12 32 12.5 2.19 32.5 12.5 2.22 33 12.5 2.26 33.5 12.5 2.29 34 12.5 2.32 34.5 12.5 2.36 35 12.5 2.39 35.5 12.5 2.42 36 12.5 2.46 36.5 12.5 2.49 37 12.5 2.52 37.5 12.5 2.56 38 12.5 2.59 38.5 12.5 2.63 39 12.5 2.66 39.5 12.5 2.69 40 12.5 2.73 40.5 12.5 2.76 41 12.5 2.79 41.5 12.5 2.83 42 12.5 2.86 -29.5 13 -5.19 -30 13 -5.22 -29 13 -5.16 -28.5 13 -5.12 -28 13 -5.09 -27.5 13 -5.06 -27 13 -5.02 -26.5 13 -4.99 -26 13 -4.95 -25.5 13 -4.92 -25 13 -4.89 -24.5 13 -4.85 -24 13 -4.82 -23.5 13 -4.79 -23 13 -4.75 -22.5 13 -4.72 -22 13 -4.69 -21.5 13 -4.65 -21 13 -4.62 -20.5 13 -4.58 -20 13 -4.55 -19.5 13 -4.52 -19 13 -4.48 -18.5 13 -4.45 -18 13 -4.42 -17.5 13 -4.38 -17 13 -4.35 -16.5 13 -4.31 -16 13 -4.28 -15.5 13 -3.21 32 13 2.27 31.5 13 2.23 32.5 13 2.3 33 13 2.34 33.5 13 2.37 34 13 2.4 34.5 13 2.44 35 13 2.47 35.5 13 2.5 36 13 2.54 36.5 13 2.57 37 13 2.61 37.5 13 2.64 38 13 2.67 38.5 13 2.71 39 13 2.74 39.5 13 2.77 40 13 2.81 40.5 13 2.84 41 13 2.87 41.5 13 2.91 42 13 2.94 -29.5 13.5 -5.23 -30 13.5 -5.26 -29 13.5 -5.19 -28.5 13.5 -5.16 -28 13.5 -5.12 -27.5 13.5 -5.09 -27 13.5 -5.06 -26.5 13.5 -5.02 -26 13.5 -4.99 -25.5 13.5 -4.96 -25 13.5 -4.92 -24.5 13.5 -4.89 -24 13.5 -4.86 -23.5 13.5 -4.82 -23 13.5 -4.79 -22.5 13.5 -4.75 -22 13.5 -4.72 -21.5 13.5 -4.69 -21 13.5 -4.65 -20.5 13.5 -4.62 -20 13.5 -4.59 -19.5 13.5 -4.55 -19 13.5 -4.52 -18.5 13.5 -4.48 -18 13.5 -4.45 -17.5 13.5 -4.42 -17 13.5 -4.38 -16.5 13.5 -4.35 -16 13.5 -3.23 -15.5 13.5 -3.23 32 13.5 2.35 31.5 13.5 2.32 32.5 13.5 2.38 33 13.5 2.42 33.5 13.5 2.45 34 13.5 2.48 34.5 13.5 2.52 35 13.5 2.55 35.5 13.5 2.58 36 13.5 2.62 36.5 13.5 2.65 37 13.5 2.69 37.5 13.5 2.72 38 13.5 2.75 38.5 13.5 2.79 39 13.5 2.82 39.5 13.5 2.85 40 13.5 2.89 40.5 13.5 2.92 41 13.5 2.95 41.5 13.5 2.99 42 13.5 3.02 -29.5 14 -5.26 -30 14 -5.29 -29 14 -5.23 -28.5 14 -5.19 -28 14 -5.16 -27.5 14 -5.13 -27 14 -5.09 -26.5 14 -5.06 -26 14 -5.03 -25.5 14 -4.99 -25 14 -4.96 -24.5 14 -4.92 -24 14 -4.89 -23.5 14 -4.86 -23 14 -4.82 -22.5 14 -4.79 -22 14 -4.76 -21.5 14 -4.72 -21 14 -4.69 -20.5 14 -4.65 -20 14 -4.62 -19.5 14 -4.59 -19 14 -4.55 -18.5 14 -4.52 -18 14 -4.49 -17.5 14 -4.45 -17 14 -4.42 -16.5 14 -4.39 -16 14 -3.26 27.5 13.5 1.86 28 13.5 1.93 28 14 2 27.5 14 1.93 28.5 13.5 2 28.5 14 2.08 29 13.5 2.07 29 14 2.15 29.5 13.5 2.14 29.5 14 2.22 30 13.5 2.21 30 14 2.29 30.5 13.5 2.25 30.5 14 2.33 31 13.5 2.28 31 14 2.36 31.5 14 2.4 32 14 2.43 32.5 14 2.46 33 14 2.5 33.5 14 2.53 34 14 2.56 34.5 14 2.6 35 14 2.63 35.5 14 2.66 36 14 2.7 36.5 14 2.73 37 14 2.77 37.5 14 2.8 38 14 2.83 38.5 14 2.87 39 14 2.9 39.5 14 2.93 40 14 2.97 40.5 14 3 41 14 3.04 41.5 14 3.07 42 14 3.1 -29.5 14.5 -5.3 -30 14.5 -5.33 -29 14.5 -5.26 -28.5 14.5 -5.23 -28 14.5 -5.2 -27.5 14.5 -5.16 -27 14.5 -5.13 -26.5 14.5 -5.09 -26 14.5 -5.06 -25.5 14.5 -5.03 -25 14.5 -4.99 -24.5 14.5 -4.96 -24 14.5 -4.93 -23.5 14.5 -4.89 -23 14.5 -4.86 -22.5 14.5 -4.82 -22 14.5 -4.79 -21.5 14.5 -4.76 -21 14.5 -4.72 -20.5 14.5 -4.69 -20 14.5 -4.66 -19.5 14.5 -4.62 -19 14.5 -4.59 -18.5 14.5 -4.56 -18 14.5 -4.52 -17.5 14.5 -4.49 -17 14.5 -4.45 -16.5 14.5 -3.28 -16 14.5 -3.28 22 14 1.13 22.5 14 1.2 22.5 14.5 1.26 22 14.5 1.18 23 14 1.27 23 14.5 1.33 23.5 14 1.34 23.5 14.5 1.41 24 14 1.42 24 14.5 1.48 24.5 14 1.49 24.5 14.5 1.56 25 14 1.56 25 14.5 1.63 25.5 14 1.64 25.5 14.5 1.71 26 14 1.71 26 14.5 1.78 26.5 14 1.78 26.5 14.5 1.85 27 14 1.86 27 14.5 1.93 27.5 14.5 2 28 14.5 2.08 28.5 14.5 2.15 29 14.5 2.23 29.5 14.5 2.3 30 14.5 2.38 30.5 14.5 2.41 31 14.5 2.44 31.5 14.5 2.48 32 14.5 2.51 32.5 14.5 2.54 33 14.5 2.58 33.5 14.5 2.61 34 14.5 2.64 34.5 14.5 2.68 35 14.5 2.71 35.5 14.5 2.75 36 14.5 2.78 36.5 14.5 2.81 37 14.5 2.85 37.5 14.5 2.88 38 14.5 2.91 38.5 14.5 2.95 39 14.5 2.98 39.5 14.5 3.01 40 14.5 3.05 40.5 14.5 3.08 41 14.5 3.12 41.5 14.5 3.15 42 14.5 3.18 -29.5 15 -5.33 -30 15 -5.37 -29 15 -5.3 -28.5 15 -5.26 -28 15 -5.23 -27.5 15 -5.2 -27 15 -5.16 -26.5 15 -5.13 -26 15 -5.1 -25.5 15 -5.06 -25 15 -5.03 -24.5 15 -4.99 -24 15 -4.96 -23.5 15 -4.93 -23 15 -4.89 -22.5 15 -4.86 -22 15 -4.83 -21.5 15 -4.79 -21 15 -4.76 -20.5 15 -4.73 -20 15 -4.69 -19.5 15 -4.66 -19 15 -4.62 -18.5 15 -4.59 -18 15 -4.56 -17.5 15 -4.52 -17 15 -4.49 -16.5 15 -3.3 16.5 14.5 0.37 17 14.5 0.44 17 15 0.49 16.5 15 0.41 17.5 14.5 0.52 17.5 15 0.56 18 14.5 0.59 18 15 0.64 18.5 14.5 0.66 18.5 15 0.71 19 14.5 0.74 19 15 0.79 19.5 14.5 0.81 19.5 15 0.87 20 14.5 0.89 20 15 0.94 20.5 14.5 0.96 20.5 15 1.02 21 14.5 1.04 21 15 1.09 21.5 14.5 1.11 21.5 15 1.17 22 15 1.24 22.5 15 1.32 23 15 1.4 23.5 15 1.47 24 15 1.55 24.5 15 1.62 25 15 1.7 25.5 15 1.77 26 15 1.85 26.5 15 1.93 27 15 2 27.5 15 2.08 28 15 2.15 28.5 15 2.23 29 15 2.3 29.5 15 2.38 30 15 2.46 30.5 15 2.49 31 15 2.52 31.5 15 2.56 32 15 2.59 32.5 15 2.62 33 15 2.66 33.5 15 2.69 34 15 2.72 34.5 15 2.76 35 15 2.79 35.5 15 2.83 36 15 2.86 36.5 15 2.89 37 15 2.93 37.5 15 2.96 38 15 2.99 38.5 15 3.03 39 15 3.06 39.5 15 3.1 40 15 3.13 40.5 15 3.16 41 15 3.2 41.5 15 3.23 42 15 3.26 -29.5 15.5 -5.37 -30 15.5 -5.4 -29 15.5 -5.33 -28.5 15.5 -5.3 -28 15.5 -5.27 -27.5 15.5 -5.23 -27 15.5 -5.2 -26.5 15.5 -5.16 -26 15.5 -5.13 -25.5 15.5 -5.1 -25 15.5 -5.06 -24.5 15.5 -5.03 -24 15.5 -5 -23.5 15.5 -4.96 -23 15.5 -4.93 -22.5 15.5 -4.9 -22 15.5 -4.86 -21.5 15.5 -4.83 -21 15.5 -4.79 -20.5 15.5 -4.76 -20 15.5 -4.73 -19.5 15.5 -4.69 -19 15.5 -4.66 -18.5 15.5 -4.63 -18 15.5 -4.59 -17.5 15.5 -4.56 -17 15.5 -3.33 -16.5 15.5 -3.33 11 15 -0.42 11.5 15 -0.34 11.5 15.5 -0.31 11 15.5 -0.39 12 15 -0.27 12 15.5 -0.23 12.5 15 -0.19 12.5 15.5 -0.16 13 15 -0.12 13 15.5 -0.08 13.5 15 -0.04 13.5 15.5 0 14 15 0.03 14 15.5 0.07 14.5 15 0.11 14.5 15.5 0.15 15 15 0.19 15 15.5 0.23 15.5 15 0.26 15.5 15.5 0.3 16 15 0.34 16 15.5 0.38 16.5 15.5 0.46 17 15.5 0.53 17.5 15.5 0.61 18 15.5 0.69 18.5 15.5 0.77 19 15.5 0.84 19.5 15.5 0.92 20 15.5 1 20.5 15.5 1.07 21 15.5 1.15 21.5 15.5 1.23 22 15.5 1.3 22.5 15.5 1.38 23 15.5 1.46 23.5 15.5 1.54 24 15.5 1.61 24.5 15.5 1.69 25 15.5 1.77 25.5 15.5 1.84 26 15.5 1.92 26.5 15.5 2 27 15.5 2.07 27.5 15.5 2.15 28 15.5 2.23 28.5 15.5 2.3 29 15.5 2.38 29.5 15.5 2.46 30 15.5 2.54 30.5 15.5 2.57 31 15.5 2.6 31.5 15.5 2.64 32 15.5 2.67 32.5 15.5 2.7 33 15.5 2.74 33.5 15.5 2.77 34 15.5 2.81 34.5 15.5 2.84 35 15.5 2.87 35.5 15.5 2.91 36 15.5 2.94 36.5 15.5 2.97 37 15.5 3.01 37.5 15.5 3.04 38 15.5 3.07 38.5 15.5 3.11 39 15.5 3.14 39.5 15.5 3.18 40 15.5 3.21 40.5 15.5 3.24 41 15.5 3.28 41.5 15.5 3.31 42 15.5 3.34 -29.5 16 -5.4 -30 16 -5.44 -29 16 -5.37 -28.5 16 -5.33 -28 16 -5.3 -27.5 16 -5.27 -27 16 -5.23 -26.5 16 -5.2 -26 16 -5.17 -25.5 16 -5.13 -25 16 -5.1 -24.5 16 -5.07 -24 16 -5.03 -23.5 16 -5 -23 16 -4.96 -22.5 16 -4.93 -22 16 -4.9 -21.5 16 -4.86 -21 16 -4.83 -20.5 16 -4.8 -20 16 -4.76 -19.5 16 -4.73 -19 16 -4.7 -18.5 16 -4.66 -18 16 -4.63 -17.5 16 -4.59 -17 16 -3.35 5.5 15.5 -1.24 6 15.5 -1.16 6 16 -1.14 5.5 16 -1.22 6.5 15.5 -1.08 6.5 16 -1.06 7 15.5 -1 7 16 -0.98 7.5 15.5 -0.93 7.5 16 -0.9 8 15.5 -0.85 8 16 -0.83 8.5 15.5 -0.77 8.5 16 -0.75 9 15.5 -0.7 9 16 -0.67 9.5 15.5 -0.62 9.5 16 -0.59 10 15.5 -0.54 10 16 -0.51 10.5 15.5 -0.47 10.5 16 -0.44 11 16 -0.36 11.5 16 -0.28 12 16 -0.2 12.5 16 -0.12 13 16 -0.04 13.5 16 0.03 14 16 0.11 14.5 16 0.19 15 16 0.27 15.5 16 0.35 16 16 0.43 16.5 16 0.5 17 16 0.58 17.5 16 0.66 18 16 0.74 18.5 16 0.82 19 16 0.89 19.5 16 0.97 20 16 1.05 20.5 16 1.13 21 16 1.21 21.5 16 1.29 22 16 1.36 22.5 16 1.44 23 16 1.52 23.5 16 1.6 24 16 1.68 24.5 16 1.76 25 16 1.83 25.5 16 1.91 26 16 1.99 26.5 16 2.07 27 16 2.15 27.5 16 2.22 28 16 2.3 28.5 16 2.38 29 16 2.46 29.5 16 2.54 30 16 2.62 30.5 16 2.65 31 16 2.68 31.5 16 2.72 32 16 2.75 32.5 16 2.78 33 16 2.82 33.5 16 2.85 34 16 2.89 34.5 16 2.92 35 16 2.95 35.5 16 2.99 36 16 3.02 36.5 16 3.05 37 16 3.09 37.5 16 3.12 38 16 3.15 38.5 16 3.19 39 16 3.22 39.5 16 3.26 40 16 3.29 40.5 16 3.32 41 16 3.36 41.5 16 3.39 42 16 3.42 -29.5 16.5 -5.44 -30 16.5 -5.47 -29 16.5 -5.4 -28.5 16.5 -5.37 -28 16.5 -5.34 -27.5 16.5 -5.3 -27 16.5 -5.27 -26.5 16.5 -5.24 -26 16.5 -5.2 -25.5 16.5 -5.17 -25 16.5 -5.13 -24.5 16.5 -5.1 -24 16.5 -5.07 -23.5 16.5 -5.03 -23 16.5 -5 -22.5 16.5 -4.97 -22 16.5 -4.93 -21.5 16.5 -4.9 -21 16.5 -4.87 -20.5 16.5 -4.83 -20 16.5 -4.8 -19.5 16.5 -4.76 -19 16.5 -4.73 -18.5 16.5 -4.7 -18 16.5 -4.66 -17.5 16.5 -3.38 -17 16.5 -3.38 0.5 16 -2 1 16 -1.92 1 16.5 -1.92 0.5 16.5 -2 1.5 16 -1.84 1.5 16.5 -1.84 2 16 -1.77 2 16.5 -1.76 2.5 16 -1.69 2.5 16.5 -1.68 3 16 -1.61 3 16.5 -1.6 3.5 16 -1.53 3.5 16.5 -1.52 4 16 -1.45 4 16.5 -1.44 4.5 16 -1.37 4.5 16.5 -1.36 5 16 -1.3 5 16.5 -1.28 5.5 16.5 -1.2 6 16.5 -1.12 6.5 16.5 -1.04 7 16.5 -0.96 7.5 16.5 -0.88 8 16.5 -0.8 8.5 16.5 -0.72 9 16.5 -0.64 9.5 16.5 -0.56 10 16.5 -0.48 10.5 16.5 -0.41 11 16.5 -0.33 11.5 16.5 -0.25 12 16.5 -0.17 12.5 16.5 -0.09 13 16.5 -0.01 13.5 16.5 0.07 14 16.5 0.15 14.5 16.5 0.23 15 16.5 0.31 15.5 16.5 0.39 16 16.5 0.47 16.5 16.5 0.55 17 16.5 0.63 17.5 16.5 0.71 18 16.5 0.79 18.5 16.5 0.87 19 16.5 0.95 19.5 16.5 1.03 20 16.5 1.11 20.5 16.5 1.19 21 16.5 1.27 21.5 16.5 1.34 22 16.5 1.42 22.5 16.5 1.5 23 16.5 1.58 23.5 16.5 1.66 24 16.5 1.74 24.5 16.5 1.82 25 16.5 1.9 25.5 16.5 1.98 26 16.5 2.06 26.5 16.5 2.14 27 16.5 2.22 27.5 16.5 2.3 28 16.5 2.38 28.5 16.5 2.46 29 16.5 2.54 29.5 16.5 2.62 30 16.5 2.7 30.5 16.5 2.73 31 16.5 2.76 31.5 16.5 2.8 32 16.5 2.83 32.5 16.5 2.86 33 16.5 2.9 33.5 16.5 2.93 34 16.5 2.97 34.5 16.5 3 35 16.5 3.03 35.5 16.5 3.07 36 16.5 3.1 36.5 16.5 3.13 37 16.5 3.17 37.5 16.5 3.2 38 16.5 3.24 38.5 16.5 3.27 39 16.5 3.3 39.5 16.5 3.34 40 16.5 3.37 40.5 16.5 3.4 41 16.5 3.44 41.5 16.5 3.47 42 16.5 3.5 -29.5 17 -5.47 -30 17 -5.51 -29 17 -5.44 -28.5 17 -5.41 -28 17 -5.37 -27.5 17 -5.34 -27 17 -5.3 -26.5 17 -5.27 -26 17 -5.24 -25.5 17 -5.2 -25 17 -5.17 -24.5 17 -5.14 -24 17 -5.1 -23.5 17 -5.07 -23 17 -5.04 -22.5 17 -5 -22 17 -4.97 -21.5 17 -4.93 -21 17 -4.9 -20.5 17 -4.87 -20 17 -4.83 -19.5 17 -4.8 -19 17 -4.77 -18.5 17 -4.73 -18 17 -4.7 -17.5 17 -3.4 -5 16.5 -2.87 -4.5 16.5 -2.79 -4.5 17 -2.8 -5 17 -2.88 -4 16.5 -2.71 -4 17 -2.72 -3.5 16.5 -2.63 -3.5 17 -2.64 -3 16.5 -2.55 -3 17 -2.56 -2.5 16.5 -2.47 -2.5 17 -2.48 -2 16.5 -2.39 -2 17 -2.4 -1.5 16.5 -2.31 -1.5 17 -2.31 -1 16.5 -2.23 -1 17 -2.23 -0.5 16.5 -2.15 -0.5 17 -2.15 0 16.5 -2.08 0 17 -2.07 0.5 17 -1.99 1 17 -1.91 1.5 17 -1.83 2 17 -1.75 2.5 17 -1.67 3 17 -1.59 3.5 17 -1.51 4 17 -1.43 4.5 17 -1.34 5 17 -1.26 5.5 17 -1.18 6 17 -1.1 6.5 17 -1.02 7 17 -0.94 7.5 17 -0.86 8 17 -0.78 8.5 17 -0.7 9 17 -0.62 9.5 17 -0.54 10 17 -0.46 10.5 17 -0.37 11 17 -0.29 11.5 17 -0.21 12 17 -0.13 12.5 17 -0.05 13 17 0.03 13.5 17 0.11 14 17 0.19 14.5 17 0.27 15 17 0.35 15.5 17 0.43 16 17 0.51 16.5 17 0.59 17 17 0.68 17.5 17 0.76 18 17 0.84 18.5 17 0.92 19 17 1 19.5 17 1.08 20 17 1.16 20.5 17 1.24 21 17 1.32 21.5 17 1.4 22 17 1.48 22.5 17 1.56 23 17 1.65 23.5 17 1.73 24 17 1.81 24.5 17 1.89 25 17 1.97 25.5 17 2.05 26 17 2.13 26.5 17 2.21 27 17 2.29 27.5 17 2.37 28 17 2.45 28.5 17 2.53 29 17 2.62 29.5 17 2.7 30 17 2.78 30.5 17 2.81 31 17 2.84 31.5 17 2.88 32 17 2.91 32.5 17 2.95 33 17 2.98 33.5 17 3.01 34 17 3.05 34.5 17 3.08 35 17 3.11 35.5 17 3.15 36 17 3.18 36.5 17 3.21 37 17 3.25 37.5 17 3.28 38 17 3.32 38.5 17 3.35 39 17 3.38 39.5 17 3.42 40 17 3.45 40.5 17 3.48 41 17 3.52 41.5 17 3.55 42 17 3.58 -29.5 17.5 -5.51 -30 17.5 -5.54 -29 17.5 -5.47 -28.5 17.5 -5.44 -28 17.5 -5.41 -27.5 17.5 -5.37 -27 17.5 -5.34 -26.5 17.5 -5.31 -26 17.5 -5.27 -25.5 17.5 -5.24 -25 17.5 -5.21 -24.5 17.5 -5.17 -24 17.5 -5.14 -23.5 17.5 -5.1 -23 17.5 -5.07 -22.5 17.5 -5.04 -22 17.5 -5 -21.5 17.5 -4.97 -21 17.5 -4.94 -20.5 17.5 -4.9 -20 17.5 -4.87 -19.5 17.5 -4.84 -19 17.5 -4.8 -18.5 17.5 -4.77 -18 17.5 -3.4 -17.5 17.5 -3.4 -10.5 17 -3.77 -10 17 -3.69 -10 17.5 -3.71 -10.5 17.5 -3.79 -9.5 17 -3.61 -9.5 17.5 -3.63 -9 17 -3.53 -9 17.5 -3.55 -8.5 17 -3.45 -8.5 17.5 -3.46 -8 17 -3.37 -8 17.5 -3.38 -7.5 17 -3.28 -7.5 17.5 -3.3 -7 17 -3.2 -7 17.5 -3.22 -6.5 17 -3.12 -6.5 17.5 -3.14 -6 17 -3.04 -6 17.5 -3.05 -5.5 17 -2.96 -5.5 17.5 -2.97 -5 17.5 -2.89 -4.5 17.5 -2.81 -4 17.5 -2.73 -3.5 17.5 -2.64 -3 17.5 -2.56 -2.5 17.5 -2.48 -2 17.5 -2.4 -1.5 17.5 -2.32 -1 17.5 -2.23 -0.5 17.5 -2.15 0 17.5 -2.07 0.5 17.5 -1.99 1 17.5 -1.9 1.5 17.5 -1.82 2 17.5 -1.74 2.5 17.5 -1.66 3 17.5 -1.58 3.5 17.5 -1.49 4 17.5 -1.41 4.5 17.5 -1.33 5 17.5 -1.25 5.5 17.5 -1.17 6 17.5 -1.08 6.5 17.5 -1 7 17.5 -0.92 7.5 17.5 -0.84 8 17.5 -0.76 8.5 17.5 -0.67 9 17.5 -0.59 9.5 17.5 -0.51 10 17.5 -0.43 10.5 17.5 -0.34 11 17.5 -0.26 11.5 17.5 -0.18 12 17.5 -0.1 12.5 17.5 -0.02 13 17.5 0.07 13.5 17.5 0.15 14 17.5 0.23 14.5 17.5 0.31 15 17.5 0.39 15.5 17.5 0.48 16 17.5 0.56 16.5 17.5 0.64 17 17.5 0.72 17.5 17.5 0.8 18 17.5 0.89 18.5 17.5 0.97 19 17.5 1.05 19.5 17.5 1.13 20 17.5 1.22 20.5 17.5 1.3 21 17.5 1.38 21.5 17.5 1.46 22 17.5 1.54 22.5 17.5 1.63 23 17.5 1.71 23.5 17.5 1.79 24 17.5 1.87 24.5 17.5 1.95 25 17.5 2.04 25.5 17.5 2.12 26 17.5 2.2 26.5 17.5 2.28 27 17.5 2.36 27.5 17.5 2.45 28 17.5 2.53 28.5 17.5 2.61 29 17.5 2.69 29.5 17.5 2.78 30 17.5 2.86 30.5 17.5 2.89 31 17.5 2.92 31.5 17.5 2.96 32 17.5 2.99 32.5 17.5 3.03 33 17.5 3.06 33.5 17.5 3.09 34 17.5 3.13 34.5 17.5 3.16 35 17.5 3.19 35.5 17.5 3.23 36 17.5 3.26 36.5 17.5 3.3 37 17.5 3.33 37.5 17.5 3.36 38 17.5 3.4 38.5 17.5 3.43 39 17.5 3.46 39.5 17.5 3.5 40 17.5 3.53 40.5 17.5 3.56 41 17.5 3.6 41.5 17.5 3.63 42 17.5 3.67 -29.5 18 -5.54 -30 18 -5.58 -29 18 -5.51 -28.5 18 -5.48 -28 18 -5.44 -27.5 18 -5.41 -27 18 -5.38 -26.5 18 -5.34 -26 18 -5.31 -25.5 18 -5.27 -25 18 -5.24 -24.5 18 -5.21 -24 18 -5.17 -23.5 18 -5.14 -23 18 -5.11 -22.5 18 -5.07 -22 18 -5.04 -21.5 18 -5.01 -21 18 -4.97 -20.5 18 -4.94 -20 18 -4.9 -19.5 18 -4.87 -19 18 -4.84 -18.5 18 -4.8 -18 18 -4.77 -16.5 17.5 -4.63 -16 17.5 -4.6 -16 18 -4.63 -16.5 18 -4.67 -15.5 17.5 -4.57 -15.5 18 -4.6 -15 17.5 -4.53 -15 18 -4.57 -14.5 17.5 -4.45 -14.5 18 -4.48 -14 17.5 -4.37 -14 18 -4.4 -13.5 17.5 -4.29 -13.5 18 -4.32 -13 17.5 -4.2 -13 18 -4.23 -12.5 17.5 -4.12 -12.5 18 -4.15 -12 17.5 -4.04 -12 18 -4.07 -11.5 17.5 -3.96 -11.5 18 -3.98 -11 17.5 -3.88 -11 18 -3.9 -10.5 18 -3.82 -10 18 -3.73 -9.5 18 -3.65 -9 18 -3.57 -8.5 18 -3.48 -8 18 -3.4 -7.5 18 -3.32 -7 18 -3.23 -6.5 18 -3.15 -6 18 -3.07 -5.5 18 -2.98 -5 18 -2.9 -4.5 18 -2.82 -4 18 -2.73 -3.5 18 -2.65 -3 18 -2.57 -2.5 18 -2.48 -2 18 -2.4 -1.5 18 -2.32 -1 18 -2.23 -0.5 18 -2.15 0 18 -2.07 0.5 18 -1.98 1 18 -1.9 1.5 18 -1.82 2 18 -1.73 2.5 18 -1.65 3 18 -1.57 3.5 18 -1.48 4 18 -1.4 4.5 18 -1.32 5 18 -1.23 5.5 18 -1.15 6 18 -1.07 6.5 18 -0.98 7 18 -0.9 7.5 18 -0.81 8 18 -0.73 8.5 18 -0.65 9 18 -0.56 9.5 18 -0.48 10 18 -0.4 10.5 18 -0.31 11 18 -0.23 11.5 18 -0.15 12 18 -0.06 12.5 18 0.02 13 18 0.1 13.5 18 0.19 14 18 0.27 14.5 18 0.35 15 18 0.44 15.5 18 0.52 16 18 0.6 16.5 18 0.69 17 18 0.77 17.5 18 0.85 18 18 0.94 18.5 18 1.02 19 18 1.1 19.5 18 1.19 20 18 1.27 20.5 18 1.35 21 18 1.44 21.5 18 1.52 22 18 1.6 22.5 18 1.69 23 18 1.77 23.5 18 1.85 24 18 1.94 24.5 18 2.02 25 18 2.1 25.5 18 2.19 26 18 2.27 26.5 18 2.35 27 18 2.44 27.5 18 2.52 28 18 2.6 28.5 18 2.69 29 18 2.77 29.5 18 2.85 30 18 2.94 30.5 18 2.97 31 18 3.01 31.5 18 3.04 32 18 3.07 32.5 18 3.11 33 18 3.14 33.5 18 3.17 34 18 3.21 34.5 18 3.24 35 18 3.27 35.5 18 3.31 36 18 3.34 36.5 18 3.38 37 18 3.41 37.5 18 3.44 38 18 3.48 38.5 18 3.51 39 18 3.54 39.5 18 3.58 40 18 3.61 40.5 18 3.64 41 18 3.68 41.5 18 3.71 42 18 3.75 -29.5 18.5 -5.58 -30 18.5 -5.61 -29 18.5 -5.55 -28.5 18.5 -5.51 -28 18.5 -5.48 -27.5 18.5 -5.44 -27 18.5 -5.41 -26.5 18.5 -5.38 -26 18.5 -5.34 -25.5 18.5 -5.31 -25 18.5 -5.28 -24.5 18.5 -5.24 -24 18.5 -5.21 -23.5 18.5 -5.18 -23 18.5 -5.14 -22.5 18.5 -5.11 -22 18.5 -5.07 -21.5 18.5 -5.04 -21 18.5 -5.01 -20.5 18.5 -4.97 -20 18.5 -4.94 -19.5 18.5 -4.91 -19 18.5 -4.87 -18.5 18.5 -4.84 -18 18.5 -4.8 -17.5 18 -4.74 -17.5 18.5 -4.77 -17 18 -4.7 -17 18.5 -4.74 -16.5 18.5 -4.7 -16 18.5 -4.67 -15.5 18.5 -4.64 -15 18.5 -4.6 -14.5 18.5 -4.52 -14 18.5 -4.43 -13.5 18.5 -4.35 -13 18.5 -4.26 -12.5 18.5 -4.18 -12 18.5 -4.09 -11.5 18.5 -4.01 -11 18.5 -3.93 -10.5 18.5 -3.84 -10 18.5 -3.76 -9.5 18.5 -3.67 -9 18.5 -3.59 -8.5 18.5 -3.5 -8 18.5 -3.42 -7.5 18.5 -3.33 -7 18.5 -3.25 -6.5 18.5 -3.16 -6 18.5 -3.08 -5.5 18.5 -2.99 -5 18.5 -2.91 -4.5 18.5 -2.82 -4 18.5 -2.74 -3.5 18.5 -2.66 -3 18.5 -2.57 -2.5 18.5 -2.49 -2 18.5 -2.4 -1.5 18.5 -2.32 -1 18.5 -2.23 -0.5 18.5 -2.15 0 18.5 -2.06 0.5 18.5 -1.98 1 18.5 -1.89 1.5 18.5 -1.81 2 18.5 -1.72 2.5 18.5 -1.64 3 18.5 -1.55 3.5 18.5 -1.47 4 18.5 -1.39 4.5 18.5 -1.3 5 18.5 -1.22 5.5 18.5 -1.13 6 18.5 -1.05 6.5 18.5 -0.96 7 18.5 -0.88 7.5 18.5 -0.79 8 18.5 -0.71 8.5 18.5 -0.62 9 18.5 -0.54 9.5 18.5 -0.45 10 18.5 -0.37 10.5 18.5 -0.28 11 18.5 -0.2 11.5 18.5 -0.11 12 18.5 -0.03 12.5 18.5 0.05 13 18.5 0.14 13.5 18.5 0.22 14 18.5 0.31 14.5 18.5 0.39 15 18.5 0.48 15.5 18.5 0.56 16 18.5 0.65 16.5 18.5 0.73 17 18.5 0.82 17.5 18.5 0.9 18 18.5 0.99 18.5 18.5 1.07 19 18.5 1.16 19.5 18.5 1.24 20 18.5 1.32 20.5 18.5 1.41 21 18.5 1.49 21.5 18.5 1.58 22 18.5 1.66 22.5 18.5 1.75 23 18.5 1.83 23.5 18.5 1.92 24 18.5 2 24.5 18.5 2.09 25 18.5 2.17 25.5 18.5 2.26 26 18.5 2.34 26.5 18.5 2.43 27 18.5 2.51 27.5 18.5 2.59 28 18.5 2.68 28.5 18.5 2.76 29 18.5 2.85 29.5 18.5 2.93 30 18.5 3.02 30.5 18.5 3.05 31 18.5 3.09 31.5 18.5 3.12 32 18.5 3.15 32.5 18.5 3.19 33 18.5 3.22 33.5 18.5 3.25 34 18.5 3.29 34.5 18.5 3.32 35 18.5 3.35 35.5 18.5 3.39 36 18.5 3.42 36.5 18.5 3.46 37 18.5 3.49 37.5 18.5 3.52 38 18.5 3.56 38.5 18.5 3.59 39 18.5 3.62 39.5 18.5 3.66 40 18.5 3.69 40.5 18.5 3.73 41 18.5 3.76 41.5 18.5 3.79 42 18.5 3.83 -29.5 19 -5.59 -30 19 -5.62 -29 19 -5.56 -28.5 19 -5.52 -28 19 -5.49 -27.5 19 -5.45 -27 19 -5.42 -26.5 19 -5.39 -26 19 -5.35 -25.5 19 -5.32 -25 19 -5.29 -24.5 19 -5.25 -24 19 -5.22 -23.5 19 -5.19 -23 19 -5.15 -22.5 19 -5.12 -22 19 -5.08 -21.5 19 -5.05 -21 19 -5.02 -20.5 19 -4.98 -20 19 -4.95 -19.5 19 -4.92 -19 19 -4.88 -18.5 19 -4.85 -18 19 -4.81 -17.5 19 -4.78 -17 19 -4.75 -16.5 19 -4.71 -16 19 -4.68 -15.5 19 -4.65 -15 19 -4.61 -14.5 19 -4.53 -14 19 -4.44 -13.5 19 -4.36 -13 19 -4.27 -12.5 19 -4.19 -12 19 -4.1 -11.5 19 -4.02 -11 19 -3.93 -10.5 19 -3.85 -10 19 -3.76 -9.5 19 -3.68 -9 19 -3.59 -8.5 19 -3.51 -8 19 -3.42 -7.5 19 -3.34 -7 19 -3.25 -6.5 19 -3.17 -6 19 -3.08 -5.5 19 -3 -5 19 -2.91 -4.5 19 -2.83 -4 19 -2.74 -3.5 19 -2.66 -3 19 -2.57 -2.5 19 -2.48 -2 19 -2.4 -1.5 19 -2.31 -1 19 -2.23 -0.5 19 -2.14 0 19 -2.06 0.5 19 -1.97 1 19 -1.89 1.5 19 -1.8 2 19 -1.72 2.5 19 -1.63 3 19 -1.55 3.5 19 -1.46 4 19 -1.38 4.5 19 -1.29 5 19 -1.21 5.5 19 -1.12 6 19 -1.04 6.5 19 -0.95 7 19 -0.87 7.5 19 -0.78 8 19 -0.7 8.5 19 -0.61 9 19 -0.53 9.5 19 -0.44 10 19 -0.36 10.5 19 -0.27 11 19 -0.19 11.5 19 -0.1 12 19 -0.02 12.5 19 0.07 13 19 0.15 13.5 19 0.24 14 19 0.32 14.5 19 0.41 15 19 0.49 15.5 19 0.58 16 19 0.66 16.5 19 0.75 17 19 0.83 17.5 19 0.92 18 19 1 18.5 19 1.09 19 19 1.18 19.5 19 1.26 20 19 1.35 20.5 19 1.43 21 19 1.52 21.5 19 1.6 22 19 1.69 22.5 19 1.77 23 19 1.86 23.5 19 1.94 24 19 2.03 24.5 19 2.11 25 19 2.2 25.5 19 2.28 26 19 2.37 26.5 19 2.45 27 19 2.54 27.5 19 2.62 28 19 2.71 28.5 19 2.79 29 19 2.88 29.5 19 2.96 30 19 3.05 30.5 19 3.08 31 19 3.11 31.5 19 3.15 32 19 3.18 32.5 19 3.22 33 19 3.25 33.5 19 3.28 34 19 3.32 34.5 19 3.35 35 19 3.38 35.5 19 3.42 36 19 3.45 36.5 19 3.49 37 19 3.52 37.5 19 3.55 38 19 3.59 38.5 19 3.62 39 19 3.65 39.5 19 3.69 40 19 3.72 40.5 19 3.75 41 19 3.79 41.5 19 3.82 42 19 3.86 -29.5 19.5 -5.59 -30 19.5 -5.62 -29 19.5 -5.55 -28.5 19.5 -5.52 -28 19.5 -5.48 -27.5 19.5 -5.45 -27 19.5 -5.42 -26.5 19.5 -5.38 -26 19.5 -5.35 -25.5 19.5 -5.32 -25 19.5 -5.28 -24.5 19.5 -5.25 -24 19.5 -5.22 -23.5 19.5 -5.18 -23 19.5 -5.15 -22.5 19.5 -5.11 -22 19.5 -5.08 -21.5 19.5 -5.05 -21 19.5 -5.01 -20.5 19.5 -4.98 -20 19.5 -4.95 -19.5 19.5 -4.91 -19 19.5 -4.88 -18.5 19.5 -4.85 -18 19.5 -4.81 -17.5 19.5 -4.78 -17 19.5 -4.74 -16.5 19.5 -4.71 -16 19.5 -4.68 -15.5 19.5 -4.64 -15 19.5 -4.61 -14.5 19.5 -4.52 -14 19.5 -4.44 -13.5 19.5 -4.35 -13 19.5 -4.27 -12.5 19.5 -4.18 -12 19.5 -4.1 -11.5 19.5 -4.01 -11 19.5 -3.93 -10.5 19.5 -3.84 -10 19.5 -3.76 -9.5 19.5 -3.67 -9 19.5 -3.59 -8.5 19.5 -3.5 -8 19.5 -3.42 -7.5 19.5 -3.33 -7 19.5 -3.25 -6.5 19.5 -3.16 -6 19.5 -3.08 -5.5 19.5 -2.99 -5 19.5 -2.91 -4.5 19.5 -2.82 -4 19.5 -2.74 -3.5 19.5 -2.65 -3 19.5 -2.57 -2.5 19.5 -2.48 -2 19.5 -2.4 -1.5 19.5 -2.31 -1 19.5 -2.23 -0.5 19.5 -2.14 0 19.5 -2.06 0.5 19.5 -1.97 1 19.5 -1.89 1.5 19.5 -1.8 2 19.5 -1.72 2.5 19.5 -1.63 3 19.5 -1.55 3.5 19.5 -1.46 4 19.5 -1.38 4.5 19.5 -1.29 5 19.5 -1.2 5.5 19.5 -1.12 6 19.5 -1.03 6.5 19.5 -0.95 7 19.5 -0.86 7.5 19.5 -0.78 8 19.5 -0.69 8.5 19.5 -0.61 9 19.5 -0.52 9.5 19.5 -0.44 10 19.5 -0.35 10.5 19.5 -0.27 11 19.5 -0.18 11.5 19.5 -0.1 12 19.5 -0.01 12.5 19.5 0.07 13 19.5 0.16 13.5 19.5 0.24 14 19.5 0.33 14.5 19.5 0.41 15 19.5 0.5 15.5 19.5 0.58 16 19.5 0.67 16.5 19.5 0.75 17 19.5 0.84 17.5 19.5 0.92 18 19.5 1.01 18.5 19.5 1.09 19 19.5 1.18 19.5 19.5 1.26 20 19.5 1.35 20.5 19.5 1.43 21 19.5 1.52 21.5 19.5 1.6 22 19.5 1.69 22.5 19.5 1.77 23 19.5 1.86 23.5 19.5 1.94 24 19.5 2.03 24.5 19.5 2.11 25 19.5 2.2 25.5 19.5 2.28 26 19.5 2.37 26.5 19.5 2.46 27 19.5 2.54 27.5 19.5 2.63 28 19.5 2.71 28.5 19.5 2.8 29 19.5 2.88 29.5 19.5 2.97 30 19.5 3.05 30.5 19.5 3.08 31 19.5 3.12 31.5 19.5 3.15 32 19.5 3.19 32.5 19.5 3.22 33 19.5 3.25 33.5 19.5 3.29 34 19.5 3.32 34.5 19.5 3.35 35 19.5 3.39 35.5 19.5 3.42 36 19.5 3.45 36.5 19.5 3.49 37 19.5 3.52 37.5 19.5 3.56 38 19.5 3.59 38.5 19.5 3.62 39 19.5 3.66 39.5 19.5 3.69 40 19.5 3.72 40.5 19.5 3.76 41 19.5 3.79 41.5 19.5 3.83 42 19.5 3.86 -29.5 20 -5.58 -30 20 -5.62 -29 20 -5.55 -28.5 20 -5.52 -28 20 -5.48 -27.5 20 -5.45 -27 20 -5.41 -26.5 20 -5.38 -26 20 -5.35 -25.5 20 -5.31 -25 20 -5.28 -24.5 20 -5.25 -24 20 -5.21 -23.5 20 -5.18 -23 20 -5.14 -22.5 20 -5.11 -22 20 -5.08 -21.5 20 -5.04 -21 20 -5.01 -20.5 20 -4.98 -20 20 -4.94 -19.5 20 -4.91 -19 20 -4.88 -18.5 20 -4.84 -18 20 -4.81 -17.5 20 -4.77 -17 20 -4.74 -16.5 20 -4.71 -16 20 -4.67 -15.5 20 -4.64 -15 20 -4.61 -14.5 20 -4.52 -14 20 -4.44 -13.5 20 -4.35 -13 20 -4.27 -12.5 20 -4.18 -12 20 -4.1 -11.5 20 -4.01 -11 20 -3.93 -10.5 20 -3.84 -10 20 -3.76 -9.5 20 -3.67 -9 20 -3.58 -8.5 20 -3.5 -8 20 -3.41 -7.5 20 -3.33 -7 20 -3.24 -6.5 20 -3.16 -6 20 -3.07 -5.5 20 -2.99 -5 20 -2.9 -4.5 20 -2.82 -4 20 -2.73 -3.5 20 -2.65 -3 20 -2.56 -2.5 20 -2.48 -2 20 -2.39 -1.5 20 -2.31 -1 20 -2.22 -0.5 20 -2.14 0 20 -2.05 0.5 20 -1.97 1 20 -1.88 1.5 20 -1.8 2 20 -1.71 2.5 20 -1.63 3 20 -1.54 3.5 20 -1.46 4 20 -1.37 4.5 20 -1.29 5 20 -1.2 5.5 20 -1.12 6 20 -1.03 6.5 20 -0.95 7 20 -0.86 7.5 20 -0.78 8 20 -0.69 8.5 20 -0.61 9 20 -0.52 9.5 20 -0.44 10 20 -0.35 10.5 20 -0.27 11 20 -0.18 11.5 20 -0.1 12 20 -0.01 12.5 20 0.08 13 20 0.16 13.5 20 0.25 14 20 0.33 14.5 20 0.42 15 20 0.5 15.5 20 0.59 16 20 0.67 16.5 20 0.76 17 20 0.84 17.5 20 0.93 18 20 1.01 18.5 20 1.1 19 20 1.18 19.5 20 1.27 20 20 1.35 20.5 20 1.44 21 20 1.52 21.5 20 1.61 22 20 1.69 22.5 20 1.78 23 20 1.86 23.5 20 1.95 24 20 2.03 24.5 20 2.12 25 20 2.2 25.5 20 2.29 26 20 2.37 26.5 20 2.46 27 20 2.54 27.5 20 2.63 28 20 2.71 28.5 20 2.8 29 20 2.88 29.5 20 2.97 30 20 3.05 30.5 20 3.09 31 20 3.12 31.5 20 3.16 32 20 3.19 32.5 20 3.22 33 20 3.26 33.5 20 3.29 34 20 3.32 34.5 20 3.36 35 20 3.39 35.5 20 3.42 36 20 3.46 36.5 20 3.49 37 20 3.53 37.5 20 3.56 38 20 3.59 38.5 20 3.63 39 20 3.66 39.5 20 3.69 40 20 3.73 40.5 20 3.76 41 20 3.79 41.5 20 3.83 42 20 3.86 -29.5 20.5 -5.58 -30 20.5 -5.61 -29 20.5 -5.55 -28.5 20.5 -5.51 -28 20.5 -5.48 -27.5 20.5 -5.44 -27 20.5 -5.41 -26.5 20.5 -5.38 -26 20.5 -5.34 -25.5 20.5 -5.31 -25 20.5 -5.28 -24.5 20.5 -5.24 -24 20.5 -5.21 -23.5 20.5 -5.18 -23 20.5 -5.14 -22.5 20.5 -5.11 -22 20.5 -5.07 -21.5 20.5 -5.04 -21 20.5 -5.01 -20.5 20.5 -4.97 -20 20.5 -4.94 -19.5 20.5 -4.91 -19 20.5 -4.87 -18.5 20.5 -4.84 -18 20.5 -4.81 -17.5 20.5 -4.77 -17 20.5 -4.74 -16.5 20.5 -4.7 -16 20.5 -4.67 -15.5 20.5 -4.64 -15 20.5 -4.6 -14.5 20.5 -4.52 -14 20.5 -4.43 -13.5 20.5 -4.35 -13 20.5 -4.26 -12.5 20.5 -4.18 -12 20.5 -4.09 -11.5 20.5 -4.01 -11 20.5 -3.92 -10.5 20.5 -3.84 -10 20.5 -3.75 -9.5 20.5 -3.67 -9 20.5 -3.58 -8.5 20.5 -3.5 -8 20.5 -3.41 -7.5 20.5 -3.33 -7 20.5 -3.24 -6.5 20.5 -3.16 -6 20.5 -3.07 -5.5 20.5 -2.99 -5 20.5 -2.9 -4.5 20.5 -2.82 -4 20.5 -2.73 -3.5 20.5 -2.65 -3 20.5 -2.56 -2.5 20.5 -2.48 -2 20.5 -2.39 -1.5 20.5 -2.3 -1 20.5 -2.22 -0.5 20.5 -2.13 0 20.5 -2.05 0.5 20.5 -1.96 1 20.5 -1.88 1.5 20.5 -1.79 2 20.5 -1.71 2.5 20.5 -1.62 3 20.5 -1.54 3.5 20.5 -1.45 4 20.5 -1.37 4.5 20.5 -1.28 5 20.5 -1.2 5.5 20.5 -1.11 6 20.5 -1.03 6.5 20.5 -0.94 7 20.5 -0.86 7.5 20.5 -0.77 8 20.5 -0.69 8.5 20.5 -0.6 9 20.5 -0.52 9.5 20.5 -0.43 10 20.5 -0.35 10.5 20.5 -0.26 11 20.5 -0.18 11.5 20.5 -0.09 12 20.5 -0.01 12.5 20.5 0.08 13 20.5 0.16 13.5 20.5 0.25 14 20.5 0.33 14.5 20.5 0.42 15 20.5 0.5 15.5 20.5 0.59 16 20.5 0.67 16.5 20.5 0.76 17 20.5 0.84 17.5 20.5 0.93 18 20.5 1.01 18.5 20.5 1.1 19 20.5 1.18 19.5 20.5 1.27 20 20.5 1.35 20.5 20.5 1.44 21 20.5 1.53 21.5 20.5 1.61 22 20.5 1.7 22.5 20.5 1.78 23 20.5 1.87 23.5 20.5 1.95 24 20.5 2.04 24.5 20.5 2.12 25 20.5 2.21 25.5 20.5 2.29 26 20.5 2.38 26.5 20.5 2.46 27 20.5 2.55 27.5 20.5 2.63 28 20.5 2.72 28.5 20.5 2.8 29 20.5 2.89 29.5 20.5 2.97 30 20.5 3.06 30.5 20.5 3.09 31 20.5 3.12 31.5 20.5 3.16 32 20.5 3.19 32.5 20.5 3.23 33 20.5 3.26 33.5 20.5 3.29 34 20.5 3.33 34.5 20.5 3.36 35 20.5 3.39 35.5 20.5 3.43 36 20.5 3.46 36.5 20.5 3.49 37 20.5 3.53 37.5 20.5 3.56 38 20.5 3.6 38.5 20.5 3.63 39 20.5 3.66 39.5 20.5 3.7 40 20.5 3.73 40.5 20.5 3.76 41 20.5 3.8 41.5 20.5 3.83 42 20.5 3.87 -29.5 21 -5.58 -30 21 -5.61 -29 21 -5.54 -28.5 21 -5.51 -28 21 -5.48 -27.5 21 -5.44 -27 21 -5.41 -26.5 21 -5.37 -26 21 -5.34 -25.5 21 -5.31 -25 21 -5.27 -24.5 21 -5.24 -24 21 -5.21 -23.5 21 -5.17 -23 21 -5.14 -22.5 21 -5.1 -22 21 -5.07 -21.5 21 -5.04 -21 21 -5 -20.5 21 -4.97 -20 21 -4.94 -19.5 21 -4.9 -19 21 -4.87 -18.5 21 -4.84 -18 21 -4.8 -17.5 21 -4.77 -17 21 -4.73 -16.5 21 -4.7 -16 21 -4.67 -15.5 21 -4.63 -15 21 -4.6 -14.5 21 -4.51 -14 21 -4.43 -13.5 21 -4.34 -13 21 -4.26 -12.5 21 -4.17 -12 21 -4.09 -11.5 21 -4 -11 21 -3.92 -10.5 21 -3.83 -10 21 -3.75 -9.5 21 -3.66 -9 21 -3.58 -8.5 21 -3.49 -8 21 -3.41 -7.5 21 -3.32 -7 21 -3.24 -6.5 21 -3.15 -6 21 -3.07 -5.5 21 -2.98 -5 21 -2.9 -4.5 21 -2.81 -4 21 -2.73 -3.5 21 -2.64 -3 21 -2.56 -2.5 21 -2.47 -2 21 -2.39 -1.5 21 -2.3 -1 21 -2.22 -0.5 21 -2.13 0 21 -2.05 0.5 21 -1.96 1 21 -1.88 1.5 21 -1.79 2 21 -1.71 2.5 21 -1.62 3 21 -1.54 3.5 21 -1.45 4 21 -1.37 4.5 21 -1.28 5 21 -1.2 5.5 21 -1.11 6 21 -1.03 6.5 21 -0.94 7 21 -0.85 7.5 21 -0.77 8 21 -0.68 8.5 21 -0.6 9 21 -0.51 9.5 21 -0.43 10 21 -0.34 10.5 21 -0.26 11 21 -0.17 11.5 21 -0.09 12 21 0 12.5 21 0.08 13 21 0.17 13.5 21 0.25 14 21 0.34 14.5 21 0.42 15 21 0.51 15.5 21 0.59 16 21 0.68 16.5 21 0.76 17 21 0.85 17.5 21 0.93 18 21 1.02 18.5 21 1.1 19 21 1.19 19.5 21 1.27 20 21 1.36 20.5 21 1.44 21 21 1.53 21.5 21 1.61 22 21 1.7 22.5 21 1.78 23 21 1.87 23.5 21 1.95 24 21 2.04 24.5 21 2.12 25 21 2.21 25.5 21 2.29 26 21 2.38 26.5 21 2.46 27 21 2.55 27.5 21 2.63 28 21 2.72 28.5 21 2.81 29 21 2.89 29.5 21 2.98 30 21 3.06 30.5 21 3.09 31 21 3.13 31.5 21 3.16 32 21 3.2 32.5 21 3.23 33 21 3.26 33.5 21 3.3 34 21 3.33 34.5 21 3.36 35 21 3.4 35.5 21 3.43 36 21 3.46 36.5 21 3.5 37 21 3.53 37.5 21 3.57 38 21 3.6 38.5 21 3.63 39 21 3.67 39.5 21 3.7 40 21 3.73 40.5 21 3.77 41 21 3.8 41.5 21 3.83 42 21 3.87 -29.5 21.5 -5.57 -30 21.5 -5.61 -29 21.5 -5.54 -28.5 21.5 -5.51 -28 21.5 -5.47 -27.5 21.5 -5.44 -27 21.5 -5.4 -26.5 21.5 -5.37 -26 21.5 -5.34 -25.5 21.5 -5.3 -25 21.5 -5.27 -24.5 21.5 -5.24 -24 21.5 -5.2 -23.5 21.5 -5.17 -23 21.5 -5.14 -22.5 21.5 -5.1 -22 21.5 -5.07 -21.5 21.5 -5.03 -21 21.5 -5 -20.5 21.5 -4.97 -20 21.5 -4.93 -19.5 21.5 -4.9 -19 21.5 -4.87 -18.5 21.5 -4.83 -18 21.5 -4.8 -17.5 21.5 -4.76 -17 21.5 -4.73 -16.5 21.5 -4.7 -16 21.5 -4.66 -15.5 21.5 -4.63 -15 21.5 -4.6 -14.5 21.5 -4.51 -14 21.5 -4.43 -13.5 21.5 -4.34 -13 21.5 -4.26 -12.5 21.5 -4.17 -12 21.5 -4.09 -11.5 21.5 -4 -11 21.5 -3.92 -10.5 21.5 -3.83 -10 21.5 -3.75 -9.5 21.5 -3.66 -9 21.5 -3.58 -8.5 21.5 -3.49 -8 21.5 -3.41 -7.5 21.5 -3.32 -7 21.5 -3.23 -6.5 21.5 -3.15 -6 21.5 -3.06 -5.5 21.5 -2.98 -5 21.5 -2.89 -4.5 21.5 -2.81 -4 21.5 -2.72 -3.5 21.5 -2.64 -3 21.5 -2.55 -2.5 21.5 -2.47 -2 21.5 -2.38 -1.5 21.5 -2.3 -1 21.5 -2.21 -0.5 21.5 -2.13 0 21.5 -2.04 0.5 21.5 -1.96 1 21.5 -1.87 1.5 21.5 -1.79 2 21.5 -1.7 2.5 21.5 -1.62 3 21.5 -1.53 3.5 21.5 -1.45 4 21.5 -1.36 4.5 21.5 -1.28 5 21.5 -1.19 5.5 21.5 -1.11 6 21.5 -1.02 6.5 21.5 -0.94 7 21.5 -0.85 7.5 21.5 -0.77 8 21.5 -0.68 8.5 21.5 -0.6 9 21.5 -0.51 9.5 21.5 -0.43 10 21.5 -0.34 10.5 21.5 -0.26 11 21.5 -0.17 11.5 21.5 -0.09 12 21.5 0 12.5 21.5 0.08 13 21.5 0.17 13.5 21.5 0.25 14 21.5 0.34 14.5 21.5 0.43 15 21.5 0.51 15.5 21.5 0.6 16 21.5 0.68 16.5 21.5 0.77 17 21.5 0.85 17.5 21.5 0.94 18 21.5 1.02 18.5 21.5 1.11 19 21.5 1.19 19.5 21.5 1.28 20 21.5 1.36 20.5 21.5 1.45 21 21.5 1.53 21.5 21.5 1.62 22 21.5 1.7 22.5 21.5 1.79 23 21.5 1.87 23.5 21.5 1.96 24 21.5 2.04 24.5 21.5 2.13 25 21.5 2.21 25.5 21.5 2.3 26 21.5 2.38 26.5 21.5 2.47 27 21.5 2.55 27.5 21.5 2.64 28 21.5 2.72 28.5 21.5 2.81 29 21.5 2.89 29.5 21.5 2.98 30 21.5 3.06 30.5 21.5 3.1 31 21.5 3.13 31.5 21.5 3.16 32 21.5 3.2 32.5 21.5 3.23 33 21.5 3.27 33.5 21.5 3.3 34 21.5 3.33 34.5 21.5 3.37 35 21.5 3.4 35.5 21.5 3.43 36 21.5 3.47 36.5 21.5 3.5 37 21.5 3.54 37.5 21.5 3.57 38 21.5 3.6 38.5 21.5 3.64 39 21.5 3.67 39.5 21.5 3.7 40 21.5 3.74 40.5 21.5 3.77 41 21.5 3.8 41.5 21.5 3.84 42 21.5 3.87 -29.5 22 -5.57 -30 22 -5.6 -29 22 -5.54 -28.5 22 -5.5 -28 22 -5.47 -27.5 22 -5.44 -27 22 -5.4 -26.5 22 -5.37 -26 22 -5.33 -25.5 22 -5.3 -25 22 -5.27 -24.5 22 -5.23 -24 22 -5.2 -23.5 22 -5.17 -23 22 -5.13 -22.5 22 -5.1 -22 22 -5.06 -21.5 22 -5.03 -21 22 -5 -20.5 22 -4.96 -20 22 -4.93 -19.5 22 -4.9 -19 22 -4.86 -18.5 22 -4.83 -18 22 -4.8 -17.5 22 -4.76 -17 22 -4.73 -16.5 22 -4.69 -16 22 -4.66 -15.5 22 -4.63 -15 22 -4.59 -14.5 22 -4.51 -14 22 -4.42 -13.5 22 -4.34 -13 22 -4.25 -12.5 22 -4.17 -12 22 -4.08 -11.5 22 -4 -11 22 -3.91 -10.5 22 -3.83 -10 22 -3.74 -9.5 22 -3.66 -9 22 -3.57 -8.5 22 -3.49 -8 22 -3.4 -7.5 22 -3.32 -7 22 -3.23 -6.5 22 -3.15 -6 22 -3.06 -5.5 22 -2.98 -5 22 -2.89 -4.5 22 -2.81 -4 22 -2.72 -3.5 22 -2.64 -3 22 -2.55 -2.5 22 -2.47 -2 22 -2.38 -1.5 22 -2.3 -1 22 -2.21 -0.5 22 -2.13 0 22 -2.04 0.5 22 -1.95 1 22 -1.87 1.5 22 -1.78 2 22 -1.7 2.5 22 -1.61 3 22 -1.53 3.5 22 -1.44 4 22 -1.36 4.5 22 -1.27 5 22 -1.19 5.5 22 -1.1 6 22 -1.02 6.5 22 -0.93 7 22 -0.85 7.5 22 -0.76 8 22 -0.68 8.5 22 -0.59 9 22 -0.51 9.5 22 -0.42 10 22 -0.34 10.5 22 -0.25 11 22 -0.17 11.5 22 -0.08 12 22 0 12.5 22 0.09 13 22 0.17 13.5 22 0.26 14 22 0.34 14.5 22 0.43 15 22 0.51 15.5 22 0.6 16 22 0.68 16.5 22 0.77 17 22 0.85 17.5 22 0.94 18 22 1.02 18.5 22 1.11 19 22 1.19 19.5 22 1.28 20 22 1.36 20.5 22 1.45 21 22 1.53 21.5 22 1.62 22 22 1.71 22.5 22 1.79 23 22 1.88 23.5 22 1.96 24 22 2.05 24.5 22 2.13 25 22 2.22 25.5 22 2.3 26 22 2.39 26.5 22 2.47 27 22 2.56 27.5 22 2.64 28 22 2.73 28.5 22 2.81 29 22 2.9 29.5 22 2.98 30 22 3.07 30.5 22 3.1 31 22 3.13 31.5 22 3.17 32 22 3.2 32.5 22 3.24 33 22 3.27 33.5 22 3.3 34 22 3.34 34.5 22 3.37 35 22 3.4 35.5 22 3.44 36 22 3.47 36.5 22 3.5 37 22 3.54 37.5 22 3.57 38 22 3.61 38.5 22 3.64 39 22 3.67 39.5 22 3.71 40 22 3.74 40.5 22 3.77 41 22 3.81 41.5 22 3.84 42 22 3.87 -29.5 22.5 -5.57 -30 22.5 -5.6 -29 22.5 -5.53 -28.5 22.5 -5.5 -28 22.5 -5.47 -27.5 22.5 -5.43 -27 22.5 -5.4 -26.5 22.5 -5.36 -26 22.5 -5.33 -25.5 22.5 -5.3 -25 22.5 -5.26 -24.5 22.5 -5.23 -24 22.5 -5.2 -23.5 22.5 -5.16 -23 22.5 -5.13 -22.5 22.5 -5.1 -22 22.5 -5.06 -21.5 22.5 -5.03 -21 22.5 -4.99 -20.5 22.5 -4.96 -20 22.5 -4.93 -19.5 22.5 -4.89 -19 22.5 -4.86 -18.5 22.5 -4.83 -18 22.5 -4.79 -17.5 22.5 -4.76 -17 22.5 -4.72 -16.5 22.5 -4.69 -16 22.5 -4.66 -15.5 22.5 -4.62 -15 22.5 -4.59 -14.5 22.5 -4.51 -14 22.5 -4.42 -13.5 22.5 -4.33 -13 22.5 -4.25 -12.5 22.5 -4.16 -12 22.5 -4.08 -11.5 22.5 -3.99 -11 22.5 -3.91 -10.5 22.5 -3.82 -10 22.5 -3.74 -9.5 22.5 -3.65 -9 22.5 -3.57 -8.5 22.5 -3.48 -8 22.5 -3.4 -7.5 22.5 -3.31 -7 22.5 -3.23 -6.5 22.5 -3.14 -6 22.5 -3.06 -5.5 22.5 -2.97 -5 22.5 -2.89 -4.5 22.5 -2.8 -4 22.5 -2.72 -3.5 22.5 -2.63 -3 22.5 -2.55 -2.5 22.5 -2.46 -2 22.5 -2.38 -1.5 22.5 -2.29 -1 22.5 -2.21 -0.5 22.5 -2.12 0 22.5 -2.04 0.5 22.5 -1.95 1 22.5 -1.87 1.5 22.5 -1.78 2 22.5 -1.7 2.5 22.5 -1.61 3 22.5 -1.53 3.5 22.5 -1.44 4 22.5 -1.36 4.5 22.5 -1.27 5 22.5 -1.19 5.5 22.5 -1.1 6 22.5 -1.02 6.5 22.5 -0.93 7 22.5 -0.85 7.5 22.5 -0.76 8 22.5 -0.67 8.5 22.5 -0.59 9 22.5 -0.5 9.5 22.5 -0.42 10 22.5 -0.33 10.5 22.5 -0.25 11 22.5 -0.16 11.5 22.5 -0.08 12 22.5 0.01 12.5 22.5 0.09 13 22.5 0.18 13.5 22.5 0.26 14 22.5 0.35 14.5 22.5 0.43 15 22.5 0.52 15.5 22.5 0.6 16 22.5 0.69 16.5 22.5 0.77 17 22.5 0.86 17.5 22.5 0.94 18 22.5 1.03 18.5 22.5 1.11 19 22.5 1.2 19.5 22.5 1.28 20 22.5 1.37 20.5 22.5 1.45 21 22.5 1.54 21.5 22.5 1.62 22 22.5 1.71 22.5 22.5 1.79 23 22.5 1.88 23.5 22.5 1.96 24 22.5 2.05 24.5 22.5 2.13 25 22.5 2.22 25.5 22.5 2.3 26 22.5 2.39 26.5 22.5 2.47 27 22.5 2.56 27.5 22.5 2.64 28 22.5 2.73 28.5 22.5 2.81 29 22.5 2.9 29.5 22.5 2.99 30 22.5 3.07 30.5 22.5 3.1 31 22.5 3.14 31.5 22.5 3.17 32 22.5 3.2 32.5 22.5 3.24 33 22.5 3.27 33.5 22.5 3.31 34 22.5 3.34 34.5 22.5 3.37 35 22.5 3.41 35.5 22.5 3.44 36 22.5 3.47 36.5 22.5 3.51 37 22.5 3.54 37.5 22.5 3.58 38 22.5 3.61 38.5 22.5 3.64 39 22.5 3.68 39.5 22.5 3.71 40 22.5 3.74 40.5 22.5 3.78 41 22.5 3.81 41.5 22.5 3.84 42 22.5 3.88 -29.5 23 -5.56 -30 23 -5.6 -29 23 -5.53 -28.5 23 -5.5 -28 23 -5.46 -27.5 23 -5.43 -27 23 -5.39 -26.5 23 -5.36 -26 23 -5.33 -25.5 23 -5.29 -25 23 -5.26 -24.5 23 -5.23 -24 23 -5.19 -23.5 23 -5.16 -23 23 -5.13 -22.5 23 -5.09 -22 23 -5.06 -21.5 23 -5.02 -21 23 -4.99 -20.5 23 -4.96 -20 23 -4.92 -19.5 23 -4.89 -19 23 -4.86 -18.5 23 -4.82 -18 23 -4.79 -17.5 23 -4.76 -17 23 -4.72 -16.5 23 -4.69 -16 23 -4.65 -15.5 23 -4.62 -15 23 -4.59 -14.5 23 -4.5 -14 23 -4.42 -13.5 23 -4.33 -13 23 -4.25 -12.5 23 -4.16 -12 23 -4.08 -11.5 23 -3.99 -11 23 -3.91 -10.5 23 -3.82 -10 23 -3.74 -9.5 23 -3.65 -9 23 -3.57 -8.5 23 -3.48 -8 23 -3.4 -7.5 23 -3.31 -7 23 -3.23 -6.5 23 -3.14 -6 23 -3.05 -5.5 23 -2.97 -5 23 -2.88 -4.5 23 -2.8 -4 23 -2.71 -3.5 23 -2.63 -3 23 -2.54 -2.5 23 -2.46 -2 23 -2.37 -1.5 23 -2.29 -1 23 -2.2 -0.5 23 -2.12 0 23 -2.03 0.5 23 -1.95 1 23 -1.86 1.5 23 -1.78 2 23 -1.69 2.5 23 -1.61 3 23 -1.52 3.5 23 -1.44 4 23 -1.35 4.5 23 -1.27 5 23 -1.18 5.5 23 -1.1 6 23 -1.01 6.5 23 -0.93 7 23 -0.84 7.5 23 -0.76 8 23 -0.67 8.5 23 -0.59 9 23 -0.5 9.5 23 -0.42 10 23 -0.33 10.5 23 -0.25 11 23 -0.16 11.5 23 -0.08 12 23 0.01 12.5 23 0.09 13 23 0.18 13.5 23 0.26 14 23 0.35 14.5 23 0.43 15 23 0.52 15.5 23 0.61 16 23 0.69 16.5 23 0.78 17 23 0.86 17.5 23 0.95 18 23 1.03 18.5 23 1.12 19 23 1.2 19.5 23 1.29 20 23 1.37 20.5 23 1.46 21 23 1.54 21.5 23 1.63 22 23 1.71 22.5 23 1.8 23 23 1.88 23.5 23 1.97 24 23 2.05 24.5 23 2.14 25 23 2.22 25.5 23 2.31 26 23 2.39 26.5 23 2.48 27 23 2.56 27.5 23 2.65 28 23 2.73 28.5 23 2.82 29 23 2.9 29.5 23 2.99 30 23 3.07 30.5 23 3.11 31 23 3.14 31.5 23 3.17 32 23 3.21 32.5 23 3.24 33 23 3.28 33.5 23 3.31 34 23 3.34 34.5 23 3.38 35 23 3.41 35.5 23 3.44 36 23 3.48 36.5 23 3.51 37 23 3.54 37.5 23 3.58 38 23 3.61 38.5 23 3.65 39 23 3.68 39.5 23 3.71 40 23 3.75 40.5 23 3.78 41 23 3.81 41.5 23 3.85 42 23 3.88 -29.5 23.5 -5.56 -30 23.5 -5.59 -29 23.5 -5.53 -28.5 23.5 -5.49 -28 23.5 -5.46 -27.5 23.5 -5.43 -27 23.5 -5.39 -26.5 23.5 -5.36 -26 23.5 -5.32 -25.5 23.5 -5.29 -25 23.5 -5.26 -24.5 23.5 -5.22 -24 23.5 -5.19 -23.5 23.5 -5.16 -23 23.5 -5.12 -22.5 23.5 -5.09 -22 23.5 -5.06 -21.5 23.5 -5.02 -21 23.5 -4.99 -20.5 23.5 -4.95 -20 23.5 -4.92 -19.5 23.5 -4.89 -19 23.5 -4.85 -18.5 23.5 -4.82 -18 23.5 -4.79 -17.5 23.5 -4.75 -17 23.5 -4.72 -16.5 23.5 -4.68 -16 23.5 -4.65 -15.5 23.5 -4.62 -15 23.5 -4.58 -14.5 23.5 -4.5 -14 23.5 -4.41 -13.5 23.5 -4.33 -13 23.5 -4.24 -12.5 23.5 -4.16 -12 23.5 -4.07 -11.5 23.5 -3.99 -11 23.5 -3.9 -10.5 23.5 -3.82 -10 23.5 -3.73 -9.5 23.5 -3.65 -9 23.5 -3.56 -8.5 23.5 -3.48 -8 23.5 -3.39 -7.5 23.5 -3.31 -7 23.5 -3.22 -6.5 23.5 -3.14 -6 23.5 -3.05 -5.5 23.5 -2.97 -5 23.5 -2.88 -4.5 23.5 -2.8 -4 23.5 -2.71 -3.5 23.5 -2.63 -3 23.5 -2.54 -2.5 23.5 -2.46 -2 23.5 -2.37 -1.5 23.5 -2.29 -1 23.5 -2.2 -0.5 23.5 -2.12 0 23.5 -2.03 0.5 23.5 -1.95 1 23.5 -1.86 1.5 23.5 -1.77 2 23.5 -1.69 2.5 23.5 -1.6 3 23.5 -1.52 3.5 23.5 -1.43 4 23.5 -1.35 4.5 23.5 -1.26 5 23.5 -1.18 5.5 23.5 -1.09 6 23.5 -1.01 6.5 23.5 -0.92 7 23.5 -0.84 7.5 23.5 -0.75 8 23.5 -0.67 8.5 23.5 -0.58 9 23.5 -0.5 9.5 23.5 -0.41 10 23.5 -0.33 10.5 23.5 -0.24 11 23.5 -0.16 11.5 23.5 -0.07 12 23.5 0.01 12.5 23.5 0.1 13 23.5 0.18 13.5 23.5 0.27 14 23.5 0.35 14.5 23.5 0.44 15 23.5 0.52 15.5 23.5 0.61 16 23.5 0.69 16.5 23.5 0.78 17 23.5 0.86 17.5 23.5 0.95 18 23.5 1.03 18.5 23.5 1.12 19 23.5 1.2 19.5 23.5 1.29 20 23.5 1.37 20.5 23.5 1.46 21 23.5 1.54 21.5 23.5 1.63 22 23.5 1.71 22.5 23.5 1.8 23 23.5 1.88 23.5 23.5 1.97 24 23.5 2.06 24.5 23.5 2.14 25 23.5 2.23 25.5 23.5 2.31 26 23.5 2.4 26.5 23.5 2.48 27 23.5 2.57 27.5 23.5 2.65 28 23.5 2.74 28.5 23.5 2.82 29 23.5 2.91 29.5 23.5 2.99 30 23.5 3.08 30.5 23.5 3.11 31 23.5 3.14 31.5 23.5 3.18 32 23.5 3.21 32.5 23.5 3.24 33 23.5 3.28 33.5 23.5 3.31 34 23.5 3.35 34.5 23.5 3.38 35 23.5 3.41 35.5 23.5 3.45 36 23.5 3.48 36.5 23.5 3.51 37 23.5 3.55 37.5 23.5 3.58 38 23.5 3.62 38.5 23.5 3.65 39 23.5 3.68 39.5 23.5 3.72 40 23.5 3.75 40.5 23.5 3.78 41 23.5 3.82 41.5 23.5 3.85 42 23.5 3.88 -29.5 24 -5.56 -30 24 -5.59 -29 24 -5.52 -28.5 24 -5.49 -28 24 -5.46 -27.5 24 -5.42 -27 24 -5.39 -26.5 24 -5.35 -26 24 -5.32 -25.5 24 -5.29 -25 24 -5.25 -24.5 24 -5.22 -24 24 -5.19 -23.5 24 -5.15 -23 24 -5.12 -22.5 24 -5.09 -22 24 -5.05 -21.5 24 -5.02 -21 24 -4.98 -20.5 24 -4.95 -20 24 -4.92 -19.5 24 -4.88 -19 24 -4.85 -18.5 24 -4.82 -18 24 -4.78 -17.5 24 -4.75 -17 24 -4.72 -16.5 24 -4.68 -16 24 -4.65 -15.5 24 -4.61 -15 24 -4.58 -14.5 24 -4.5 -14 24 -4.41 -13.5 24 -4.33 -13 24 -4.24 -12.5 24 -4.16 -12 24 -4.07 -11.5 24 -3.98 -11 24 -3.9 -10.5 24 -3.81 -10 24 -3.73 -9.5 24 -3.64 -9 24 -3.56 -8.5 24 -3.47 -8 24 -3.39 -7.5 24 -3.3 -7 24 -3.22 -6.5 24 -3.13 -6 24 -3.05 -5.5 24 -2.96 -5 24 -2.88 -4.5 24 -2.79 -4 24 -2.71 -3.5 24 -2.62 -3 24 -2.54 -2.5 24 -2.45 -2 24 -2.37 -1.5 24 -2.28 -1 24 -2.2 -0.5 24 -2.11 0 24 -2.03 0.5 24 -1.94 1 24 -1.86 1.5 24 -1.77 2 24 -1.69 2.5 24 -1.6 3 24 -1.52 3.5 24 -1.43 4 24 -1.35 4.5 24 -1.26 5 24 -1.18 5.5 24 -1.09 6 24 -1.01 6.5 24 -0.92 7 24 -0.84 7.5 24 -0.75 8 24 -0.67 8.5 24 -0.58 9 24 -0.5 9.5 24 -0.41 10 24 -0.32 10.5 24 -0.24 11 24 -0.15 11.5 24 -0.07 12 24 0.02 12.5 24 0.1 13 24 0.19 13.5 24 0.27 14 24 0.36 14.5 24 0.44 15 24 0.53 15.5 24 0.61 16 24 0.7 16.5 24 0.78 17 24 0.87 17.5 24 0.95 18 24 1.04 18.5 24 1.12 19 24 1.21 19.5 24 1.29 20 24 1.38 20.5 24 1.46 21 24 1.55 21.5 24 1.63 22 24 1.72 22.5 24 1.8 23 24 1.89 23.5 24 1.97 24 24 2.06 24.5 24 2.14 25 24 2.23 25.5 24 2.31 26 24 2.4 26.5 24 2.48 27 24 2.57 27.5 24 2.65 28 24 2.74 28.5 24 2.82 29 24 2.91 29.5 24 2.99 30 24 3.08 30.5 24 3.11 31 24 3.15 31.5 24 3.18 32 24 3.21 32.5 24 3.25 33 24 3.28 33.5 24 3.32 34 24 3.35 34.5 24 3.38 35 24 3.42 35.5 24 3.45 36 24 3.48 36.5 24 3.52 37 24 3.55 37.5 24 3.58 38 24 3.62 38.5 24 3.65 39 24 3.69 39.5 24 3.72 40 24 3.75 40.5 24 3.79 41 24 3.82 41.5 24 3.85 42 24 3.89 -29.5 24.5 -5.55 -30 24.5 -5.59 -29 24.5 -5.52 -28.5 24.5 -5.49 -28 24.5 -5.45 -27.5 24.5 -5.42 -27 24.5 -5.39 -26.5 24.5 -5.35 -26 24.5 -5.32 -25.5 24.5 -5.28 -25 24.5 -5.25 -24.5 24.5 -5.22 -24 24.5 -5.18 -23.5 24.5 -5.15 -23 24.5 -5.12 -22.5 24.5 -5.08 -22 24.5 -5.05 -21.5 24.5 -5.02 -21 24.5 -4.98 -20.5 24.5 -4.95 -20 24.5 -4.91 -19.5 24.5 -4.88 -19 24.5 -4.85 -18.5 24.5 -4.81 -18 24.5 -4.78 -17.5 24.5 -4.75 -17 24.5 -4.71 -16.5 24.5 -4.68 -16 24.5 -4.64 -15.5 24.5 -4.61 -15 24.5 -4.58 -14.5 24.5 -4.49 -14 24.5 -4.41 -13.5 24.5 -4.32 -13 24.5 -4.24 -12.5 24.5 -4.15 -12 24.5 -4.07 -11.5 24.5 -3.98 -11 24.5 -3.9 -10.5 24.5 -3.81 -10 24.5 -3.73 -9.5 24.5 -3.64 -9 24.5 -3.56 -8.5 24.5 -3.47 -8 24.5 -3.39 -7.5 24.5 -3.3 -7 24.5 -3.22 -6.5 24.5 -3.13 -6 24.5 -3.05 -5.5 24.5 -2.96 -5 24.5 -2.88 -4.5 24.5 -2.79 -4 24.5 -2.7 -3.5 24.5 -2.62 -3 24.5 -2.53 -2.5 24.5 -2.45 -2 24.5 -2.36 -1.5 24.5 -2.28 -1 24.5 -2.19 -0.5 24.5 -2.11 0 24.5 -2.02 0.5 24.5 -1.94 1 24.5 -1.85 1.5 24.5 -1.77 2 24.5 -1.68 2.5 24.5 -1.6 3 24.5 -1.51 3.5 24.5 -1.43 4 24.5 -1.34 4.5 24.5 -1.26 5 24.5 -1.17 5.5 24.5 -1.09 6 24.5 -1 6.5 24.5 -0.92 7 24.5 -0.83 7.5 24.5 -0.75 8 24.5 -0.66 8.5 24.5 -0.58 9 24.5 -0.49 9.5 24.5 -0.41 10 24.5 -0.32 10.5 24.5 -0.24 11 24.5 -0.15 11.5 24.5 -0.07 12 24.5 0.02 12.5 24.5 0.1 13 24.5 0.19 13.5 24.5 0.27 14 24.5 0.36 14.5 24.5 0.44 15 24.5 0.53 15.5 24.5 0.61 16 24.5 0.7 16.5 24.5 0.78 17 24.5 0.87 17.5 24.5 0.96 18 24.5 1.04 18.5 24.5 1.13 19 24.5 1.21 19.5 24.5 1.3 20 24.5 1.38 20.5 24.5 1.47 21 24.5 1.55 21.5 24.5 1.64 22 24.5 1.72 22.5 24.5 1.81 23 24.5 1.89 23.5 24.5 1.98 24 24.5 2.06 24.5 24.5 2.15 25 24.5 2.23 25.5 24.5 2.32 26 24.5 2.4 26.5 24.5 2.49 27 24.5 2.57 27.5 24.5 2.66 28 24.5 2.74 28.5 24.5 2.83 29 24.5 2.91 29.5 24.5 3 30 24.5 3.08 30.5 24.5 3.12 31 24.5 3.15 31.5 24.5 3.18 32 24.5 3.22 32.5 24.5 3.25 33 24.5 3.28 33.5 24.5 3.32 34 24.5 3.35 34.5 24.5 3.39 35 24.5 3.42 35.5 24.5 3.45 36 24.5 3.49 36.5 24.5 3.52 37 24.5 3.55 37.5 24.5 3.59 38 24.5 3.62 38.5 24.5 3.66 39 24.5 3.69 39.5 24.5 3.72 40 24.5 3.76 40.5 24.5 3.79 41 24.5 3.82 41.5 24.5 3.86 42 24.5 3.89 -29.5 25 -5.55 -30 25 -5.58 -29 25 -5.52 -28.5 25 -5.48 -28 25 -5.45 -27.5 25 -5.42 -27 25 -5.38 -26.5 25 -5.35 -26 25 -5.31 -25.5 25 -5.28 -25 25 -5.25 -24.5 25 -5.21 -24 25 -5.18 -23.5 25 -5.15 -23 25 -5.11 -22.5 25 -5.08 -22 25 -5.05 -21.5 25 -5.01 -21 25 -4.98 -20.5 25 -4.94 -20 25 -4.91 -19.5 25 -4.88 -19 25 -4.84 -18.5 25 -4.81 -18 25 -4.78 -17.5 25 -4.74 -17 25 -4.71 -16.5 25 -4.68 -16 25 -4.64 -15.5 25 -4.61 -15 25 -4.57 -14.5 25 -4.49 -14 25 -4.4 -13.5 25 -4.32 -13 25 -4.23 -12.5 25 -4.15 -12 25 -4.06 -11.5 25 -3.98 -11 25 -3.89 -10.5 25 -3.81 -10 25 -3.72 -9.5 25 -3.64 -9 25 -3.55 -8.5 25 -3.47 -8 25 -3.38 -7.5 25 -3.3 -7 25 -3.21 -6.5 25 -3.13 -6 25 -3.04 -5.5 25 -2.96 -5 25 -2.87 -4.5 25 -2.79 -4 25 -2.7 -3.5 25 -2.62 -3 25 -2.53 -2.5 25 -2.45 -2 25 -2.36 -1.5 25 -2.28 -1 25 -2.19 -0.5 25 -2.11 0 25 -2.02 0.5 25 -1.94 1 25 -1.85 1.5 25 -1.77 2 25 -1.68 2.5 25 -1.6 3 25 -1.51 3.5 25 -1.42 4 25 -1.34 4.5 25 -1.25 5 25 -1.17 5.5 25 -1.08 6 25 -1 6.5 25 -0.91 7 25 -0.83 7.5 25 -0.74 8 25 -0.66 8.5 25 -0.57 9 25 -0.49 9.5 25 -0.4 10 25 -0.32 10.5 25 -0.23 11 25 -0.15 11.5 25 -0.06 12 25 0.02 12.5 25 0.11 13 25 0.19 13.5 25 0.28 14 25 0.36 14.5 25 0.45 15 25 0.53 15.5 25 0.62 16 25 0.7 16.5 25 0.79 17 25 0.87 17.5 25 0.96 18 25 1.04 18.5 25 1.13 19 25 1.21 19.5 25 1.3 20 25 1.38 20.5 25 1.47 21 25 1.55 21.5 25 1.64 22 25 1.72 22.5 25 1.81 23 25 1.89 23.5 25 1.98 24 25 2.06 24.5 25 2.15 25 25 2.24 25.5 25 2.32 26 25 2.41 26.5 25 2.49 27 25 2.58 27.5 25 2.66 28 25 2.75 28.5 25 2.83 29 25 2.92 29.5 25 3 30 25 3.09 30.5 25 3.12 31 25 3.15 31.5 25 3.19 32 25 3.22 32.5 25 3.25 33 25 3.29 33.5 25 3.32 34 25 3.36 34.5 25 3.39 35 25 3.42 35.5 25 3.46 36 25 3.49 36.5 25 3.52 37 25 3.56 37.5 25 3.59 38 25 3.62 38.5 25 3.66 39 25 3.69 39.5 25 3.73 40 25 3.76 40.5 25 3.79 41 25 3.83 41.5 25 3.86 42 25 3.89 -29.5 25.5 -5.55 -30 25.5 -5.58 -29 25.5 -5.51 -28.5 25.5 -5.48 -28 25.5 -5.45 -27.5 25.5 -5.41 -27 25.5 -5.38 -26.5 25.5 -5.35 -26 25.5 -5.31 -25.5 25.5 -5.28 -25 25.5 -5.24 -24.5 25.5 -5.21 -24 25.5 -5.18 -23.5 25.5 -5.14 -23 25.5 -5.11 -22.5 25.5 -5.08 -22 25.5 -5.04 -21.5 25.5 -5.01 -21 25.5 -4.97 -20.5 25.5 -4.94 -20 25.5 -4.91 -19.5 25.5 -4.87 -19 25.5 -4.84 -18.5 25.5 -4.81 -18 25.5 -4.77 -17.5 25.5 -4.74 -17 25.5 -4.71 -16.5 25.5 -4.67 -16 25.5 -4.64 -15.5 25.5 -4.6 -15 25.5 -4.57 -14.5 25.5 -4.49 -14 25.5 -4.4 -13.5 25.5 -4.32 -13 25.5 -4.23 -12.5 25.5 -4.15 -12 25.5 -4.06 -11.5 25.5 -3.98 -11 25.5 -3.89 -10.5 25.5 -3.8 -10 25.5 -3.72 -9.5 25.5 -3.63 -9 25.5 -3.55 -8.5 25.5 -3.46 -8 25.5 -3.38 -7.5 25.5 -3.29 -7 25.5 -3.21 -6.5 25.5 -3.12 -6 25.5 -3.04 -5.5 25.5 -2.95 -5 25.5 -2.87 -4.5 25.5 -2.78 -4 25.5 -2.7 -3.5 25.5 -2.61 -3 25.5 -2.53 -2.5 25.5 -2.44 -2 25.5 -2.36 -1.5 25.5 -2.27 -1 25.5 -2.19 -0.5 25.5 -2.1 0 25.5 -2.02 0.5 25.5 -1.93 1 25.5 -1.85 1.5 25.5 -1.76 2 25.5 -1.68 2.5 25.5 -1.59 3 25.5 -1.51 3.5 25.5 -1.42 4 25.5 -1.34 4.5 25.5 -1.25 5 25.5 -1.17 5.5 25.5 -1.08 6 25.5 -1 6.5 25.5 -0.91 7 25.5 -0.83 7.5 25.5 -0.74 8 25.5 -0.66 8.5 25.5 -0.57 9 25.5 -0.49 9.5 25.5 -0.4 10 25.5 -0.32 10.5 25.5 -0.23 11 25.5 -0.14 11.5 25.5 -0.06 12 25.5 0.03 12.5 25.5 0.11 13 25.5 0.2 13.5 25.5 0.28 14 25.5 0.37 14.5 25.5 0.45 15 25.5 0.54 15.5 25.5 0.62 16 25.5 0.71 16.5 25.5 0.79 17 25.5 0.88 17.5 25.5 0.96 18 25.5 1.05 18.5 25.5 1.13 19 25.5 1.22 19.5 25.5 1.3 20 25.5 1.39 20.5 25.5 1.47 21 25.5 1.56 21.5 25.5 1.64 22 25.5 1.73 22.5 25.5 1.81 23 25.5 1.9 23.5 25.5 1.98 24 25.5 2.07 24.5 25.5 2.15 25 25.5 2.24 25.5 25.5 2.32 26 25.5 2.41 26.5 25.5 2.49 27 25.5 2.58 27.5 25.5 2.66 28 25.5 2.75 28.5 25.5 2.83 29 25.5 2.92 29.5 25.5 3 30 25.5 3.09 30.5 25.5 3.12 31 25.5 3.16 31.5 25.5 3.19 32 25.5 3.22 32.5 25.5 3.26 33 25.5 3.29 33.5 25.5 3.33 34 25.5 3.36 34.5 25.5 3.39 35 25.5 3.43 35.5 25.5 3.46 36 25.5 3.49 36.5 25.5 3.53 37 25.5 3.56 37.5 25.5 3.59 38 25.5 3.63 38.5 25.5 3.66 39 25.5 3.7 39.5 25.5 3.73 40 25.5 3.76 40.5 25.5 3.8 41 25.5 3.83 41.5 25.5 3.86 42 25.5 3.9 -29.5 26 -5.54 -30 26 -5.58 -29 26 -5.51 -28.5 26 -5.48 -28 26 -5.44 -27.5 26 -5.41 -27 26 -5.38 -26.5 26 -5.34 -26 26 -5.31 -25.5 26 -5.27 -25 26 -5.24 -24.5 26 -5.21 -24 26 -5.17 -23.5 26 -5.14 -23 26 -5.11 -22.5 26 -5.07 -22 26 -5.04 -21.5 26 -5.01 -21 26 -4.97 -20.5 26 -4.94 -20 26 -4.9 -19.5 26 -4.87 -19 26 -4.84 -18.5 26 -4.8 -18 26 -4.77 -17.5 26 -4.74 -17 26 -4.7 -16.5 26 -4.67 -16 26 -4.64 -15.5 26 -4.6 -15 26 -4.57 -14.5 26 -4.48 -14 26 -4.4 -13.5 26 -4.31 -13 26 -4.23 -12.5 26 -4.14 -12 26 -4.06 -11.5 26 -3.97 -11 26 -3.89 -10.5 26 -3.8 -10 26 -3.72 -9.5 26 -3.63 -9 26 -3.55 -8.5 26 -3.46 -8 26 -3.38 -7.5 26 -3.29 -7 26 -3.21 -6.5 26 -3.12 -6 26 -3.04 -5.5 26 -2.95 -5 26 -2.87 -4.5 26 -2.78 -4 26 -2.7 -3.5 26 -2.61 -3 26 -2.52 -2.5 26 -2.44 -2 26 -2.35 -1.5 26 -2.27 -1 26 -2.18 -0.5 26 -2.1 0 26 -2.01 0.5 26 -1.93 1 26 -1.84 1.5 26 -1.76 2 26 -1.67 2.5 26 -1.59 3 26 -1.5 3.5 26 -1.42 4 26 -1.33 4.5 26 -1.25 5 26 -1.16 5.5 26 -1.08 6 26 -0.99 6.5 26 -0.91 7 26 -0.82 7.5 26 -0.74 8 26 -0.65 8.5 26 -0.57 9 26 -0.48 9.5 26 -0.4 10 26 -0.31 10.5 26 -0.23 11 26 -0.14 11.5 26 -0.06 12 26 0.03 12.5 26 0.11 13 26 0.2 13.5 26 0.28 14 26 0.37 14.5 26 0.45 15 26 0.54 15.5 26 0.62 16 26 0.71 16.5 26 0.79 17 26 0.88 17.5 26 0.96 18 26 1.05 18.5 26 1.13 19 26 1.22 19.5 26 1.31 20 26 1.39 20.5 26 1.48 21 26 1.56 21.5 26 1.65 22 26 1.73 22.5 26 1.82 23 26 1.9 23.5 26 1.99 24 26 2.07 24.5 26 2.16 25 26 2.24 25.5 26 2.33 26 26 2.41 26.5 26 2.5 27 26 2.58 27.5 26 2.67 28 26 2.75 28.5 26 2.84 29 26 2.92 29.5 26 3.01 30 26 3.09 30.5 26 3.13 31 26 3.16 31.5 26 3.19 32 26 3.23 32.5 26 3.26 33 26 3.29 33.5 26 3.33 34 26 3.36 34.5 26 3.4 35 26 3.43 35.5 26 3.46 36 26 3.5 36.5 26 3.53 37 26 3.56 37.5 26 3.6 38 26 3.63 38.5 26 3.66 39 26 3.7 39.5 26 3.73 40 26 3.77 40.5 26 3.8 41 26 3.83 41.5 26 3.87 42 26 3.9 -29.5 26.5 -5.54 -30 26.5 -5.57 -29 26.5 -5.51 -28.5 26.5 -5.47 -28 26.5 -5.44 -27.5 26.5 -5.41 -27 26.5 -5.37 -26.5 26.5 -5.34 -26 26.5 -5.31 -25.5 26.5 -5.27 -25 26.5 -5.24 -24.5 26.5 -5.2 -24 26.5 -5.17 -23.5 26.5 -5.14 -23 26.5 -5.1 -22.5 26.5 -5.07 -22 26.5 -5.04 -21.5 26.5 -5 -21 26.5 -4.97 -20.5 26.5 -4.93 -20 26.5 -4.9 -19.5 26.5 -4.87 -19 26.5 -4.83 -18.5 26.5 -4.8 -18 26.5 -4.77 -17.5 26.5 -4.73 -17 26.5 -4.7 -16.5 26.5 -4.67 -16 26.5 -4.63 -15.5 26.5 -4.6 -15 26.5 -4.56 -14.5 26.5 -4.48 -14 26.5 -4.39 -13.5 26.5 -4.31 -13 26.5 -4.22 -12.5 26.5 -4.14 -12 26.5 -4.05 -11.5 26.5 -3.97 -11 26.5 -3.88 -10.5 26.5 -3.8 -10 26.5 -3.71 -9.5 26.5 -3.63 -9 26.5 -3.54 -8.5 26.5 -3.46 -8 26.5 -3.37 -7.5 26.5 -3.29 -7 26.5 -3.2 -6.5 26.5 -3.12 -6 26.5 -3.03 -5.5 26.5 -2.95 -5 26.5 -2.86 -4.5 26.5 -2.78 -4 26.5 -2.69 -3.5 26.5 -2.61 -3 26.5 -2.52 -2.5 26.5 -2.44 -2 26.5 -2.35 -1.5 26.5 -2.27 -1 26.5 -2.18 -0.5 26.5 -2.1 0 26.5 -2.01 0.5 26.5 -1.93 1 26.5 -1.84 1.5 26.5 -1.76 2 26.5 -1.67 2.5 26.5 -1.59 3 26.5 -1.5 3.5 26.5 -1.42 4 26.5 -1.33 4.5 26.5 -1.25 5 26.5 -1.16 5.5 26.5 -1.07 6 26.5 -0.99 6.5 26.5 -0.9 7 26.5 -0.82 7.5 26.5 -0.73 8 26.5 -0.65 8.5 26.5 -0.56 9 26.5 -0.48 9.5 26.5 -0.39 10 26.5 -0.31 10.5 26.5 -0.22 11 26.5 -0.14 11.5 26.5 -0.05 12 26.5 0.03 12.5 26.5 0.12 13 26.5 0.2 13.5 26.5 0.29 14 26.5 0.37 14.5 26.5 0.46 15 26.5 0.54 15.5 26.5 0.63 16 26.5 0.71 16.5 26.5 0.8 17 26.5 0.88 17.5 26.5 0.97 18 26.5 1.05 18.5 26.5 1.14 19 26.5 1.22 19.5 26.5 1.31 20 26.5 1.39 20.5 26.5 1.48 21 26.5 1.56 21.5 26.5 1.65 22 26.5 1.73 22.5 26.5 1.82 23 26.5 1.9 23.5 26.5 1.99 24 26.5 2.07 24.5 26.5 2.16 25 26.5 2.24 25.5 26.5 2.33 26 26.5 2.41 26.5 26.5 2.5 27 26.5 2.59 27.5 26.5 2.67 28 26.5 2.76 28.5 26.5 2.84 29 26.5 2.93 29.5 26.5 3.01 30 26.5 3.1 30.5 26.5 3.13 31 26.5 3.16 31.5 26.5 3.2 32 26.5 3.23 32.5 26.5 3.26 33 26.5 3.3 33.5 26.5 3.33 34 26.5 3.37 34.5 26.5 3.4 35 26.5 3.43 35.5 26.5 3.47 36 26.5 3.5 36.5 26.5 3.53 37 26.5 3.57 37.5 26.5 3.6 38 26.5 3.63 38.5 26.5 3.67 39 26.5 3.7 39.5 26.5 3.74 40 26.5 3.77 40.5 26.5 3.8 41 26.5 3.84 41.5 26.5 3.87 42 26.5 3.9 -29.5 27 -5.54 -30 27 -5.57 -29 27 -5.5 -28.5 27 -5.47 -28 27 -5.44 -27.5 27 -5.4 -27 27 -5.37 -26.5 27 -5.34 -26 27 -5.3 -25.5 27 -5.27 -25 27 -5.23 -24.5 27 -5.2 -24 27 -5.17 -23.5 27 -5.13 -23 27 -5.1 -22.5 27 -5.07 -22 27 -5.03 -21.5 27 -5 -21 27 -4.97 -20.5 27 -4.93 -20 27 -4.9 -19.5 27 -4.86 -19 27 -4.83 -18.5 27 -4.8 -18 27 -4.76 -17.5 27 -4.73 -17 27 -4.7 -16.5 27 -4.66 -16 27 -4.63 -15.5 27 -4.59 -15 27 -4.56 -14.5 27 -4.48 -14 27 -4.39 -13.5 27 -4.31 -13 27 -4.22 -12.5 27 -4.14 -12 27 -4.05 -11.5 27 -3.97 -11 27 -3.88 -10.5 27 -3.8 -10 27 -3.71 -9.5 27 -3.63 -9 27 -3.54 -8.5 27 -3.45 -8 27 -3.37 -7.5 27 -3.28 -7 27 -3.2 -6.5 27 -3.11 -6 27 -3.03 -5.5 27 -2.94 -5 27 -2.86 -4.5 27 -2.77 -4 27 -2.69 -3.5 27 -2.6 -3 27 -2.52 -2.5 27 -2.43 -2 27 -2.35 -1.5 27 -2.26 -1 27 -2.18 -0.5 27 -2.09 0 27 -2.01 0.5 27 -1.92 1 27 -1.84 1.5 27 -1.75 2 27 -1.67 2.5 27 -1.58 3 27 -1.5 3.5 27 -1.41 4 27 -1.33 4.5 27 -1.24 5 27 -1.16 5.5 27 -1.07 6 27 -0.99 6.5 27 -0.9 7 27 -0.82 7.5 27 -0.73 8 27 -0.65 8.5 27 -0.56 9 27 -0.48 9.5 27 -0.39 10 27 -0.31 10.5 27 -0.22 11 27 -0.14 11.5 27 -0.05 12 27 0.03 12.5 27 0.12 13 27 0.21 13.5 27 0.29 14 27 0.38 14.5 27 0.46 15 27 0.55 15.5 27 0.63 16 27 0.72 16.5 27 0.8 17 27 0.89 17.5 27 0.97 18 27 1.06 18.5 27 1.14 19 27 1.23 19.5 27 1.31 20 27 1.4 20.5 27 1.48 21 27 1.57 21.5 27 1.65 22 27 1.74 22.5 27 1.82 23 27 1.91 23.5 27 1.99 24 27 2.08 24.5 27 2.16 25 27 2.25 25.5 27 2.33 26 27 2.42 26.5 27 2.5 27 27 2.59 27.5 27 2.67 28 27 2.76 28.5 27 2.84 29 27 2.93 29.5 27 3.01 30 27 3.1 30.5 27 3.13 31 27 3.17 31.5 27 3.2 32 27 3.23 32.5 27 3.27 33 27 3.3 33.5 27 3.33 34 27 3.37 34.5 27 3.4 35 27 3.44 35.5 27 3.47 36 27 3.5 36.5 27 3.54 37 27 3.57 37.5 27 3.6 38 27 3.64 38.5 27 3.67 39 27 3.71 39.5 27 3.74 40 27 3.77 40.5 27 3.81 41 27 3.84 41.5 27 3.87 42 27 3.91 -29.5 27.5 -5.53 -30 27.5 -5.57 -29 27.5 -5.5 -28.5 27.5 -5.47 -28 27.5 -5.43 -27.5 27.5 -5.4 -27 27.5 -5.37 -26.5 27.5 -5.33 -26 27.5 -5.3 -25.5 27.5 -5.27 -25 27.5 -5.23 -24.5 27.5 -5.2 -24 27.5 -5.16 -23.5 27.5 -5.13 -23 27.5 -5.1 -22.5 27.5 -5.06 -22 27.5 -5.03 -21.5 27.5 -5 -21 27.5 -4.96 -20.5 27.5 -4.93 -20 27.5 -4.89 -19.5 27.5 -4.86 -19 27.5 -4.83 -18.5 27.5 -4.79 -18 27.5 -4.76 -17.5 27.5 -4.73 -17 27.5 -4.69 -16.5 27.5 -4.66 -16 27.5 -4.63 -15.5 27.5 -4.59 -15 27.5 -4.56 -14.5 27.5 -4.47 -14 27.5 -4.39 -13.5 27.5 -4.3 -13 27.5 -4.22 -12.5 27.5 -4.13 -12 27.5 -4.05 -11.5 27.5 -3.96 -11 27.5 -3.88 -10.5 27.5 -3.79 -10 27.5 -3.71 -9.5 27.5 -3.62 -9 27.5 -3.54 -8.5 27.5 -3.45 -8 27.5 -3.37 -7.5 27.5 -3.28 -7 27.5 -3.2 -6.5 27.5 -3.11 -6 27.5 -3.03 -5.5 27.5 -2.94 -5 27.5 -2.86 -4.5 27.5 -2.77 -4 27.5 -2.69 -3.5 27.5 -2.6 -3 27.5 -2.52 -2.5 27.5 -2.43 -2 27.5 -2.35 -1.5 27.5 -2.26 -1 27.5 -2.17 -0.5 27.5 -2.09 0 27.5 -2 0.5 27.5 -1.92 1 27.5 -1.83 1.5 27.5 -1.75 2 27.5 -1.66 2.5 27.5 -1.58 3 27.5 -1.49 3.5 27.5 -1.41 4 27.5 -1.32 4.5 27.5 -1.24 5 27.5 -1.15 5.5 27.5 -1.07 6 27.5 -0.98 6.5 27.5 -0.9 7 27.5 -0.81 7.5 27.5 -0.73 8 27.5 -0.64 8.5 27.5 -0.56 9 27.5 -0.47 9.5 27.5 -0.39 10 27.5 -0.3 10.5 27.5 -0.22 11 27.5 -0.13 11.5 27.5 -0.05 12 27.5 0.04 12.5 27.5 0.12 13 27.5 0.21 13.5 27.5 0.29 14 27.5 0.38 14.5 27.5 0.46 15 27.5 0.55 15.5 27.5 0.63 16 27.5 0.72 16.5 27.5 0.8 17 27.5 0.89 17.5 27.5 0.97 18 27.5 1.06 18.5 27.5 1.14 19 27.5 1.23 19.5 27.5 1.31 20 27.5 1.4 20.5 27.5 1.49 21 27.5 1.57 21.5 27.5 1.66 22 27.5 1.74 22.5 27.5 1.83 23 27.5 1.91 23.5 27.5 2 24 27.5 2.08 24.5 27.5 2.17 25 27.5 2.25 25.5 27.5 2.34 26 27.5 2.42 26.5 27.5 2.51 27 27.5 2.59 27.5 27.5 2.68 28 27.5 2.76 28.5 27.5 2.85 29 27.5 2.93 29.5 27.5 3.02 30 27.5 3.1 30.5 27.5 3.14 31 27.5 3.17 31.5 27.5 3.2 32 27.5 3.24 32.5 27.5 3.27 33 27.5 3.3 33.5 27.5 3.34 34 27.5 3.37 34.5 27.5 3.41 35 27.5 3.44 35.5 27.5 3.47 36 27.5 3.51 36.5 27.5 3.54 37 27.5 3.57 37.5 27.5 3.61 38 27.5 3.64 38.5 27.5 3.67 39 27.5 3.71 39.5 27.5 3.74 40 27.5 3.78 40.5 27.5 3.81 41 27.5 3.84 41.5 27.5 3.88 42 27.5 3.91 -29.5 28 -5.53 -30 28 -5.56 -29 28 -5.5 -28.5 28 -5.46 -28 28 -5.43 -27.5 28 -5.4 -27 28 -5.36 -26.5 28 -5.33 -26 28 -5.3 -25.5 28 -5.26 -25 28 -5.23 -24.5 28 -5.19 -24 28 -5.16 -23.5 28 -5.13 -23 28 -5.09 -22.5 28 -5.06 -22 28 -5.03 -21.5 28 -4.99 -21 28 -4.96 -20.5 28 -4.93 -20 28 -4.89 -19.5 28 -4.86 -19 28 -4.82 -18.5 28 -4.79 -18 28 -4.76 -17.5 28 -4.72 -17 28 -4.69 -16.5 28 -4.66 -16 28 -4.62 -15.5 28 -4.59 -15 28 -4.55 -14.5 28 -4.47 -14 28 -4.38 -13.5 28 -4.3 -13 28 -4.21 -12.5 28 -4.13 -12 28 -4.04 -11.5 28 -3.96 -11 28 -3.87 -10.5 28 -3.79 -10 28 -3.7 -9.5 28 -3.62 -9 28 -3.53 -8.5 28 -3.45 -8 28 -3.36 -7.5 28 -3.28 -7 28 -3.19 -6.5 28 -3.11 -6 28 -3.02 -5.5 28 -2.94 -5 28 -2.85 -4.5 28 -2.77 -4 28 -2.68 -3.5 28 -2.6 -3 28 -2.51 -2.5 28 -2.43 -2 28 -2.34 -1.5 28 -2.26 -1 28 -2.17 -0.5 28 -2.09 0 28 -2 0.5 28 -1.92 1 28 -1.83 1.5 28 -1.75 2 28 -1.66 2.5 28 -1.58 3 28 -1.49 3.5 28 -1.41 4 28 -1.32 4.5 28 -1.24 5 28 -1.15 5.5 28 -1.07 6 28 -0.98 6.5 28 -0.89 7 28 -0.81 7.5 28 -0.72 8 28 -0.64 8.5 28 -0.55 9 28 -0.47 9.5 28 -0.38 10 28 -0.3 10.5 28 -0.21 11 28 -0.13 11.5 28 -0.04 12 28 0.04 12.5 28 0.13 13 28 0.21 13.5 28 0.3 14 28 0.38 14.5 28 0.47 15 28 0.55 15.5 28 0.64 16 28 0.72 16.5 28 0.81 17 28 0.89 17.5 28 0.98 18 28 1.06 18.5 28 1.15 19 28 1.23 19.5 28 1.32 20 28 1.4 20.5 28 1.49 21 28 1.57 21.5 28 1.66 22 28 1.74 22.5 28 1.83 23 28 1.91 23.5 28 2 24 28 2.08 24.5 28 2.17 25 28 2.25 25.5 28 2.34 26 28 2.42 26.5 28 2.51 27 28 2.59 27.5 28 2.68 28 28 2.77 28.5 28 2.85 29 28 2.94 29.5 28 3.02 30 28 3.11 30.5 28 3.14 31 28 3.17 31.5 28 3.21 32 28 3.24 32.5 28 3.27 33 28 3.31 33.5 28 3.34 34 28 3.37 34.5 28 3.41 35 28 3.44 35.5 28 3.48 36 28 3.51 36.5 28 3.54 37 28 3.58 37.5 28 3.61 38 28 3.64 38.5 28 3.68 39 28 3.71 39.5 28 3.75 40 28 3.78 40.5 28 3.81 41 28 3.85 41.5 28 3.88 42 28 3.91 -29.5 28.5 -5.53 -30 28.5 -5.56 -29 28.5 -5.49 -28.5 28.5 -5.46 -28 28.5 -5.43 -27.5 28.5 -5.39 -27 28.5 -5.36 -26.5 28.5 -5.33 -26 28.5 -5.29 -25.5 28.5 -5.26 -25 28.5 -5.22 -24.5 28.5 -5.19 -24 28.5 -5.16 -23.5 28.5 -5.12 -23 28.5 -5.09 -22.5 28.5 -5.06 -22 28.5 -5.02 -21.5 28.5 -4.99 -21 28.5 -4.96 -20.5 28.5 -4.92 -20 28.5 -4.89 -19.5 28.5 -4.85 -19 28.5 -4.82 -18.5 28.5 -4.79 -18 28.5 -4.75 -17.5 28.5 -4.72 -17 28.5 -4.69 -16.5 28.5 -4.65 -16 28.5 -4.62 -15.5 28.5 -4.59 -15 28.5 -4.55 -14.5 28.5 -4.47 -14 28.5 -4.38 -13.5 28.5 -4.3 -13 28.5 -4.21 -12.5 28.5 -4.13 -12 28.5 -4.04 -11.5 28.5 -3.96 -11 28.5 -3.87 -10.5 28.5 -3.79 -10 28.5 -3.7 -9.5 28.5 -3.62 -9 28.5 -3.53 -8.5 28.5 -3.45 -8 28.5 -3.36 -7.5 28.5 -3.27 -7 28.5 -3.19 -6.5 28.5 -3.1 -6 28.5 -3.02 -5.5 28.5 -2.93 -5 28.5 -2.85 -4.5 28.5 -2.76 -4 28.5 -2.68 -3.5 28.5 -2.59 -3 28.5 -2.51 -2.5 28.5 -2.42 -2 28.5 -2.34 -1.5 28.5 -2.25 -1 28.5 -2.17 -0.5 28.5 -2.08 0 28.5 -2 0.5 28.5 -1.91 1 28.5 -1.83 1.5 28.5 -1.74 2 28.5 -1.66 2.5 28.5 -1.57 3 28.5 -1.49 3.5 28.5 -1.4 4 28.5 -1.32 4.5 28.5 -1.23 5 28.5 -1.15 5.5 28.5 -1.06 6 28.5 -0.98 6.5 28.5 -0.89 7 28.5 -0.81 7.5 28.5 -0.72 8 28.5 -0.64 8.5 28.5 -0.55 9 28.5 -0.47 9.5 28.5 -0.38 10 28.5 -0.3 10.5 28.5 -0.21 11 28.5 -0.13 11.5 28.5 -0.04 12 28.5 0.04 12.5 28.5 0.13 13 28.5 0.21 13.5 28.5 0.3 14 28.5 0.39 14.5 28.5 0.47 15 28.5 0.56 15.5 28.5 0.64 16 28.5 0.73 16.5 28.5 0.81 17 28.5 0.9 17.5 28.5 0.98 18 28.5 1.07 18.5 28.5 1.15 19 28.5 1.24 19.5 28.5 1.32 20 28.5 1.41 20.5 28.5 1.49 21 28.5 1.58 21.5 28.5 1.66 22 28.5 1.75 22.5 28.5 1.83 23 28.5 1.92 23.5 28.5 2 24 28.5 2.09 24.5 28.5 2.17 25 28.5 2.26 25.5 28.5 2.34 26 28.5 2.43 26.5 28.5 2.51 27 28.5 2.6 27.5 28.5 2.68 28 28.5 2.77 28.5 28.5 2.85 29 28.5 2.94 29.5 28.5 3.02 30 28.5 3.11 30.5 28.5 3.14 31 28.5 3.18 31.5 28.5 3.21 32 28.5 3.24 32.5 28.5 3.28 33 28.5 3.31 33.5 28.5 3.34 34 28.5 3.38 34.5 28.5 3.41 35 28.5 3.45 35.5 28.5 3.48 36 28.5 3.51 36.5 28.5 3.55 37 28.5 3.58 37.5 28.5 3.61 38 28.5 3.65 38.5 28.5 3.68 39 28.5 3.71 39.5 28.5 3.75 40 28.5 3.78 40.5 28.5 3.82 41 28.5 3.85 41.5 28.5 3.88 42 28.5 3.92 -29.5 29 -5.52 -30 29 -5.56 -29 29 -5.49 -28.5 29 -5.46 -28 29 -5.42 -27.5 29 -5.39 -27 29 -5.36 -26.5 29 -5.32 -26 29 -5.29 -25.5 29 -5.26 -25 29 -5.22 -24.5 29 -5.19 -24 29 -5.15 -23.5 29 -5.12 -23 29 -5.09 -22.5 29 -5.05 -22 29 -5.02 -21.5 29 -4.99 -21 29 -4.95 -20.5 29 -4.92 -20 29 -4.89 -19.5 29 -4.85 -19 29 -4.82 -18.5 29 -4.78 -18 29 -4.75 -17.5 29 -4.72 -17 29 -4.68 -16.5 29 -4.65 -16 29 -4.62 -15.5 29 -4.58 -15 29 -4.55 -14.5 29 -4.46 -14 29 -4.38 -13.5 29 -4.29 -13 29 -4.21 -12.5 29 -4.12 -12 29 -4.04 -11.5 29 -3.95 -11 29 -3.87 -10.5 29 -3.78 -10 29 -3.7 -9.5 29 -3.61 -9 29 -3.53 -8.5 29 -3.44 -8 29 -3.36 -7.5 29 -3.27 -7 29 -3.19 -6.5 29 -3.1 -6 29 -3.02 -5.5 29 -2.93 -5 29 -2.85 -4.5 29 -2.76 -4 29 -2.68 -3.5 29 -2.59 -3 29 -2.51 -2.5 29 -2.42 -2 29 -2.34 -1.5 29 -2.25 -1 29 -2.17 -0.5 29 -2.08 0 29 -1.99 0.5 29 -1.91 1 29 -1.82 1.5 29 -1.74 2 29 -1.65 2.5 29 -1.57 3 29 -1.48 3.5 29 -1.4 4 29 -1.31 4.5 29 -1.23 5 29 -1.14 5.5 29 -1.06 6 29 -0.97 6.5 29 -0.89 7 29 -0.8 7.5 29 -0.72 8 29 -0.63 8.5 29 -0.55 9 29 -0.46 9.5 29 -0.38 10 29 -0.29 10.5 29 -0.21 11 29 -0.12 11.5 29 -0.04 12 29 0.05 12.5 29 0.13 13 29 0.22 13.5 29 0.3 14 29 0.39 14.5 29 0.47 15 29 0.56 15.5 29 0.64 16 29 0.73 16.5 29 0.81 17 29 0.9 17.5 29 0.98 18 29 1.07 18.5 29 1.15 19 29 1.24 19.5 29 1.32 20 29 1.41 20.5 29 1.49 21 29 1.58 21.5 29 1.66 22 29 1.75 22.5 29 1.84 23 29 1.92 23.5 29 2.01 24 29 2.09 24.5 29 2.18 25 29 2.26 25.5 29 2.35 26 29 2.43 26.5 29 2.52 27 29 2.6 27.5 29 2.69 28 29 2.77 28.5 29 2.86 29 29 2.94 29.5 29 3.03 30 29 3.11 30.5 29 3.15 31 29 3.18 31.5 29 3.21 32 29 3.25 32.5 29 3.28 33 29 3.31 33.5 29 3.35 34 29 3.38 34.5 29 3.41 35 29 3.45 35.5 29 3.48 36 29 3.52 36.5 29 3.55 37 29 3.58 37.5 29 3.62 38 29 3.65 38.5 29 3.68 39 29 3.72 39.5 29 3.75 40 29 3.79 40.5 29 3.82 41 29 3.85 41.5 29 3.89 42 29 3.92 -29.5 29.5 -5.52 -30 29.5 -5.56 -29 29.5 -5.49 -28.5 29.5 -5.45 -28 29.5 -5.42 -27.5 29.5 -5.39 -27 29.5 -5.35 -26.5 29.5 -5.32 -26 29.5 -5.29 -25.5 29.5 -5.25 -25 29.5 -5.22 -24.5 29.5 -5.18 -24 29.5 -5.15 -23.5 29.5 -5.12 -23 29.5 -5.08 -22.5 29.5 -5.05 -22 29.5 -5.02 -21.5 29.5 -4.98 -21 29.5 -4.95 -20.5 29.5 -4.92 -20 29.5 -4.88 -19.5 29.5 -4.85 -19 29.5 -4.81 -18.5 29.5 -4.78 -18 29.5 -4.75 -17.5 29.5 -4.71 -17 29.5 -4.68 -16.5 29.5 -4.65 -16 29.5 -4.61 -15.5 29.5 -4.58 -15 29.5 -4.55 -14.5 29.5 -4.46 -14 29.5 -4.37 -13.5 29.5 -4.29 -13 29.5 -4.2 -12.5 29.5 -4.12 -12 29.5 -4.03 -11.5 29.5 -3.95 -11 29.5 -3.86 -10.5 29.5 -3.78 -10 29.5 -3.69 -9.5 29.5 -3.61 -9 29.5 -3.52 -8.5 29.5 -3.44 -8 29.5 -3.35 -7.5 29.5 -3.27 -7 29.5 -3.18 -6.5 29.5 -3.1 -6 29.5 -3.01 -5.5 29.5 -2.93 -5 29.5 -2.84 -4.5 29.5 -2.76 -4 29.5 -2.67 -3.5 29.5 -2.59 -3 29.5 -2.5 -2.5 29.5 -2.42 -2 29.5 -2.33 -1.5 29.5 -2.25 -1 29.5 -2.16 -0.5 29.5 -2.08 0 29.5 -1.99 0.5 29.5 -1.91 1 29.5 -1.82 1.5 29.5 -1.74 2 29.5 -1.65 2.5 29.5 -1.57 3 29.5 -1.48 3.5 29.5 -1.4 4 29.5 -1.31 4.5 29.5 -1.23 5 29.5 -1.14 5.5 29.5 -1.06 6 29.5 -0.97 6.5 29.5 -0.89 7 29.5 -0.8 7.5 29.5 -0.72 8 29.5 -0.63 8.5 29.5 -0.54 9 29.5 -0.46 9.5 29.5 -0.37 10 29.5 -0.29 10.5 29.5 -0.2 11 29.5 -0.12 11.5 29.5 -0.03 12 29.5 0.05 12.5 29.5 0.14 13 29.5 0.22 13.5 29.5 0.31 14 29.5 0.39 14.5 29.5 0.48 15 29.5 0.56 15.5 29.5 0.65 16 29.5 0.73 16.5 29.5 0.82 17 29.5 0.9 17.5 29.5 0.99 18 29.5 1.07 18.5 29.5 1.16 19 29.5 1.24 19.5 29.5 1.33 20 29.5 1.41 20.5 29.5 1.5 21 29.5 1.58 21.5 29.5 1.67 22 29.5 1.75 22.5 29.5 1.84 23 29.5 1.92 23.5 29.5 2.01 24 29.5 2.09 24.5 29.5 2.18 25 29.5 2.26 25.5 29.5 2.35 26 29.5 2.43 26.5 29.5 2.52 27 29.5 2.6 27.5 29.5 2.69 28 29.5 2.77 28.5 29.5 2.86 29 29.5 2.94 29.5 29.5 3.03 30 29.5 3.12 30.5 29.5 3.15 31 29.5 3.18 31.5 29.5 3.22 32 29.5 3.25 32.5 29.5 3.28 33 29.5 3.32 33.5 29.5 3.35 34 29.5 3.38 34.5 29.5 3.42 35 29.5 3.45 35.5 29.5 3.49 36 29.5 3.52 36.5 29.5 3.55 37 29.5 3.59 37.5 29.5 3.62 38 29.5 3.65 38.5 29.5 3.69 39 29.5 3.72 39.5 29.5 3.75 40 29.5 3.79 40.5 29.5 3.82 41 29.5 3.86 41.5 29.5 3.89 42 29.5 3.92 -29.5 30 -5.52 -30 30 -5.55 -29 30 -5.48 -28.5 30 -5.45 -28 30 -5.42 -27.5 30 -5.38 -27 30 -5.35 -26.5 30 -5.32 -26 30 -5.28 -25.5 30 -5.25 -25 30 -5.22 -24.5 30 -5.18 -24 30 -5.15 -23.5 30 -5.11 -23 30 -5.08 -22.5 30 -5.05 -22 30 -5.01 -21.5 30 -4.98 -21 30 -4.95 -20.5 30 -4.91 -20 30 -4.88 -19.5 30 -4.84 -19 30 -4.81 -18.5 30 -4.78 -18 30 -4.74 -17.5 30 -4.71 -17 30 -4.68 -16.5 30 -4.64 -16 30 -4.61 -15.5 30 -4.58 -15 30 -4.54 -14.5 30 -4.46 -14 30 -4.37 -13.5 30 -4.29 -13 30 -4.2 -12.5 30 -4.12 -12 30 -4.03 -11.5 30 -3.95 -11 30 -3.86 -10.5 30 -3.78 -10 30 -3.69 -9.5 30 -3.61 -9 30 -3.52 -8.5 30 -3.44 -8 30 -3.35 -7.5 30 -3.27 -7 30 -3.18 -6.5 30 -3.1 -6 30 -3.01 -5.5 30 -2.92 -5 30 -2.84 -4.5 30 -2.75 -4 30 -2.67 -3.5 30 -2.58 -3 30 -2.5 -2.5 30 -2.41 -2 30 -2.33 -1.5 30 -2.24 -1 30 -2.16 -0.5 30 -2.07 0 30 -1.99 0.5 30 -1.9 1 30 -1.82 1.5 30 -1.73 2 30 -1.65 2.5 30 -1.56 3 30 -1.48 3.5 30 -1.39 4 30 -1.31 4.5 30 -1.22 5 30 -1.14 5.5 30 -1.05 6 30 -0.97 6.5 30 -0.88 7 30 -0.8 7.5 30 -0.71 8 30 -0.63 8.5 30 -0.54 9 30 -0.46 9.5 30 -0.37 10 30 -0.29 10.5 30 -0.2 11 30 -0.12 11.5 30 -0.03 12 30 0.05 12.5 30 0.14 13 30 0.22 13.5 30 0.31 14 30 0.39 14.5 30 0.48 15 30 0.56 15.5 30 0.65 16 30 0.74 16.5 30 0.82 17 30 0.91 17.5 30 0.99 18 30 1.08 18.5 30 1.16 19 30 1.25 19.5 30 1.33 20 30 1.42 20.5 30 1.5 21 30 1.59 21.5 30 1.67 22 30 1.76 22.5 30 1.84 23 30 1.93 23.5 30 2.01 24 30 2.1 24.5 30 2.18 25 30 2.27 25.5 30 2.35 26 30 2.44 26.5 30 2.52 27 30 2.61 27.5 30 2.69 28 30 2.78 28.5 30 2.86 29 30 2.95 29.5 30 3.03 30 30 3.12 30.5 30 3.15 31 30 3.19 31.5 30 3.22 32 30 3.25 32.5 30 3.29 33 30 3.32 33.5 30 3.35 34 30 3.39 34.5 30 3.42 35 30 3.46 35.5 30 3.49 36 30 3.52 36.5 30 3.56 37 30 3.59 37.5 30 3.62 38 30 3.66 38.5 30 3.69 39 30 3.72 39.5 30 3.76 40 30 3.79 40.5 30 3.83 41 30 3.86 41.5 30 3.89 42 30 3.93 -28 -22 -2.05 -27.5 -22 -2.03 -27 -22 -2.01 -27 -21.5 -2.01 -26.5 -22 -2 -26.5 -21.5 -2 -26 -22 -1.98 -26 -21.5 -1.98 -25.5 -22 -1.96 -25.5 -21.5 -1.96 -25 -22 -1.94 -25 -21.5 -1.94 -24.5 -22 -1.93 -24.5 -21.5 -1.93 -24 -22 -1.91 -24 -21.5 -1.91 -23.5 -22 -1.89 -23.5 -21.5 -1.89 -23 -22 -1.87 -23 -21.5 -1.87 -22.5 -22 -1.86 -22.5 -21.5 -1.86 -22 -22 -1.84 -22 -21.5 -1.84 -21.5 -22 -1.82 -21.5 -21.5 -1.82 -21 -22 -1.8 -21 -21.5 -1.8 -20.5 -22 -1.79 -20.5 -21.5 -1.79 -20 -22 -1.77 -20 -21.5 -1.77 -19.5 -22 -1.75 -19.5 -21.5 -1.75 -19 -22 -1.73 -19 -21.5 -1.73 -18.5 -22 -1.72 -18.5 -21.5 -1.72 -18 -22 -1.7 -18 -21.5 -1.7 -17.5 -22 -1.68 -17.5 -21.5 -1.68 -26 -21 -1.98 -25.5 -21 -1.96 -25 -21 -1.94 -24.5 -21 -1.93 -24 -21 -1.91 -23.5 -21 -1.89 -23 -21 -1.87 -22.5 -21 -1.86 -22 -21 -1.84 -21.5 -21 -1.82 -21 -21 -1.8 -20.5 -21 -1.79 -20 -21 -1.77 -19.5 -21 -1.75 -19 -21 -1.73 -18.5 -21 -1.72 -18 -21 -1.7 -17.5 -21 -1.68 -17 -21 -1.66 -16.5 -21 -1.65 -25 -20.5 -1.94 -24.5 -20.5 -1.93 -24 -20.5 -1.91 -23.5 -20.5 -1.89 -23 -20.5 -1.87 -22.5 -20.5 -1.86 -22 -20.5 -1.84 -21.5 -20.5 -1.82 -21 -20.5 -1.8 -20.5 -20.5 -1.79 -20 -20.5 -1.77 -19.5 -20.5 -1.75 -19 -20.5 -1.73 -18.5 -20.5 -1.72 -18 -20.5 -1.7 -17.5 -20.5 -1.68 -17 -20.5 -1.66 -16.5 -20.5 -1.65 -16 -20.5 -1.63 -15.5 -20.5 -1.61 -24.5 -20 -1.93 -24 -20 -1.91 -23.5 -20 -1.89 -23 -20 -1.87 -22.5 -20 -1.86 -22 -20 -1.84 -21.5 -20 -1.82 -21 -20 -1.8 -20.5 -20 -1.79 -20 -20 -1.77 -19.5 -20 -1.75 -19 -20 -1.73 -18.5 -20 -1.72 -18 -20 -1.7 -17.5 -20 -1.68 -17 -20 -1.66 -16.5 -20 -1.65 -16 -20 -1.63 -15.5 -20 -1.61 -15 -20 -1.59 -14.5 -20 -1.58 -23.5 -19.5 -1.89 -23 -19.5 -1.87 -22.5 -19.5 -1.86 -22 -19.5 -1.84 -21.5 -19.5 -1.82 -21 -19.5 -1.8 -20.5 -19.5 -1.79 -20 -19.5 -1.77 -19.5 -19.5 -1.75 -19 -19.5 -1.73 -18.5 -19.5 -1.72 -18 -19.5 -1.7 -17.5 -19.5 -1.68 -17 -19.5 -1.66 -16.5 -19.5 -1.65 -16 -19.5 -1.63 -15.5 -19.5 -1.61 -15 -19.5 -1.59 -14.5 -19.5 -1.58 -14 -19.5 -1.56 -13.5 -19.5 -1.54 -22.5 -19 -1.86 -22 -19 -1.84 -21.5 -19 -1.82 -21 -19 -1.8 -20.5 -19 -1.79 -20 -19 -1.77 -19.5 -19 -1.75 -19 -19 -1.73 -18.5 -19 -1.72 -18 -19 -1.7 -17.5 -19 -1.68 -17 -19 -1.66 -16.5 -19 -1.65 -16 -19 -1.63 -15.5 -19 -1.61 -15 -19 -1.59 -14.5 -19 -1.58 -14 -19 -1.56 -13.5 -19 -1.54 -13 -19 -1.52 -21.5 -18.5 -1.82 -21 -18.5 -1.8 -20.5 -18.5 -1.79 -20 -18.5 -1.77 -19.5 -18.5 -1.75 -19 -18.5 -1.73 -18.5 -18.5 -1.72 -18 -18.5 -1.7 -17.5 -18.5 -1.68 -17 -18.5 -1.66 -16.5 -18.5 -1.65 -16 -18.5 -1.63 -15.5 -18.5 -1.61 -15 -18.5 -1.59 -14.5 -18.5 -1.58 -14 -18.5 -1.56 -13.5 -18.5 -1.54 -13 -18.5 -1.52 -12.5 -18.5 -1.51 -12 -18.5 -1.49 -20.5 -18 -1.79 -20 -18 -1.77 -19.5 -18 -1.75 -19 -18 -1.73 -18.5 -18 -1.72 -18 -18 -1.7 -17.5 -18 -1.68 -17 -18 -1.66 -16.5 -18 -1.65 -16 -18 -1.63 -15.5 -18 -1.61 -15 -18 -1.59 -14.5 -18 -1.58 -14 -18 -1.56 -13.5 -18 -1.54 -13 -18 -1.52 -12.5 -18 -1.51 -12 -18 -1.49 -11.5 -18 -1.47 -11 -18 -1.45 -20 -17.5 -1.77 -19.5 -17.5 -1.75 -19 -17.5 -1.73 -18.5 -17.5 -1.72 -18 -17.5 -1.7 -17.5 -17.5 -1.68 -17 -17.5 -1.66 -16.5 -17.5 -1.65 -16 -17.5 -1.63 -15.5 -17.5 -1.61 -15 -17.5 -1.59 -14.5 -17.5 -1.58 -14 -17.5 -1.56 -13.5 -17.5 -1.54 -13 -17.5 -1.52 -12.5 -17.5 -1.51 -12 -17.5 -1.49 -11.5 -17.5 -1.47 -11 -17.5 -1.45 -10.5 -17.5 -1.44 -10 -17.5 -1.42 -19 -17 -1.73 -18.5 -17 -1.72 -18 -17 -1.7 -17.5 -17 -1.68 -17 -17 -1.66 -16.5 -17 -1.65 -16 -17 -1.63 -15.5 -17 -1.61 -15 -17 -1.59 -14.5 -17 -1.58 -14 -17 -1.56 -13.5 -17 -1.54 -13 -17 -1.52 -12.5 -17 -1.51 -12 -17 -1.49 -11.5 -17 -1.47 -11 -17 -1.45 -10.5 -17 -1.44 -10 -17 -1.42 -9.5 -17 -1.4 -9 -17 -1.38 -18 -16.5 -1.7 -17.5 -16.5 -1.68 -17 -16.5 -1.66 -16.5 -16.5 -1.65 -16 -16.5 -1.63 -15.5 -16.5 -1.61 -15 -16.5 -1.59 -14.5 -16.5 -1.58 -14 -16.5 -1.56 -13.5 -16.5 -1.54 -13 -16.5 -1.52 -12.5 -16.5 -1.51 -12 -16.5 -1.49 -11.5 -16.5 -1.47 -11 -16.5 -1.45 -10.5 -16.5 -1.44 -10 -16.5 -1.42 -9.5 -16.5 -1.4 -9 -16.5 -1.38 -8.5 -16.5 -1.37 -8 -16.5 -1.35 -17 -16 -1.66 -16.5 -16 -1.65 -16 -16 -1.63 -15.5 -16 -1.61 -15 -16 -1.59 -14.5 -16 -1.58 -14 -16 -1.56 -13.5 -16 -1.54 -13 -16 -1.52 -12.5 -16 -1.51 -12 -16 -1.49 -11.5 -16 -1.47 -11 -16 -1.45 -10.5 -16 -1.44 -10 -16 -1.42 -9.5 -16 -1.4 -9 -16 -1.38 -8.5 -16 -1.37 -8 -16 -1.35 -7.5 -16 -1.33 -16 -15.5 -1.63 -15.5 -15.5 -1.61 -15 -15.5 -1.59 -14.5 -15.5 -1.58 -14 -15.5 -1.56 -13.5 -15.5 -1.54 -13 -15.5 -1.52 -12.5 -15.5 -1.51 -12 -15.5 -1.49 -11.5 -15.5 -1.47 -11 -15.5 -1.45 -10.5 -15.5 -1.44 -10 -15.5 -1.42 -9.5 -15.5 -1.4 -9 -15.5 -1.38 -8.5 -15.5 -1.37 -8 -15.5 -1.35 -7.5 -15.5 -1.33 -7 -15.5 -1.31 -6.5 -15.5 -1.3 -15 -15 -1.59 -14.5 -15 -1.58 -14 -15 -1.56 -13.5 -15 -1.54 -13 -15 -1.52 -12.5 -15 -1.51 -12 -15 -1.49 -11.5 -15 -1.47 -11 -15 -1.45 -10.5 -15 -1.44 -10 -15 -1.42 -9.5 -15 -1.4 -9 -15 -1.38 -8.5 -15 -1.37 -8 -15 -1.35 -7.5 -15 -1.33 -7 -15 -1.31 -6.5 -15 -1.3 -6 -15 -1.28 -5.5 -15 -1.26 -14.5 -14.5 -1.58 -14 -14.5 -1.56 -13.5 -14.5 -1.54 -13 -14.5 -1.52 -12.5 -14.5 -1.51 -12 -14.5 -1.49 -11.5 -14.5 -1.47 -11 -14.5 -1.45 -10.5 -14.5 -1.44 -10 -14.5 -1.42 -9.5 -14.5 -1.4 -9 -14.5 -1.38 -8.5 -14.5 -1.37 -8 -14.5 -1.35 -7.5 -14.5 -1.33 -7 -14.5 -1.31 -6.5 -14.5 -1.3 -6 -14.5 -1.28 -5.5 -14.5 -1.26 -5 -14.5 -1.24 -4.5 -14.5 -1.23 -13.5 -14 -1.54 -13 -14 -1.52 -12.5 -14 -1.51 -12 -14 -1.49 -11.5 -14 -1.47 -11 -14 -1.45 -10.5 -14 -1.44 -10 -14 -1.42 -9.5 -14 -1.4 -9 -14 -1.38 -8.5 -14 -1.37 -8 -14 -1.35 -7.5 -14 -1.33 -7 -14 -1.31 -6.5 -14 -1.3 -6 -14 -1.28 -5.5 -14 -1.26 -5 -14 -1.24 -4.5 -14 -1.23 -4 -14 -1.21 -3.5 -14 -1.19 -12.5 -13.5 -1.51 -12 -13.5 -1.49 -11.5 -13.5 -1.47 -11 -13.5 -1.45 -10.5 -13.5 -1.44 -10 -13.5 -1.42 -9.5 -13.5 -1.4 -9 -13.5 -1.38 -8.5 -13.5 -1.37 -8 -13.5 -1.35 -7.5 -13.5 -1.33 -7 -13.5 -1.31 -6.5 -13.5 -1.3 -6 -13.5 -1.28 -5.5 -13.5 -1.26 -5 -13.5 -1.24 -4.5 -13.5 -1.23 -4 -13.5 -1.21 -3.5 -13.5 -1.19 -3 -13.5 -1.17 -11.5 -13 -1.47 -11 -13 -1.45 -10.5 -13 -1.44 -10 -13 -1.42 -9.5 -13 -1.4 -9 -13 -1.38 -8.5 -13 -1.37 -8 -13 -1.35 -7.5 -13 -1.33 -7 -13 -1.31 -6.5 -13 -1.3 -6 -13 -1.28 -5.5 -13 -1.26 -5 -13 -1.24 -4.5 -13 -1.23 -4 -13 -1.21 -3.5 -13 -1.19 -3 -13 -1.17 -2.5 -13 -1.16 -2 -13 -1.14 -10.5 -12.5 -1.44 -10 -12.5 -1.42 -9.5 -12.5 -1.4 -9 -12.5 -1.38 -8.5 -12.5 -1.37 -8 -12.5 -1.35 -7.5 -12.5 -1.33 -7 -12.5 -1.31 -6.5 -12.5 -1.3 -6 -12.5 -1.28 -5.5 -12.5 -1.26 -5 -12.5 -1.24 -4.5 -12.5 -1.23 -4 -12.5 -1.21 -3.5 -12.5 -1.19 -3 -12.5 -1.17 -2.5 -12.5 -1.16 -2 -12.5 -1.14 -1.5 -12.5 -1.12 -1 -12.5 -1.1 -10 -12 -1.42 -9.5 -12 -1.4 -9 -12 -1.38 -8.5 -12 -1.37 -8 -12 -1.35 -7.5 -12 -1.33 -7 -12 -1.31 -6.5 -12 -1.3 -6 -12 -1.28 -5.5 -12 -1.26 -5 -12 -1.24 -4.5 -12 -1.23 -4 -12 -1.21 -3.5 -12 -1.19 -3 -12 -1.17 -2.5 -12 -1.16 -2 -12 -1.14 -1.5 -12 -1.12 -1 -12 -1.1 -0.5 -12 -1.1 0 -12 -1.1 -9 -11.5 -1.38 -8.5 -11.5 -1.37 -8 -11.5 -1.35 -7.5 -11.5 -1.33 -7 -11.5 -1.31 -6.5 -11.5 -1.3 -6 -11.5 -1.28 -5.5 -11.5 -1.26 -5 -11.5 -1.24 -4.5 -11.5 -1.23 -4 -11.5 -1.21 -3.5 -11.5 -1.19 -3 -11.5 -1.17 -2.5 -11.5 -1.16 -2 -11.5 -1.14 -1.5 -11.5 -1.12 -1 -11.5 -1.1 -0.5 -11.5 -1.1 0 -11.5 -1.1 0.5 -11.5 -1.1 1 -11.5 -1.1 -8 -11 -1.35 -7.5 -11 -1.33 -7 -11 -1.31 -6.5 -11 -1.3 -6 -11 -1.28 -5.5 -11 -1.26 -5 -11 -1.24 -4.5 -11 -1.23 -4 -11 -1.21 -3.5 -11 -1.19 -3 -11 -1.17 -2.5 -11 -1.16 -2 -11 -1.14 -1.5 -11 -1.12 -1 -11 -1.1 -0.5 -11 -1.1 0 -11 -1.1 0.5 -11 -1.1 1 -11 -1.1 1.5 -11 -1.1 -7 -10.5 -1.31 -6.5 -10.5 -1.3 -6 -10.5 -1.28 -5.5 -10.5 -1.26 -5 -10.5 -1.24 -4.5 -10.5 -1.23 -4 -10.5 -1.21 -3.5 -10.5 -1.19 -3 -10.5 -1.17 -2.5 -10.5 -1.16 -2 -10.5 -1.14 -1.5 -10.5 -1.12 -1 -10.5 -1.1 -0.5 -10.5 -1.1 0 -10.5 -1.1 0.5 -10.5 -1.1 1 -10.5 -1.1 1.5 -10.5 -1.1 -6 -10 -1.1 -5.5 -10 -1.1 -5 -10 -1.1 -4.5 -10 -1.1 -4 -10 -1.1 -3.5 -10 -1.1 -3 -10 -1.1 -2.5 -10 -1.1 -2 -10 -1.1 -1.5 -10 -1.1 -1 -10 -1.1 -0.5 -10 -1.1 0 -10 -1.1 0.5 -10 -1.1 1 -10 -1.1 1.5 -10 -1.1 -6 -9.5 -1.16 -5.5 -9.5 -1.16 -5 -9.5 -1.16 -4.5 -9.5 -1.16 -4 -9.5 -1.16 -3.5 -9.5 -1.16 -3 -9.5 -1.16 -2.5 -9.5 -1.16 -2 -9.5 -1.16 -1.5 -9.5 -1.16 -1 -9.5 -1.21 -0.5 -9.5 -1.21 0 -9.5 -1.32 0.5 -9.5 -1.32 1 -9.5 -1.32 1.5 -9.5 -1.32 -6.5 -9 -1.22 -6 -9 -1.22 -5.5 -9 -1.22 -5 -9 -1.22 -4.5 -9 -1.22 -4 -9 -1.22 -3.5 -9 -1.22 -3 -9 -1.22 -2.5 -9 -1.22 -2 -9 -1.22 -1.5 -9 -1.22 -1 -9 -1.27 -6.5 -8.5 -1.28 -6 -8.5 -1.28 -5.5 -8.5 -1.28 -5 -8.5 -1.28 -4.5 -8.5 -1.28 -4 -8.5 -1.28 -3.5 -8.5 -1.28 -3 -8.5 -1.28 -2.5 -8.5 -1.28 -2 -8.5 -1.28 -1.5 -8.5 -1.28 -1 -8.5 -1.33 -6.5 -8 -1.33 -6 -8 -1.33 -5.5 -8 -1.33 -5 -8 -1.33 -4.5 -8 -1.33 -4 -8 -1.33 -3.5 -8 -1.33 -3 -8 -1.33 -2.5 -8 -1.33 -2 -8 -1.33 -1.5 -8 -1.33 -1 -8 -2.34 -7 -7.5 -1.39 -6.5 -7.5 -1.39 -6 -7.5 -1.39 -5.5 -7.5 -1.39 -5 -7.5 -1.39 -4.5 -7.5 -1.39 -4 -7.5 -1.39 -3.5 -7.5 -1.39 -3 -7.5 -1.39 -2.5 -7.5 -1.39 -2 -7.5 -1.39 -1.5 -7.5 -1.44 -1 -7.5 -2.33 -7 -7 -1.45 -6.5 -7 -1.45 -6 -7 -1.45 -5.5 -7 -1.45 -5 -7 -1.45 -4.5 -7 -1.45 -4 -7 -1.45 -3.5 -7 -1.45 -3 -7 -1.45 -2.5 -7 -1.45 -2 -7 -1.45 -1.5 -7 -2.36 -7 -6.5 -1.51 -6.5 -6.5 -1.51 -6 -6.5 -1.51 -5.5 -6.5 -1.51 -5 -6.5 -1.51 -4.5 -6.5 -1.51 -4 -6.5 -1.51 -3.5 -6.5 -1.51 -3 -6.5 -1.51 -2.5 -6.5 -1.51 -2 -6.5 -1.51 -1.5 -6.5 -2.35 -7 -6 -1.57 -6.5 -6 -1.57 -6 -6 -1.57 -5.5 -6 -1.57 -5 -6 -1.57 -4.5 -6 -1.57 -4 -6 -1.57 -3.5 -6 -1.57 -3 -6 -1.57 -2.5 -6 -1.57 -2 -6 -1.62 -1.5 -6 -2.35 -7.5 -5.5 -1.63 -7 -5.5 -1.63 -6.5 -5.5 -1.63 -6 -5.5 -1.63 -5.5 -5.5 -1.63 -5 -5.5 -1.63 -4.5 -5.5 -1.63 -4 -5.5 -1.63 -3.5 -5.5 -1.63 -3 -5.5 -1.63 -2.5 -5.5 -1.63 -2 -5.5 -2.37 -7.5 -5 -1.69 -7 -5 -1.69 -6.5 -5 -1.69 -6 -5 -1.69 -5.5 -5 -1.69 -5 -5 -1.69 -4.5 -5 -1.69 -4 -5 -1.69 -3.5 -5 -1.69 -3 -5 -1.69 -2.5 -5 -1.69 -2 -5 -2.37 -7.5 -4.5 -1.74 -7 -4.5 -1.74 -6.5 -4.5 -1.74 -6 -4.5 -1.74 -5.5 -4.5 -1.74 -5 -4.5 -1.74 -4.5 -4.5 -1.74 -4 -4.5 -1.74 -3.5 -4.5 -1.74 -3 -4.5 -1.74 -2.5 -4.5 -1.79 -2 -4.5 -2.36 -8 -4 -1.8 -7.5 -4 -1.8 -7 -4 -1.8 -6.5 -4 -1.8 -6 -4 -1.8 -5.5 -4 -1.8 -5 -4 -1.8 -4.5 -4 -1.8 -4 -4 -1.8 -3.5 -4 -1.8 -3 -4 -1.8 -2.5 -4 -1.85 -8 -3.5 -1.86 -7.5 -3.5 -1.86 -7 -3.5 -1.86 -6.5 -3.5 -1.86 -6 -3.5 -1.86 -5.5 -3.5 -1.86 -5 -3.5 -1.86 -4.5 -3.5 -1.86 -4 -3.5 -1.86 -3.5 -3.5 -1.86 -3 -3.5 -1.86 -2.5 -3.5 -2.38 -8 -3 -1.92 -7.5 -3 -1.92 -7 -3 -1.92 -6.5 -3 -1.92 -6 -3 -1.92 -5.5 -3 -1.92 -5 -3 -1.92 -4.5 -3 -1.92 -4 -3 -1.92 -3.5 -3 -1.92 -3 -3 -1.97 -2.5 -3 -2.38 -8.5 -2.5 -1.98 -8 -2.5 -1.98 -7.5 -2.5 -1.98 -7 -2.5 -1.98 -6.5 -2.5 -1.98 -6 -2.5 -1.98 -5.5 -2.5 -1.98 -5 -2.5 -1.98 -4.5 -2.5 -1.98 -4 -2.5 -1.98 -3.5 -2.5 -1.98 -3 -2.5 -2.03 -8.5 -2 -2.04 -8 -2 -2.04 -7.5 -2 -2.04 -7 -2 -2.04 -6.5 -2 -2.04 -6 -2 -2.04 -5.5 -2 -2.04 -5 -2 -2.04 -4.5 -2 -2.04 -4 -2 -2.04 -3.5 -2 -2.04 -3 -2 -2.4 -8.5 -1.5 -2.1 -8 -1.5 -2.1 -7.5 -1.5 -2.1 -7 -1.5 -2.1 -6.5 -1.5 -2.1 -6 -1.5 -2.1 -5.5 -1.5 -2.1 -5 -1.5 -2.1 -4.5 -1.5 -2.1 -4 -1.5 -2.1 -3.5 -1.5 -2.15 -3 -1.5 -2.39 -9 -1 -2.16 -8.5 -1 -2.16 -8 -1 -2.16 -7.5 -1 -2.16 -7 -1 -2.16 -6.5 -1 -2.16 -6 -1 -2.16 -5.5 -1 -2.16 -5 -1 -2.16 -4.5 -1 -2.16 -4 -1 -2.16 -3.5 -1 -2.21 -9 -0.5 -2.21 -8.5 -0.5 -2.21 -8 -0.5 -2.21 -7.5 -0.5 -2.21 -7 -0.5 -2.21 -6.5 -0.5 -2.21 -6 -0.5 -2.21 -5.5 -0.5 -2.21 -5 -0.5 -2.21 -4.5 -0.5 -2.21 -4 -0.5 -2.21 -3.5 -0.5 -2.44 -9.5 0 -2.27 -9 0 -2.27 -8.5 0 -2.27 -8 0 -2.27 -7.5 0 -2.27 -7 0 -2.27 -6.5 0 -2.27 -6 0 -2.27 -5.5 0 -2.27 -5 0 -2.27 -4.5 0 -2.27 -4 0 -2.32 -3.5 0 -2.44 -9.5 0.5 -2.33 -9 0.5 -2.33 -8.5 0.5 -2.33 -8 0.5 -2.33 -7.5 0.5 -2.33 -7 0.5 -2.33 -6.5 0.5 -2.33 -6 0.5 -2.33 -5.5 0.5 -2.33 -5 0.5 -2.33 -4.5 0.5 -2.33 -4 0.5 -2.49 -9.5 1 -2.39 -9 1 -2.39 -8.5 1 -2.39 -8 1 -2.39 -7.5 1 -2.39 -7 1 -2.39 -6.5 1 -2.39 -6 1 -2.39 -5.5 1 -2.39 -5 1 -2.39 -4.5 1 -2.39 -4 1 -2.49 -10 1.5 -2.45 -9.5 1.5 -2.45 -9 1.5 -2.45 -8.5 1.5 -2.45 -8 1.5 -2.45 -7.5 1.5 -2.45 -7 1.5 -2.45 -6.5 1.5 -2.45 -6 1.5 -2.45 -5.5 1.5 -2.45 -5 1.5 -2.45 -4.5 1.5 -2.5 -4 1.5 -2.5 -10 2 -2.51 -9.5 2 -2.51 -9 2 -2.51 -8.5 2 -2.51 -8 2 -2.51 -7.5 2 -2.51 -7 2 -2.51 -6.5 2 -2.51 -6 2 -2.51 -5.5 2 -2.51 -5 2 -2.51 -4.5 2 -2.85 -10 2.5 -2.57 -9.5 2.5 -2.57 -9 2.5 -2.57 -8.5 2.5 -2.57 -8 2.5 -2.57 -7.5 2.5 -2.57 -7 2.5 -2.57 -6.5 2.5 -2.57 -6 2.5 -2.57 -5.5 2.5 -2.57 -5 2.5 -2.57 -10.5 3 -2.62 -10 3 -2.62 -9.5 3 -2.62 -9 3 -2.62 -8.5 3 -2.62 -8 3 -2.62 -7.5 3 -2.62 -7 3 -2.62 -6.5 3 -2.62 -6 3 -2.62 -5.5 3 -2.62 -5 3 -2.86 -10.5 3.5 -2.68 -10 3.5 -2.68 -9.5 3.5 -2.68 -9 3.5 -2.68 -8.5 3.5 -2.68 -8 3.5 -2.68 -7.5 3.5 -2.68 -7 3.5 -2.68 -6.5 3.5 -2.68 -6 3.5 -2.68 -5.5 3.5 -2.68 -5 3.5 -2.86 -11 4 -2.74 -10.5 4 -2.74 -10 4 -2.74 -9.5 4 -2.74 -9 4 -2.74 -8.5 4 -2.74 -8 4 -2.74 -7.5 4 -2.74 -7 4 -2.74 -6.5 4 -2.74 -6 4 -2.74 -5.5 4 -2.87 -11 4.5 -2.8 -10.5 4.5 -2.8 -10 4.5 -2.8 -9.5 4.5 -2.8 -9 4.5 -2.8 -8.5 4.5 -2.8 -8 4.5 -2.8 -7.5 4.5 -2.8 -7 4.5 -2.8 -6.5 4.5 -2.8 -6 4.5 -2.8 -5.5 4.5 -2.87 -11 5 -2.82 -10.5 5 -2.82 -10 5 -2.82 -9.5 5 -2.82 -9 5 -2.82 -8.5 5 -2.82 -8 5 -2.82 -7.5 5 -2.82 -7 5 -2.82 -6.5 5 -2.82 -6 5 -2.82 -11.5 5.5 -2.85 -11 5.5 -2.85 -10.5 5.5 -2.85 -10 5.5 -2.85 -9.5 5.5 -2.85 -9 5.5 -2.85 -8.5 5.5 -2.85 -8 5.5 -2.85 -7.5 5.5 -2.85 -7 5.5 -2.85 -6.5 5.5 -2.85 -6 5.5 -2.87 -11.5 6 -2.87 -11 6 -2.87 -10.5 6 -2.87 -10 6 -2.87 -9.5 6 -2.87 -9 6 -2.87 -8.5 6 -2.87 -8 6 -2.87 -7.5 6 -2.87 -7 6 -2.87 -6.5 6 -2.87 -6 6 -2.87 -12 6.5 -2.9 -11.5 6.5 -2.9 -11 6.5 -2.9 -10.5 6.5 -2.9 -10 6.5 -2.9 -9.5 6.5 -2.9 -9 6.5 -2.9 -8.5 6.5 -2.9 -8 6.5 -2.9 -7.5 6.5 -2.9 -7 6.5 -2.9 -6.5 6.5 -2.88 -12 7 -2.92 -11.5 7 -2.92 -11 7 -2.92 -10.5 7 -2.92 -10 7 -2.92 -9.5 7 -2.92 -9 7 -2.92 -8.5 7 -2.92 -8 7 -2.92 -7.5 7 -2.92 -7 7 -2.92 -6.5 7 -2.88 -12.5 7.5 -2.94 -12 7.5 -2.94 -11.5 7.5 -2.94 -11 7.5 -2.94 -10.5 7.5 -2.94 -10 7.5 -2.94 -9.5 7.5 -2.94 -9 7.5 -2.94 -8.5 7.5 -2.94 -8 7.5 -2.94 -7.5 7.5 -2.94 -7 7.5 -2.94 -12.5 8 -2.97 -12 8 -2.97 -11.5 8 -2.97 -11 8 -2.97 -10.5 8 -2.97 -10 8 -2.97 -9.5 8 -2.97 -9 8 -2.97 -8.5 8 -2.97 -8 8 -2.97 -7.5 8 -2.97 -7 8 -3.02 -13 8.5 -2.99 -12.5 8.5 -2.99 -12 8.5 -2.99 -11.5 8.5 -2.99 -11 8.5 -2.99 -10.5 8.5 -2.99 -10 8.5 -2.99 -9.5 8.5 -2.99 -9 8.5 -2.99 -8.5 8.5 -2.99 -8 8.5 -2.99 -7.5 8.5 -2.99 -7 8.5 -3.04 -13 9 -3.02 -12.5 9 -3.02 -12 9 -3.02 -11.5 9 -3.02 -11 9 -3.02 -10.5 9 -3.02 -10 9 -3.02 -9.5 9 -3.02 -9 9 -3.02 -8.5 9 -3.02 -8 9 -3.02 -7.5 9 -3.07 -7 9 -3.07 -13 9.5 -3.04 -12.5 9.5 -3.04 -12 9.5 -3.04 -11.5 9.5 -3.04 -11 9.5 -3.04 -10.5 9.5 -3.04 -10 9.5 -3.04 -9.5 9.5 -3.04 -9 9.5 -3.04 -8.5 9.5 -3.04 -8 9.5 -3.04 -7.5 9.5 -3.09 -13.5 10 -3.06 -13 10 -3.06 -12.5 10 -3.06 -12 10 -3.06 -11.5 10 -3.06 -11 10 -3.06 -10.5 10 -3.06 -10 10 -3.06 -9.5 10 -3.06 -9 10 -3.06 -8.5 10 -3.06 -8 10 -3.11 -7.5 10 -3.11 -13.5 10.5 -3.09 -13 10.5 -3.09 -12.5 10.5 -3.09 -12 10.5 -3.09 -11.5 10.5 -3.09 -11 10.5 -3.09 -10.5 10.5 -3.09 -10 10.5 -3.09 -9.5 10.5 -3.09 -9 10.5 -3.09 -8.5 10.5 -3.09 -8 10.5 -3.14 -14 11 -3.11 -13.5 11 -3.11 -13 11 -3.11 -12.5 11 -3.11 -12 11 -3.11 -11.5 11 -3.11 -11 11 -3.11 -10.5 11 -3.11 -10 11 -3.11 -9.5 11 -3.11 -9 11 -3.11 -8.5 11 -3.16 -8 11 -3.16 -14 11.5 -3.14 -13.5 11.5 -3.14 -13 11.5 -3.14 -12.5 11.5 -3.14 -12 11.5 -3.14 -11.5 11.5 -3.14 -11 11.5 -3.14 -10.5 11.5 -3.14 -10 11.5 -3.14 -9.5 11.5 -3.14 -9 11.5 -3.14 -8.5 11.5 -3.19 -14.5 12 -3.16 -14 12 -3.16 -13.5 12 -3.16 -13 12 -3.16 -12.5 12 -3.16 -12 12 -3.16 -11.5 12 -3.16 -11 12 -3.16 -10.5 12 -3.16 -10 12 -3.16 -9.5 12 -3.16 -9 12 -3.21 -8.5 12 -3.21 -14.5 12.5 -3.18 -14 12.5 -3.18 -13.5 12.5 -3.18 -13 12.5 -3.18 -12.5 12.5 -3.18 -12 12.5 -3.18 -11.5 12.5 -3.18 -11 12.5 -3.18 -10.5 12.5 -3.18 -10 12.5 -3.18 -9.5 12.5 -3.18 -9 12.5 -3.23 -15 13 -3.21 -14.5 13 -3.21 -14 13 -3.21 -13.5 13 -3.21 -13 13 -3.21 -12.5 13 -3.21 -12 13 -3.21 -11.5 13 -3.21 -11 13 -3.21 -10.5 13 -3.21 -10 13 -3.21 -9.5 13 -3.21 -9 13 -3.26 -15 13.5 -3.23 -14.5 13.5 -3.23 -14 13.5 -3.23 -13.5 13.5 -3.23 -13 13.5 -3.23 -12.5 13.5 -3.23 -12 13.5 -3.23 -11.5 13.5 -3.23 -11 13.5 -3.23 -10.5 13.5 -3.23 -10 13.5 -3.23 -9.5 13.5 -3.28 -9 13.5 -3.28 -15.5 14 -3.26 -15 14 -3.26 -14.5 14 -3.26 -14 14 -3.26 -13.5 14 -3.26 -13 14 -3.26 -12.5 14 -3.26 -12 14 -3.26 -11.5 14 -3.26 -11 14 -3.26 -10.5 14 -3.26 -10 14 -3.26 -9.5 14 -3.31 -15.5 14.5 -3.28 -15 14.5 -3.28 -14.5 14.5 -3.28 -14 14.5 -3.28 -13.5 14.5 -3.28 -13 14.5 -3.28 -12.5 14.5 -3.28 -12 14.5 -3.28 -11.5 14.5 -3.28 -11 14.5 -3.28 -10.5 14.5 -3.28 -10 14.5 -3.33 -9.5 14.5 -3.33 -16 15 -3.3 -15.5 15 -3.3 -15 15 -3.3 -14.5 15 -3.3 -14 15 -3.3 -13.5 15 -3.3 -13 15 -3.3 -12.5 15 -3.3 -12 15 -3.3 -11.5 15 -3.3 -11 15 -3.3 -10.5 15 -3.3 -10 15 -3.35 -16 15.5 -3.33 -15.5 15.5 -3.33 -15 15.5 -3.33 -14.5 15.5 -3.33 -14 15.5 -3.33 -13.5 15.5 -3.33 -13 15.5 -3.33 -12.5 15.5 -3.33 -12 15.5 -3.33 -11.5 15.5 -3.33 -11 15.5 -3.33 -10.5 15.5 -3.38 -10 15.5 -3.38 -16.5 16 -3.35 -16 16 -3.35 -15.5 16 -3.35 -15 16 -3.35 -14.5 16 -3.35 -14 16 -3.35 -13.5 16 -3.35 -13 16 -3.35 -12.5 16 -3.35 -12 16 -3.35 -11.5 16 -3.35 -11 16 -3.35 -10.5 16 -3.4 -16.5 16.5 -3.38 -16 16.5 -3.38 -15.5 16.5 -3.38 -15 16.5 -3.38 -14.5 16.5 -3.38 -14 16.5 -3.38 -13.5 16.5 -3.38 -13 16.5 -3.38 -12.5 16.5 -3.38 -12 16.5 -3.38 -11.5 16.5 -3.38 -11 16.5 -3.43 -10.5 16.5 -3.43 -17 17 -3.4 -16.5 17 -3.4 -16 17 -3.4 -15.5 17 -3.4 -15 17 -3.4 -14.5 17 -3.4 -14 17 -3.4 -13.5 17 -3.4 -13 17 -3.4 -12.5 17 -3.4 -12 17 -3.4 -11.5 17 -3.4 -11 17 -3.45 -17 17.5 -3.4 -0.5 -9 -1.27 0 -9 -1.32 5 -9 -1.32 4.5 -9 -1.32 5.5 -9 -1.32 6 -9 -1.32 8.5 -9 -1.32 9 -9 -1.32 9.5 -9 -1.35 -0.5 -8.5 -1.12 0 -8.5 -1.34 -0.5 -8 -2.3 0 -8 -2.27 0.5 -8.5 -1.34 0.5 -8 -2.24 1 -8.5 -1.34 1 -8 -2.2 1.5 -8.5 -1.34 1.5 -8 -2.17 2 -8.5 -1.34 2 -8 -2.14 2.5 -8.5 -1.34 2.5 -8 -2.1 3 -8.5 -1.32 3 -8 -2.07 9 -8 -1.8 9.5 -8 -1.3 9.5 -7.5 -1.37 9 -7.5 -1.8 9.5 -7 -1.52 9 -7 -1.8 9.5 -6.5 -1.52 9 -6.5 -1.8 9.5 -6 -1.52 9 -6 -1.8 9.5 -5.5 -1.35 9 -5.5 -1.8 9.5 -5 -1.15 9 -5 -1.8 16 -4.5 -1.15 16.5 -4.5 -1.12 16.5 -4 -1.11 16 -4 -1.14 17 -4 -1.08 16.5 -3.5 -1.11 16 -3.5 -1.11 17 -3.5 -1.07 17.5 -3.5 -1.04 16.5 -3 -1.05 16 -3 -0.93 17 -3 -1.07 17.5 -3 -1.03 16.5 -2.5 -0.91 16 -2.5 -0.77 17 -2.5 -1.06 17.5 -2.5 -1.03 16.5 -2 -0.81 16 -2 -0.63 17 -2 -0.99 17.5 -2 -1.02 16.5 -1.5 -0.75 16 -1.5 -0.56 17 -1.5 -0.95 17.5 -1.5 -1.01 16.5 -1 -0.75 16 -1 -0.55 17 -1 -0.95 17.5 -1 -0.98 15 -1 -1.8 15.5 -1 -0.35 15.5 -0.5 -0.35 15 -0.5 -1.8 16.5 -0.5 -0.75 16 -0.5 -0.55 17 -0.5 -0.95 17.5 -0.5 -0.93 15.5 0 -0.35 15 0 -1.8 16.5 0 -0.75 16 0 -0.55 17 0 -0.92 17.5 0 -0.88 15.5 0.5 -0.35 15 0.5 -1.8 16.5 0.5 -0.75 16 0.5 -0.55 17 0.5 -0.87 17.5 0.5 -0.84 15.5 1 -0.35 15 1 -1.8 16.5 1 -0.75 16 1 -0.55 17 1 -0.83 17.5 1 -0.79 15.5 1.5 -0.35 15 1.5 -1.8 16.5 1.5 -0.75 16 1.5 -0.55 17 1.5 -0.78 17.5 1.5 -0.74 -4 2 -2.85 -3.5 1.5 -2.46 -3.5 2 -2.84 15.5 2 -0.35 15 2 -1.8 15.5 2.5 -0.35 15 2.5 -1.8 15.5 3 -0.35 15 3 -1.8 15.5 3.5 -0.35 15 3.5 -1.8 15.5 4 -0.35 15 4 -1.8 15.5 4.5 -0.35 15 4.5 -1.8 15.5 5 -0.35 15 5 -1.8 15.5 5.5 -0.35 15 5.5 -1.8 15.5 6 -0.35 15 6 -1.8 15.5 6.5 -0.35 15 6.5 -1.8 15.5 7 -0.35 15 7 -1.8 15.5 7.5 -0.33 15 7.5 -1.8 15.5 8 -0.25 15 8 -1.8 -6.5 8 -3.02 -6.5 8.5 -2.41 -6 8 -2.21 -6 8.5 -2.21 -1 8 -2.25 -0.5 8 -2.19 -0.5 8.5 -0.05 -1 8.5 -0.21 0 8 -2.13 0 8.5 -0.05 0.5 8 -2.07 0.5 8.5 -0.05 1 8 -2.01 1 8.5 -0.05 1.5 8 -1.96 1.5 8.5 -0.05 2 8 -1.9 2 8.5 -0.05 2.5 8 -1.84 2.5 8.5 -0.05 3 8 -1.8 3 8.5 -0.05 3.5 8 -1.8 3.5 8.5 -0.05 4 8 -1.8 4 8.5 -0.05 4.5 8 -1.8 4.5 8.5 -0.05 5 8 -1.8 5 8.5 -0.05 5.5 8 -1.8 5.5 8.5 -0.05 6 8 -1.8 6 8.5 -0.05 6.5 8 -1.8 6.5 8.5 -0.05 7 8 -1.8 7 8.5 -0.05 7.5 8 -1.8 7.5 8.5 -0.05 8 8 -1.8 8 8.5 -0.05 8.5 8 -1.8 8.5 8.5 -0.05 9 8 -1.8 9 8.5 -0.05 9.5 8 -1.8 9.5 8.5 -0.05 10 8 -1.8 10 8.5 -0.05 10.5 8 -1.8 10.5 8.5 -0.05 11 8 -1.8 11 8.5 -0.05 11.5 8 -1.8 11.5 8.5 -0.05 12 8 -1.8 12 8.5 -0.05 12.5 8 -1.8 12.5 8.5 -0.05 13 8 -1.8 13 8.5 -0.05 13.5 8 -1.8 13.5 8.5 -0.05 14 8 -1.8 14 8.5 -0.05 14.5 8 -1.8 14.5 8.5 -0.05 15 8.5 -0.05 15.5 8.5 -0.25 -6.5 9 -2.41 -7 9.5 -2.61 -6.5 9.5 -2.41 -7 10 -2.61 -7.5 10.5 -2.81 -7 10.5 -2.61 -7.5 11 -2.81 -8 11.5 -3.03 -7.5 11.5 -2.83 -8 12 -3.06 -8.5 12.5 -3.23 -8 12.5 -3.11 -8.5 13 -3.3 -8 13 -3.16 -8.5 13.5 -3.32 -9 14 -3.41 -8.5 14 -3.33 -9 14.5 -3.43 -9.5 15 -3.52 -9 15 -3.45 -9.5 15.5 -3.54 -10 16 -3.64 -9.5 16 -3.57 -10 16.5 -3.67 0.5 -9 -1.32 1 -9 -1.32 1.5 -9 -1.32 2 -9 -1.32 2.5 -9 -1.32 3 -9 -1.32 3.5 -9 -1.32 4 -9 -1.32 3.5 -8.5 -1.32 4 -8.5 -1.32 4.5 -8.5 -1.32 5 -8.5 -1.32 5.5 -8.5 -1.32 6 -8.5 -1.32 6.5 -8.5 -1.32 7 -8.5 -1.32 7.5 -8.5 -1.32 8 -8.5 -1.32 8.5 -8.5 -1.32 9 -8.5 -1.32 9.5 -8.5 -1.3 3.5 -8 -2.03 4 -8 -2 4.5 -8 -1.97 5 -8 -1.93 5.5 -8 -1.9 6 -8 -1.87 6.5 -8 -1.83 7 -8 -1.8 7.5 -8 -1.8 8 -8 -1.8 8.5 -8 -1.8 10 -8.5 -1.29 10 -8 -1.29 10.5 -8.5 -1.34 10.5 -8 -1.27 10 -7.5 -1.29 10.5 -7.5 -1.27 11 -8 -1.26 11 -7.5 -1.26 11.5 -8 -1.32 11.5 -7.5 -1.24 10.5 -7 -1.32 10 -7 -1.46 11 -7 -1.26 11.5 -7 -1.24 12 -7.5 -1.23 12 -7 -1.23 12.5 -7 -1.22 11.5 -6.5 -1.28 11 -6.5 -1.41 12 -6.5 -1.23 12.5 -6.5 -1.22 13 -7 -1.2 13 -6.5 -1.2 13.5 -6.5 -1.19 12.5 -6 -1.25 12 -6 -1.38 13 -6 -1.2 13.5 -6 -1.19 14 -6 -1.17 13.5 -5.5 -1.22 13 -5.5 -1.35 14 -5.5 -1.17 14.5 -5.5 -1.16 15 -5.5 -1.14 14.5 -5 -1.15 14 -5 -1.15 15 -5 -1.15 15.5 -5 -1.15 22 4.5 -0.01 22.5 4.5 0.04 22.5 5 0.1 22 5 0.05 23 5 0.15 21 5 -0.05 21.5 5 0 21.5 5.5 0.06 21 5.5 0.01 22 5.5 0.11 22.5 5.5 0.16 23 5.5 0.21 20.5 5.5 -0.05 21 6 0.06 20.5 6 0.01 21.5 6 0.12 22 6 0.17 19.5 6 -0.09 20 6 -0.04 20 6.5 0.01 19.5 6.5 -0.04 20.5 6.5 0.07 21 6.5 0.12 18.5 6.5 -0.15 19 6.5 -0.09 19 7 -0.04 18.5 7 -0.1 19.5 7 0.01 20 7 0.07 20.5 7 0.12 18 7 -0.15 18.5 7.5 -0.05 18 7.5 -0.1 19 7.5 0.01 19.5 7.5 0.07 17 7.5 -0.22 17.5 7.5 -0.16 17.5 8 -0.11 17 8 -0.17 18 8 -0.05 18.5 8 0 19 8 0.06 16 8 -0.28 16.5 8 -0.23 16.5 8.5 -0.18 16 8.5 -0.24 17 8.5 -0.12 17.5 8.5 -0.06 18 8.5 0 15.5 9 -0.25 15 9 -0.05 16 9 -0.2 16.5 9 -0.14 17 9 -0.08 15.5 9.5 -0.21 15 9.5 -0.05 16 9.5 -0.15 7 9.5 -0.05 7.5 9.5 -0.05 7.5 10 -0.05 7 10 -0.05 8 9.5 -0.05 8 10 -0.05 8.5 9.5 -0.05 8.5 10 -0.05 9 9.5 -0.05 9 10 -0.05 9.5 9.5 -0.05 9.5 10 -0.05 10 9.5 -0.05 10 10 -0.05 7.5 10.5 -0.05 7 10.5 -0.05 8 10.5 -0.05 8.5 10.5 -0.05 9 10.5 -0.05 9.5 10.5 -0.05 10 10.5 -0.05 7.5 11 -0.21 7 11 -0.21 8 11 -0.21 8.5 11 -0.21 9 11 -0.21 9.5 11 -0.21 10 11 -0.21 10 -9 -1.46 10 -6.5 -1.58 10.5 -6.5 -1.54 10 -6 -1.57 10.5 -6 -1.54 11 -6 -1.51 11.5 -6 -1.47 10 -5.5 -1.35 10.5 -5.5 -1.35 11 -5.5 -1.35 11.5 -5.5 -1.35 12 -5.5 -1.35 12.5 -5.5 -1.35 10 -5 -1.15 10.5 -5 -1.15 11 -5 -1.15 11.5 -5 -1.15 12 -5 -1.15 12.5 -5 -1.15 13 -5 -1.15 13.5 -5 -1.15 15.5 -4.5 -1.15 15.5 -4 -1.15 15.5 -3.5 -1.04 15.5 -3 -0.85 18 -3 -1 15.5 -2.5 -0.66 18 -2.5 -0.99 18.5 -2.5 -0.96 15.5 -2 -0.48 18 -2 -0.99 18.5 -2 -0.95 19 -2 -0.92 15.5 -1.5 -0.36 18 -1.5 -0.98 18.5 -1.5 -0.95 19 -1.5 -0.91 19.5 -1.5 -0.88 18 -1 -0.95 18.5 -1 -0.91 19 -1 -0.88 19.5 -1 -0.84 20 -1 -0.81 18 -0.5 -0.9 18.5 -0.5 -0.86 19 -0.5 -0.82 19.5 -0.5 -0.79 20 -0.5 -0.75 18 0 -0.85 18.5 0 -0.81 19 0 -0.77 19.5 0 -0.74 20 0 -0.7 18 0.5 -0.8 18.5 0.5 -0.76 19 0.5 -0.72 19.5 0.5 -0.68 20 0.5 -0.64 18 1 -0.75 18.5 1 -0.71 19 1 -0.67 19.5 1 -0.63 20 1 -0.59 18 1.5 -0.7 18.5 1.5 -0.66 19 1.5 -0.62 19.5 1.5 -0.57 20 1.5 -0.53 -3 1.5 -2.42 -3 2 -2.84 -2.5 1.5 -2.38 -2.5 2 -2.83 -2 1.5 -2.34 -2 2 -2.82 -1.5 1.5 -2.29 -1.5 2 -2.82 -1 1.5 -2.25 -1 2 -2.81 -0.5 1.5 -2.21 -0.5 2 -2.81 0 1.5 -2.17 0 2 -2.17 16 2 -0.55 16.5 2 -0.75 17 2 -0.73 17.5 2 -0.69 18 2 -0.65 18.5 2 -0.61 19 2 -0.56 19.5 2 -0.52 20 2 -0.48 20.5 2 -0.44 16 2.5 -0.55 16.5 2.5 -0.73 17 2.5 -0.69 17.5 2.5 -0.64 18 2.5 -0.6 18.5 2.5 -0.56 19 2.5 -0.51 19.5 2.5 -0.47 20 2.5 -0.42 20.5 2.5 -0.38 21 2.5 -0.34 16 3 -0.55 16.5 3 -0.68 17 3 -0.64 17.5 3 -0.59 18 3 -0.55 18.5 3 -0.5 19 3 -0.46 19.5 3 -0.41 20 3 -0.37 20.5 3 -0.33 21 3 -0.28 21.5 3 -0.24 16 3.5 -0.55 16.5 3.5 -0.64 17 3.5 -0.59 17.5 3.5 -0.55 18 3.5 -0.5 18.5 3.5 -0.45 19 3.5 -0.41 19.5 3.5 -0.36 20 3.5 -0.32 20.5 3.5 -0.27 21 3.5 -0.22 21.5 3.5 -0.18 22 3.5 -0.13 16 4 -0.55 16.5 4 -0.59 17 4 -0.54 17.5 4 -0.5 18 4 -0.45 18.5 4 -0.4 19 4 -0.36 19.5 4 -0.31 20 4 -0.26 20.5 4 -0.21 21 4 -0.17 21.5 4 -0.12 22 4 -0.07 16 4.5 -0.55 16.5 4.5 -0.55 17 4.5 -0.5 17.5 4.5 -0.45 18 4.5 -0.4 18.5 4.5 -0.35 19 4.5 -0.3 19.5 4.5 -0.25 20 4.5 -0.21 20.5 4.5 -0.16 21 4.5 -0.11 21.5 4.5 -0.06 16 5 -0.55 16.5 5 -0.5 17 5 -0.45 17.5 5 -0.4 18 5 -0.35 18.5 5 -0.3 19 5 -0.25 19.5 5 -0.2 20 5 -0.15 20.5 5 -0.1 16 5.5 -0.51 16.5 5.5 -0.46 17 5.5 -0.4 17.5 5.5 -0.35 18 5.5 -0.3 18.5 5.5 -0.25 19 5.5 -0.2 19.5 5.5 -0.15 20 5.5 -0.1 16 6 -0.46 16.5 6 -0.41 17 6 -0.36 17.5 6 -0.3 18 6 -0.25 18.5 6 -0.2 19 6 -0.15 22.5 6 0.22 23 6 0.27 23.5 6 0.33 16 6.5 -0.42 16.5 6.5 -0.36 17 6.5 -0.31 17.5 6.5 -0.26 18 6.5 -0.2 21.5 6.5 0.17 22 6.5 0.23 22.5 6.5 0.28 23 6.5 0.34 23.5 6.5 0.39 16 7 -0.37 16.5 7 -0.32 17 7 -0.26 17.5 7 -0.21 21 7 0.18 21.5 7 0.23 22 7 0.29 22.5 7 0.34 23 7 0.4 23.5 7 0.45 24 7 0.51 16 7.5 -0.33 16.5 7.5 -0.27 20 7.5 0.12 20.5 7.5 0.18 21 7.5 0.23 21.5 7.5 0.29 22 7.5 0.35 22.5 7.5 0.4 23 7.5 0.46 23.5 7.5 0.52 24 7.5 0.57 24.5 7.5 0.63 19.5 8 0.12 20 8 0.18 20.5 8 0.23 21 8 0.29 21.5 8 0.35 22 8 0.41 22.5 8 0.46 23 8 0.52 23.5 8 0.58 24 8 0.64 24.5 8 0.7 25 8 0.75 25.5 8 0.81 26 8 0.87 26.5 8 0.93 -5.5 8 -2.01 -5.5 8.5 -2.01 -5 8 -1.81 -5 8.5 -1.81 -4.5 8 -1.61 -4.5 8.5 -1.61 -4 8 -1.41 -4 8.5 -1.41 -3.5 8 -1.21 -3.5 8.5 -1.21 -3 8 -1.01 -3 8.5 -1.01 -2.5 8 -0.81 -2.5 8.5 -0.81 -2 8 -0.61 -2 8.5 -0.61 -1.5 8 -0.41 -1.5 8.5 -0.41 18.5 8.5 0.05 19 8.5 0.11 19.5 8.5 0.17 20 8.5 0.23 20.5 8.5 0.29 21 8.5 0.35 21.5 8.5 0.41 22 8.5 0.47 22.5 8.5 0.53 23 8.5 0.59 23.5 8.5 0.64 24 8.5 0.7 24.5 8.5 0.76 25 8.5 0.82 25.5 8.5 0.88 26 8.5 0.94 26.5 8.5 1 27 8.5 1.06 27.5 8.5 1.12 28 8.5 1.17 28.5 8.5 1.23 -6 9 -2.21 -5.5 9 -2.01 -5 9 -1.81 -4.5 9 -1.61 -4 9 -1.41 -3.5 9 -1.21 -3 9 -1.01 -2.5 9 -0.81 -2 9 -0.61 -1.5 9 -0.41 -1 9 -0.21 -0.5 9 -0.05 17.5 9 -0.02 18 9 0.05 18.5 9 0.11 19 9 0.17 19.5 9 0.23 20 9 0.29 20.5 9 0.35 21 9 0.41 21.5 9 0.47 22 9 0.53 22.5 9 0.59 23 9 0.65 23.5 9 0.71 24 9 0.77 24.5 9 0.83 25 9 0.89 25.5 9 0.95 26 9 1.01 26.5 9 1.07 27 9 1.13 27.5 9 1.19 28 9 1.25 28.5 9 1.31 29 9 1.37 -6 9.5 -2.21 -5.5 9.5 -2.01 -5 9.5 -1.81 -4.5 9.5 -1.61 -4 9.5 -1.41 -3.5 9.5 -1.21 -3 9.5 -1.01 -2.5 9.5 -0.81 -2 9.5 -0.61 -1.5 9.5 -0.41 -1 9.5 -0.21 -0.5 9.5 -0.05 16.5 9.5 -0.09 17 9.5 -0.03 17.5 9.5 0.03 18 9.5 0.09 18.5 9.5 0.16 19 9.5 0.22 19.5 9.5 0.28 20 9.5 0.34 20.5 9.5 0.4 21 9.5 0.46 21.5 9.5 0.53 22 9.5 0.59 22.5 9.5 0.65 23 9.5 0.71 23.5 9.5 0.77 24 9.5 0.83 24.5 9.5 0.89 25 9.5 0.96 25.5 9.5 1.02 26 9.5 1.08 26.5 9.5 1.14 27 9.5 1.2 27.5 9.5 1.26 28 9.5 1.33 28.5 9.5 1.39 29 9.5 1.45 -6.5 10 -2.41 -6 10 -2.21 -5.5 10 -2.01 -5 10 -1.81 -4.5 10 -1.61 -4 10 -1.41 -3.5 10 -1.21 -3 10 -1.01 -2.5 10 -0.81 -2 10 -0.61 -1.5 10 -0.41 -1 10 -0.21 -0.5 10 -0.05 16 10 -0.11 15.5 10 -0.17 16.5 10 -0.04 17 10 0.02 17.5 10 0.08 18 10 0.14 18.5 10 0.21 19 10 0.27 19.5 10 0.33 20 10 0.4 20.5 10 0.46 21 10 0.52 21.5 10 0.58 22 10 0.65 22.5 10 0.71 23 10 0.77 23.5 10 0.83 24 10 0.9 24.5 10 0.96 25 10 1.02 25.5 10 1.09 26 10 1.15 26.5 10 1.21 27 10 1.27 27.5 10 1.34 28 10 1.4 28.5 10 1.46 29 10 1.53 29.5 10 1.59 -6.5 10.5 -2.41 -6 10.5 -2.21 -5.5 10.5 -2.01 -5 10.5 -1.81 -4.5 10.5 -1.61 -4 10.5 -1.41 -3.5 10.5 -1.21 -3 10.5 -1.01 -2.5 10.5 -0.81 -2 10.5 -0.61 -1.5 10.5 -0.41 -1 10.5 -0.21 -0.5 10.5 -0.05 16 10.5 -0.06 15.5 10.5 -0.13 16.5 10.5 0 17 10.5 0.07 17.5 10.5 0.13 18 10.5 0.19 18.5 10.5 0.26 19 10.5 0.32 19.5 10.5 0.39 20 10.5 0.45 20.5 10.5 0.51 21 10.5 0.58 21.5 10.5 0.64 22 10.5 0.71 22.5 10.5 0.77 23 10.5 0.83 23.5 10.5 0.9 24 10.5 0.96 24.5 10.5 1.03 25 10.5 1.09 25.5 10.5 1.16 26 10.5 1.22 26.5 10.5 1.28 27 10.5 1.35 27.5 10.5 1.41 28 10.5 1.48 28.5 10.5 1.54 29 10.5 1.6 29.5 10.5 1.67 -7 11 -2.61 -6.5 11 -2.42 -6 11 -2.22 -5.5 11 -2.02 -5 11 -1.82 -4.5 11 -1.62 -4 11 -1.42 -3.5 11 -1.22 -3 11 -1.02 -2.5 11 -0.83 -2 11 -0.63 -1.5 11 -0.44 -1 11 -0.28 -0.5 11 -0.21 16 11 -0.02 15.5 11 -0.08 16.5 11 0.05 17 11 0.11 17.5 11 0.18 18 11 0.24 18.5 11 0.31 19 11 0.37 19.5 11 0.44 20 11 0.5 20.5 11 0.57 21 11 0.64 21.5 11 0.7 22 11 0.77 22.5 11 0.83 23 11 0.9 23.5 11 0.96 24 11 1.03 24.5 11 1.09 25 11 1.16 25.5 11 1.22 26 11 1.29 26.5 11 1.35 27 11 1.42 27.5 11 1.49 28 11 1.55 28.5 11 1.62 29 11 1.68 29.5 11 1.75 30 11 1.81 -7 11.5 -2.64 -6.5 11.5 -2.44 -6 11.5 -2.24 -5.5 11.5 -2.04 -5 11.5 -1.85 -4.5 11.5 -1.65 -4 11.5 -1.46 -3.5 11.5 -1.26 -3 11.5 -1.08 -2.5 11.5 -0.89 -2 11.5 -0.72 -1.5 11.5 -0.56 -1 11.5 -0.44 -0.5 11.5 -0.41 0 11 -0.21 0 11.5 -0.41 0.5 11 -0.21 0.5 11.5 -0.41 1 11 -0.21 1 11.5 -0.41 1.5 11 -0.21 1.5 11.5 -0.41 2 11 -0.21 2 11.5 -0.41 2.5 11 -0.21 2.5 11.5 -0.41 3 11 -0.21 3 11.5 -0.41 3.5 11 -0.21 3.5 11.5 -0.41 4 11 -0.21 4 11.5 -0.41 4.5 11 -0.21 4.5 11.5 -0.41 5 11 -0.21 5 11.5 -0.41 5.5 11 -0.21 5.5 11.5 -0.41 6 11 -0.21 6 11.5 -0.41 6.5 11 -0.21 6.5 11.5 -0.41 7 11.5 -0.41 7.5 11.5 -0.41 8 11.5 -0.41 8.5 11.5 -0.41 9 11.5 -0.41 9.5 11.5 -0.41 10 11.5 -0.41 10.5 11 -0.21 10.5 11.5 -0.41 11 11 -0.21 11 11.5 -0.41 11.5 11 -0.21 11.5 11.5 -0.41 12 11 -0.21 12 11.5 -0.41 12.5 11 -0.21 12.5 11.5 -0.41 13 11 -0.21 13 11.5 -0.37 13.5 11 -0.21 13.5 11.5 -0.31 14 11 -0.21 14 11.5 -0.24 14.5 11 -0.21 14.5 11.5 -0.17 15 11 -0.15 15 11.5 -0.11 15.5 11.5 -0.04 16 11.5 0.03 16.5 11.5 0.09 17 11.5 0.16 17.5 11.5 0.23 18 11.5 0.29 18.5 11.5 0.36 19 11.5 0.43 19.5 11.5 0.49 20 11.5 0.56 20.5 11.5 0.63 21 11.5 0.69 21.5 11.5 0.76 22 11.5 0.83 22.5 11.5 0.89 23 11.5 0.96 23.5 11.5 1.03 24 11.5 1.09 24.5 11.5 1.16 25 11.5 1.23 25.5 11.5 1.29 26 11.5 1.36 26.5 11.5 1.43 27 11.5 1.49 27.5 11.5 1.56 28 11.5 1.63 28.5 11.5 1.69 29 11.5 1.76 29.5 11.5 1.83 30 11.5 1.89 -7.5 12 -2.87 -7 12 -2.67 -6.5 12 -2.48 -6 12 -2.28 -5.5 12 -2.09 -5 12 -1.9 -4.5 12 -1.71 -4 12 -1.52 -3.5 12 -1.34 -3 12 -1.16 -2.5 12 -0.99 -2 12 -0.84 -1.5 12 -0.72 -1 12 -0.63 -0.5 12 -0.61 0 12 -0.61 0.5 12 -0.61 1 12 -0.61 1.5 12 -0.61 2 12 -0.61 2.5 12 -0.61 3 12 -0.61 3.5 12 -0.61 4 12 -0.61 4.5 12 -0.61 5 12 -0.61 5.5 12 -0.61 6 12 -0.61 6.5 12 -0.61 7 12 -0.61 7.5 12 -0.61 8 12 -0.61 8.5 12 -0.61 9 12 -0.61 9.5 12 -0.61 10 12 -0.61 10.5 12 -0.61 11 12 -0.61 11.5 12 -0.54 12 12 -0.47 12.5 12 -0.41 13 12 -0.34 13.5 12 -0.27 14 12 -0.2 14.5 12 -0.13 15 12 -0.07 15.5 12 0 16 12 0.07 16.5 12 0.14 17 12 0.21 17.5 12 0.27 18 12 0.34 18.5 12 0.41 19 12 0.48 19.5 12 0.55 20 12 0.61 20.5 12 0.68 21 12 0.75 21.5 12 0.82 22 12 0.89 22.5 12 0.95 23 12 1.02 23.5 12 1.09 24 12 1.16 24.5 12 1.23 25 12 1.29 25.5 12 1.36 26 12 1.43 26.5 12 1.5 27 12 1.57 27.5 12 1.63 28 12 1.7 28.5 12 1.77 29 12 1.84 29.5 12 1.91 30 12 1.97 30.5 12 2.01 -7.5 12.5 -2.91 -7 12.5 -2.72 -6.5 12.5 -2.53 -6 12.5 -2.34 -5.5 12.5 -2.15 -5 12.5 -1.97 -4.5 12.5 -1.79 -4 12.5 -1.61 -3.5 12.5 -1.44 -3 12.5 -1.27 -2.5 12.5 -1.12 -2 12.5 -0.99 -1.5 12.5 -0.89 -1 12.5 -0.83 -0.5 12.5 -0.81 0 12.5 -0.81 0.5 12.5 -0.81 1 12.5 -0.81 1.5 12.5 -0.81 2 12.5 -0.81 2.5 12.5 -0.81 3 12.5 -0.81 3.5 12.5 -0.81 4 12.5 -0.81 4.5 12.5 -0.81 5 12.5 -0.81 5.5 12.5 -0.81 6 12.5 -0.81 6.5 12.5 -0.81 7 12.5 -0.81 7.5 12.5 -0.81 8 12.5 -0.81 8.5 12.5 -0.81 9 12.5 -0.81 9.5 12.5 -0.79 10 12.5 -0.72 10.5 12.5 -0.65 11 12.5 -0.58 11.5 12.5 -0.51 12 12.5 -0.44 12.5 12.5 -0.37 13 12.5 -0.3 13.5 12.5 -0.23 14 12.5 -0.16 14.5 12.5 -0.09 15 12.5 -0.02 15.5 12.5 0.05 16 12.5 0.11 16.5 12.5 0.18 17 12.5 0.25 17.5 12.5 0.32 18 12.5 0.39 18.5 12.5 0.46 19 12.5 0.53 19.5 12.5 0.6 20 12.5 0.67 20.5 12.5 0.74 21 12.5 0.81 21.5 12.5 0.88 22 12.5 0.95 22.5 12.5 1.01 23 12.5 1.08 23.5 12.5 1.15 24 12.5 1.22 24.5 12.5 1.29 25 12.5 1.36 25.5 12.5 1.43 26 12.5 1.5 26.5 12.5 1.57 27 12.5 1.64 27.5 12.5 1.71 28 12.5 1.78 28.5 12.5 1.85 29 12.5 1.92 29.5 12.5 1.98 30 12.5 2.05 30.5 12.5 2.09 -7.5 13 -2.97 -7 13 -2.78 -6.5 13 -2.6 -6 13 -2.41 -5.5 13 -2.23 -5 13 -2.05 -4.5 13 -1.88 -4 13 -1.71 -3.5 13 -1.56 -3 13 -1.41 -2.5 13 -1.27 -2 13 -1.16 -1.5 13 -1.08 -1 13 -1.02 -0.5 13 -1.01 0 13 -1.01 0.5 13 -1.01 1 13 -1.01 1.5 13 -1.01 2 13 -1.01 2.5 13 -1.01 3 13 -1.01 3.5 13 -1.01 4 13 -1.01 4.5 13 -1.01 5 13 -1.01 5.5 13 -1.01 6 13 -1.01 6.5 13 -1.01 7 13 -1.01 7.5 13 -1.01 8 13 -0.97 8.5 13 -0.9 9 13 -0.83 9.5 13 -0.76 10 13 -0.69 10.5 13 -0.62 11 13 -0.55 11.5 13 -0.48 12 13 -0.41 12.5 13 -0.33 13 13 -0.26 13.5 13 -0.19 14 13 -0.12 14.5 13 -0.05 15 13 0.02 15.5 13 0.09 16 13 0.16 16.5 13 0.23 17 13 0.3 17.5 13 0.37 18 13 0.44 18.5 13 0.51 19 13 0.58 19.5 13 0.65 20 13 0.72 20.5 13 0.79 21 13 0.86 21.5 13 0.93 22 13 1.01 22.5 13 1.08 23 13 1.15 23.5 13 1.22 24 13 1.29 24.5 13 1.36 25 13 1.43 25.5 13 1.5 26 13 1.57 26.5 13 1.64 27 13 1.71 27.5 13 1.78 28 13 1.85 28.5 13 1.92 29 13 1.99 29.5 13 2.06 30 13 2.13 30.5 13 2.17 31 13 2.2 -8 13.5 -3.23 -7.5 13.5 -3.04 -7 13.5 -2.86 -6.5 13.5 -2.68 -6 13.5 -2.5 -5.5 13.5 -2.33 -5 13.5 -2.16 -4.5 13.5 -1.99 -4 13.5 -1.84 -3.5 13.5 -1.69 -3 13.5 -1.56 -2.5 13.5 -1.44 -2 13.5 -1.34 -1.5 13.5 -1.26 -1 13.5 -1.22 -0.5 13.5 -1.21 0 13.5 -1.21 0.5 13.5 -1.21 1 13.5 -1.21 1.5 13.5 -1.21 2 13.5 -1.21 2.5 13.5 -1.21 3 13.5 -1.21 3.5 13.5 -1.21 4 13.5 -1.21 4.5 13.5 -1.21 5 13.5 -1.21 5.5 13.5 -1.21 6 13.5 -1.21 6.5 13.5 -1.16 7 13.5 -1.09 7.5 13.5 -1.02 8 13.5 -0.95 8.5 13.5 -0.87 9 13.5 -0.8 9.5 13.5 -0.73 10 13.5 -0.66 10.5 13.5 -0.59 11 13.5 -0.51 11.5 13.5 -0.44 12 13.5 -0.37 12.5 13.5 -0.3 13 13.5 -0.23 13.5 13.5 -0.16 14 13.5 -0.08 14.5 13.5 -0.01 15 13.5 0.06 15.5 13.5 0.13 16 13.5 0.2 16.5 13.5 0.28 17 13.5 0.35 17.5 13.5 0.42 18 13.5 0.49 18.5 13.5 0.56 19 13.5 0.63 19.5 13.5 0.71 20 13.5 0.78 20.5 13.5 0.85 21 13.5 0.92 21.5 13.5 0.99 22 13.5 1.07 22.5 13.5 1.14 23 13.5 1.21 23.5 13.5 1.28 24 13.5 1.35 24.5 13.5 1.42 25 13.5 1.5 25.5 13.5 1.57 26 13.5 1.64 26.5 13.5 1.71 27 13.5 1.78 -8 14 -3.26 -7.5 14 -3.13 -7 14 -2.95 -6.5 14 -2.77 -6 14 -2.6 -5.5 14 -2.44 -5 14 -2.27 -4.5 14 -2.12 -4 14 -1.97 -3.5 14 -1.84 -3 14 -1.71 -2.5 14 -1.61 -2 14 -1.52 -1.5 14 -1.46 -1 14 -1.42 -0.5 14 -1.41 0 14 -1.41 0.5 14 -1.41 1 14 -1.41 1.5 14 -1.41 2 14 -1.41 2.5 14 -1.41 3 14 -1.41 3.5 14 -1.41 4 14 -1.41 4.5 14 -1.41 5 14 -1.36 5.5 14 -1.29 6 14 -1.21 6.5 14 -1.14 7 14 -1.07 7.5 14 -0.99 8 14 -0.92 8.5 14 -0.85 9 14 -0.78 9.5 14 -0.7 10 14 -0.63 10.5 14 -0.56 11 14 -0.48 11.5 14 -0.41 12 14 -0.34 12.5 14 -0.26 13 14 -0.19 13.5 14 -0.12 14 14 -0.04 14.5 14 0.03 15 14 0.1 15.5 14 0.17 16 14 0.25 16.5 14 0.32 17 14 0.39 17.5 14 0.47 18 14 0.54 18.5 14 0.61 19 14 0.69 19.5 14 0.76 20 14 0.83 20.5 14 0.91 21 14 0.98 21.5 14 1.05 -8.5 14.5 -3.35 -8 14.5 -3.28 -7.5 14.5 -3.2 -7 14.5 -3.05 -6.5 14.5 -2.88 -6 14.5 -2.71 -5.5 14.5 -2.56 -5 14.5 -2.4 -4.5 14.5 -2.26 -4 14.5 -2.12 -3.5 14.5 -1.99 -3 14.5 -1.88 -2.5 14.5 -1.79 -2 14.5 -1.71 -1.5 14.5 -1.65 -1 14.5 -1.62 -0.5 14.5 -1.61 0 14.5 -1.61 0.5 14.5 -1.61 1 14.5 -1.61 1.5 14.5 -1.61 2 14.5 -1.61 2.5 14.5 -1.61 3 14.5 -1.61 3.5 14.5 -1.57 4 14.5 -1.49 4.5 14.5 -1.42 5 14.5 -1.34 5.5 14.5 -1.27 6 14.5 -1.2 6.5 14.5 -1.12 7 14.5 -1.05 7.5 14.5 -0.97 8 14.5 -0.9 8.5 14.5 -0.82 9 14.5 -0.75 9.5 14.5 -0.67 10 14.5 -0.6 10.5 14.5 -0.53 11 14.5 -0.45 11.5 14.5 -0.38 12 14.5 -0.3 12.5 14.5 -0.23 13 14.5 -0.15 13.5 14.5 -0.08 14 14.5 -0.01 14.5 14.5 0.07 15 14.5 0.14 15.5 14.5 0.22 16 14.5 0.29 -8.5 15 -3.37 -8 15 -3.3 -7.5 15 -3.22 -7 15 -3.14 -6.5 15 -2.99 -6 15 -2.84 -5.5 15 -2.68 -5 15 -2.54 -4.5 15 -2.4 -4 15 -2.27 -3.5 15 -2.16 -3 15 -2.05 -2.5 15 -1.97 -2 15 -1.9 -1.5 15 -1.85 -1 15 -1.82 -0.5 15 -1.81 0 15 -1.81 0.5 15 -1.81 1 15 -1.81 1.5 15 -1.81 2 15 -1.78 2.5 15 -1.71 3 15 -1.63 3.5 15 -1.56 4 15 -1.48 4.5 15 -1.4 5 15 -1.33 5.5 15 -1.25 6 15 -1.18 6.5 15 -1.1 7 15 -1.03 7.5 15 -0.95 8 15 -0.87 8.5 15 -0.8 9 15 -0.72 9.5 15 -0.65 10 15 -0.57 10.5 15 -0.5 -9 15.5 -3.47 -8.5 15.5 -3.39 -8 15.5 -3.31 -7.5 15.5 -3.24 -7 15.5 -3.16 -6.5 15.5 -3.08 -6 15.5 -2.97 -5.5 15.5 -2.82 -5 15.5 -2.68 -4.5 15.5 -2.56 -4 15.5 -2.44 -3.5 15.5 -2.33 -3 15.5 -2.23 -2.5 15.5 -2.15 -2 15.5 -2.09 -1.5 15.5 -2.04 -1 15.5 -2.02 -0.5 15.5 -2.01 0 15.5 -2.01 0.5 15.5 -2 1 15.5 -1.93 1.5 15.5 -1.85 2 15.5 -1.77 2.5 15.5 -1.7 3 15.5 -1.62 3.5 15.5 -1.54 4 15.5 -1.47 4.5 15.5 -1.39 5 15.5 -1.31 -9 16 -3.49 -8.5 16 -3.41 -8 16 -3.33 -7.5 16 -3.25 -7 16 -3.17 -6.5 16 -3.1 -6 16 -3.02 -5.5 16 -2.94 -5 16 -2.84 -4.5 16 -2.71 -4 16 -2.6 -3.5 16 -2.5 -3 16 -2.41 -2.5 16 -2.34 -2 16 -2.28 -1.5 16 -2.24 -1 16 -2.22 -0.5 16 -2.16 0 16 -2.08 -9.5 16.5 -3.59 -9 16.5 -3.51 -8.5 16.5 -3.43 -8 16.5 -3.35 -7.5 16.5 -3.27 -7 16.5 -3.19 -6.5 16.5 -3.11 -6 16.5 -3.03 -5.5 16.5 -2.95 15 -1.5 -3.08 1 9 -0.05 0.5 9 -0.05 1.5 9 -0.05 2 9 -0.05 2.5 9 -0.05 3 9 -0.05 3.5 9 -0.05 4 9 -0.05 4.5 9 -0.05 5 9 -0.05 5.5 9 -0.05 6 9 -0.05 6.5 9 -0.05 7 9 -0.05 7.5 9 -0.05 8 9 -0.05 8.5 9 -0.05 9 9 -0.05 9.5 9 -0.05 10 9 -0.05 10.5 9 -0.05 1 9.5 -0.05 0.5 9.5 -0.05 1.5 9.5 -0.05 2 9.5 -0.05 2.5 9.5 -0.05 3 9.5 -0.05 3.5 9.5 -0.05 4 9.5 -0.05 4.5 9.5 -0.05 5 9.5 -0.05 5.5 9.5 -0.05 6 9.5 -0.05 6.5 9.5 -0.05 10.5 9.5 -0.05 0 9 -0.05 11 9 -0.05 11.5 9 -0.05 12 9 -0.05 12.5 9 -0.05 13 9 -0.05 13.5 9 -0.05 14 9 -0.05 14.5 9 -0.05 0 9.5 -0.05 11 9.5 -0.05 11.5 9.5 -0.05 12 9.5 -0.05 12.5 9.5 -0.05 13 9.5 -0.05 13.5 9.5 -0.05 14 9.5 -0.05 14.5 9.5 -0.05 0 10 -0.05 0.5 10 -0.05 1 10 -0.05 1.5 10 -0.05 2 10 -0.05 2.5 10 -0.05 3 10 -0.05 3.5 10 -0.05 4 10 -0.05 4.5 10 -0.05 5 10 -0.05 5.5 10 -0.05 6 10 -0.05 6.5 10 -0.05 10.5 10 -0.05 11 10 -0.05 11.5 10 -0.05 12 10 -0.05 12.5 10 -0.05 13 10 -0.05 13.5 10 -0.05 14 10 -0.05 14.5 10 -0.05 15 10 -0.05 0 10.5 -0.05 0.5 10.5 -0.05 1 10.5 -0.05 1.5 10.5 -0.05 2 10.5 -0.05 2.5 10.5 -0.05 3 10.5 -0.05 3.5 10.5 -0.05 4 10.5 -0.05 4.5 10.5 -0.05 5 10.5 -0.05 5.5 10.5 -0.05 6 10.5 -0.05 6.5 10.5 -0.05 10.5 10.5 -0.05 11 10.5 -0.05 11.5 10.5 -0.05 12 10.5 -0.05 12.5 10.5 -0.05 13 10.5 -0.05 13.5 10.5 -0.05 14 10.5 -0.05 14.5 10.5 -0.05 15 10.5 -0.05</float_array><technique_common><accessor source="#geo0-pos-a" count="14171" stride="3"><param name="X" type="float"/><param name="Y" type="float"/><param name="Z" type="float"/></accessor></technique_common></source><vertices id="geo0-vtx"><input semantic="POSITION" source="#geo0-pos"/></vertices>
<triangles material="m-t_field" count="21978"><input semantic="VERTEX" source="#geo0-vtx" offset="0"/><p>0 1 2 0 2 3 1 4 5 1 5 2 4 6 7 4 7 5 8 9 10 8 10 11 9 12 13 9 13 10 12 14 15 12 15 13 14 16 17 14 17 15 16 18 19 16 19 17 18 20 21 18 21 19 20 22 23 20 23 21 22 24 25 22 25 23 24 26 27 24 27 25 26 28 29 26 29 27 28 30 31 28 31 29 30 32 33 30 33 31 32 34 35 32 35 33 34 36 37 34 37 35 36 38 39 36 39 37 38 40 41 38 41 39 40 42 43 40 43 41 42 44 45 42 45 43 44 46 47 44 47 45 46 48 49 46 49 47 48 50 51 48 51 49 50 52 53 50 53 51 52 54 55 52 55 53 54 56 57 54 57 55 56 58 59 56 59 57 58 60 61 58 61 59 60 62 63 60 63 61 62 64 65 62 65 63 64 66 67 64 67 65 66 68 69 66 69 67 68 70 71 68 71 69 70 72 73 70 73 71 72 74 75 72 75 73 74 76 77 74 77 75 76 78 79 76 79 77 78 80 81 78 81 79 80 82 83 80 83 81 82 84 85 82 85 83 84 86 87 84 87 85 86 88 89 86 89 87 88 90 91 88 91 89 90 92 93 90 93 91 92 94 95 92 95 93 94 96 97 94 97 95 96 98 99 96 99 97 98 100 101 98 101 99 100 102 103 100 103 101 102 104 105 102 105 103 104 106 107 104 107 105 106 108 109 106 109 107 108 110 111 108 111 109 110 112 113 110 113 111 112 114 115 112 115 113 114 116 117 114 117 115 116 118 119 116 119 117 118 120 121 118 121 119 120 122 123 120 123 121 122 124 125 122 125 123 124 126 127 124 127 125 126 128 129 126 129 127 128 130 131 128 131 129 130 132 133 130 133 131 132 134 135 132 135 133 134 136 137 134 137 135 136 138 139 136 139 137 138 140 141 138 141 139 140 142 143 140 143 141 142 144 145 142 145 143 144 146 147 144 147 145 146 148 149 146 149 147 148 150 151 148 151 149 150 152 153 150 153 151 152 154 155 152 155 153 154 156 157 154 157 155 156 158 159 156 159 157 158 160 161 158 161 159 160 162 163 160 163 161 162 164 165 162 165 163 164 166 167 164 167 165 166 168 169 166 169 167 168 170 171 168 171 169 170 172 173 170 173 171 172 174 175 172 175 173 174 176 177 174 177 175 176 178 179 176 179 177 178 180 181 178 181 179 180 182 183 180 183 181 182 184 185 182 185 183 184 186 187 184 187 185 186 188 189 186 189 187 188 190 191 188 191 189 190 192 193 190 193 191 192 194 195 192 195 193 194 196 197 194 197 195 196 198 199 196 199 197 198 200 201 198 201 199 200 202 203 200 203 201 202 204 205 202 205 203 204 206 207 204 207 205 206 208 209 206 209 207 208 210 211 208 211 209 210 212 213 210 213 211 212 214 215 212 215 213 214 216 217 214 217 215 216 218 219 216 219 217 218 220 221 218 221 219 220 222 223 220 223 221 222 224 225 222 225 223 224 226 227 224 227 225 226 228 229 226 229 227 228 230 231 228 231 229 230 232 233 230 233 231 232 234 235 232 235 233 234 236 237 234 237 235 236 238 239 236 239 237 238 240 241 238 241 239 240 242 243 240 243 241 242 244 245 242 245 243 3 2 246 3 246 247 2 5 248 2 248 246 5 7 249 5 249 248 7 250 251 7 251 249 250 252 253 250 253 251 13 15 254 13 254 255 15 17 256 15 256 254 17 19 257 17 257 256 19 21 258 19 258 257 21 23 259 21 259 258 23 25 260 23 260 259 25 27 261 25 261 260 27 29 262 27 262 261 29 31 263 29 263 262 31 33 264 31 264 263 33 35 265 33 265 264 35 37 266 35 266 265 37 39 267 37 267 266 39 41 268 39 268 267 41 43 269 41 269 268 43 45 270 43 270 269 45 47 271 45 271 270 47 49 272 47 272 271 49 51 273 49 273 272 51 53 274 51 274 273 53 55 275 53 275 274 55 57 276 55 276 275 57 59 277 57 277 276 59 61 278 59 278 277 61 63 279 61 279 278 63 65 280 63 280 279 65 67 281 65 281 280 67 69 282 67 282 281 69 71 283 69 283 282 71 73 284 71 284 283 73 75 285 73 285 284 75 77 286 75 286 285 77 79 287 77 287 286 79 81 288 79 288 287 81 83 289 81 289 288 83 85 290 83 290 289 85 87 291 85 291 290 87 89 292 87 292 291 89 91 293 89 293 292 91 93 294 91 294 293 93 95 295 93 295 294 95 97 296 95 296 295 97 99 297 97 297 296 99 101 298 99 298 297 101 103 299 101 299 298 103 105 300 103 300 299 105 107 301 105 301 300 107 109 302 107 302 301 109 111 303 109 303 302 111 113 304 111 304 303 113 115 305 113 305 304 115 117 306 115 306 305 117 119 307 117 307 306 119 121 308 119 308 307 121 123 309 121 309 308 123 125 310 123 310 309 125 127 311 125 311 310 127 129 312 127 312 311 129 131 313 129 313 312 131 133 314 131 314 313 133 135 315 133 315 314 135 137 316 135 316 315 137 139 317 137 317 316 139 141 318 139 318 317 141 143 319 141 319 318 143 145 320 143 320 319 145 147 321 145 321 320 147 149 322 147 322 321 149 151 323 149 323 322 151 153 324 151 324 323 153 155 325 153 325 324 155 157 326 155 326 325 157 159 327 157 327 326 159 161 328 159 328 327 161 163 329 161 329 328 163 165 330 163 330 329 165 167 331 165 331 330 167 169 332 167 332 331 169 171 333 169 333 332 171 173 334 171 334 333 173 175 335 173 335 334 175 177 336 175 336 335 177 179 337 177 337 336 179 181 338 179 338 337 181 183 339 181 339 338 183 185 340 183 340 339 185 187 341 185 341 340 187 189 342 187 342 341 189 191 343 189 343 342 191 193 344 191 344 343 193 195 345 193 345 344 195 197 346 195 346 345 197 199 347 197 347 346 199 201 348 199 348 347 201 203 349 201 349 348 203 205 350 203 350 349 205 207 351 205 351 350 207 209 352 207 352 351 209 211 353 209 353 352 211 213 354 211 354 353 213 215 355 213 355 354 215 217 356 215 356 355 217 219 357 217 357 356 219 221 358 219 358 357 221 223 359 221 359 358 223 225 360 223 360 359 225 227 361 225 361 360 227 229 362 227 362 361 229 231 363 229 363 362 231 233 364 231 364 363 233 235 365 233 365 364 235 237 366 235 366 365 237 239 367 237 367 366 239 241 368 239 368 367 241 243 369 241 369 368 243 245 370 243 370 369 247 246 371 247 371 372 246 248 373 246 373 371 248 249 374 248 374 373 249 251 375 249 375 374 251 253 376 251 376 375 253 377 378 253 378 376 377 379 380 377 380 378 256 257 381 256 381 382 257 258 383 257 383 381 258 259 384 258 384 383 259 260 385 259 385 384 260 261 386 260 386 385 261 262 387 261 387 386 262 263 388 262 388 387 263 264 389 263 389 388 264 265 390 264 390 389 265 266 391 265 391 390 266 267 392 266 392 391 267 268 393 267 393 392 268 269 394 268 394 393 269 270 395 269 395 394 270 271 396 270 396 395 271 272 397 271 397 396 272 273 398 272 398 397 273 274 399 273 399 398 274 275 400 274 400 399 275 276 401 275 401 400 276 277 402 276 402 401 277 278 403 277 403 402 278 279 404 278 404 403 279 280 405 279 405 404 280 281 406 280 406 405 281 282 407 281 407 406 282 283 408 282 408 407 283 284 409 283 409 408 284 285 410 284 410 409 285 286 411 285 411 410 286 287 412 286 412 411 287 288 413 287 413 412 288 289 414 288 414 413 289 290 415 289 415 414 290 291 416 290 416 415 291 292 417 291 417 416 292 293 418 292 418 417 293 294 419 293 419 418 294 295 420 294 420 419 295 296 421 295 421 420 296 297 422 296 422 421 297 298 423 297 423 422 298 299 424 298 424 423 299 300 425 299 425 424 300 301 426 300 426 425 301 302 427 301 427 426 302 303 428 302 428 427 303 304 429 303 429 428 304 305 430 304 430 429 305 306 431 305 431 430 306 307 432 306 432 431 307 308 433 307 433 432 308 309 434 308 434 433 309 310 435 309 435 434 310 311 436 310 436 435 311 312 437 311 437 436 312 313 438 312 438 437 313 314 439 313 439 438 314 315 440 314 440 439 315 316 441 315 441 440 316 317 442 316 442 441 317 318 443 317 443 442 318 319 444 318 444 443 319 320 445 319 445 444 320 321 446 320 446 445 321 322 447 321 447 446 322 323 448 322 448 447 323 324 449 323 449 448 324 325 450 324 450 449 325 326 451 325 451 450 326 327 452 326 452 451 327 328 453 327 453 452 328 329 454 328 454 453 329 330 455 329 455 454 330 331 456 330 456 455 331 332 457 331 457 456 332 333 458 332 458 457 333 334 459 333 459 458 334 335 460 334 460 459 335 336 461 335 461 460 336 337 462 336 462 461 337 338 463 337 463 462 338 339 464 338 464 463 339 340 465 339 465 464 340 341 466 340 466 465 341 342 467 341 467 466 342 343 468 342 468 467 343 344 469 343 469 468 344 345 470 344 470 469 345 346 471 345 471 470 346 347 472 346 472 471 347 348 473 347 473 472 348 349 474 348 474 473 349 350 475 349 475 474 350 351 476 350 476 475 351 352 477 351 477 476 352 353 478 352 478 477 353 354 479 353 479 478 354 355 480 354 480 479 355 356 481 355 481 480 356 357 482 356 482 481 357 358 483 357 483 482 358 359 484 358 484 483 359 360 485 359 485 484 360 361 486 360 486 485 361 362 487 361 487 486 362 363 488 362 488 487 363 364 489 363 489 488 364 365 490 364 490 489 365 366 491 365 491 490 366 367 492 366 492 491 367 368 493 367 493 492 368 369 494 368 494 493 369 370 495 369 495 494 372 371 496 372 496 497 371 373 498 371 498 496 373 374 499 373 499 498 374 375 500 374 500 499 375 376 501 375 501 500 376 378 502 376 502 501 378 380 503 378 503 502 380 504 505 380 505 503 504 506 507 504 507 505 383 384 508 383 508 509 384 385 510 384 510 508 385 386 511 385 511 510 386 387 512 386 512 511 387 388 513 387 513 512 388 389 514 388 514 513 389 390 515 389 515 514 390 391 516 390 516 515 391 392 517 391 517 516 392 393 518 392 518 517 393 394 519 393 519 518 394 395 520 394 520 519 395 396 521 395 521 520 396 397 522 396 522 521 397 398 523 397 523 522 398 399 524 398 524 523 399 400 525 399 525 524 400 401 526 400 526 525 401 402 527 401 527 526 402 403 528 402 528 527 403 404 529 403 529 528 404 405 530 404 530 529 405 406 531 405 531 530 406 407 532 406 532 531 407 408 533 407 533 532 408 409 534 408 534 533 409 410 535 409 535 534 410 411 536 410 536 535 411 412 537 411 537 536 412 413 538 412 538 537 413 414 539 413 539 538 414 415 540 414 540 539 415 416 541 415 541 540 416 417 542 416 542 541 417 418 543 417 543 542 418 419 544 418 544 543 419 420 545 419 545 544 420 421 546 420 546 545 421 422 547 421 547 546 422 423 548 422 548 547 423 424 549 423 549 548 424 425 550 424 550 549 425 426 551 425 551 550 426 427 552 426 552 551 427 428 553 427 553 552 428 429 554 428 554 553 429 430 555 429 555 554 430 431 556 430 556 555 431 432 557 431 557 556 432 433 558 432 558 557 433 434 559 433 559 558 434 435 560 434 560 559 435 436 561 435 561 560 436 437 562 436 562 561 437 438 563 437 563 562 438 439 564 438 564 563 439 440 565 439 565 564 440 441 566 440 566 565 441 442 567 441 567 566 442 443 568 442 568 567 443 444 569 443 569 568 444 445 570 444 570 569 445 446 571 445 571 570 446 447 572 446 572 571 447 448 573 447 573 572 448 449 574 448 574 573 449 450 575 449 575 574 450 451 576 450 576 575 451 452 577 451 577 576 452 453 578 452 578 577 453 454 579 453 579 578 454 455 580 454 580 579 455 456 581 455 581 580 456 457 582 456 582 581 457 458 583 457 583 582 458 459 584 458 584 583 459 460 585 459 585 584 460 461 586 460 586 585 461 462 587 461 587 586 462 463 588 462 588 587 463 464 589 463 589 588 464 465 590 464 590 589 465 466 591 465 591 590 466 467 592 466 592 591 467 468 593 467 593 592 468 469 594 468 594 593 469 470 595 469 595 594 470 471 596 470 596 595 471 472 597 471 597 596 472 473 598 472 598 597 473 474 599 473 599 598 474 475 600 474 600 599 475 476 601 475 601 600 476 477 602 476 602 601 477 478 603 477 603 602 478 479 604 478 604 603 479 480 605 479 605 604 480 481 606 480 606 605 481 482 607 481 607 606 482 483 608 482 608 607 483 484 609 483 609 608 484 485 610 484 610 609 485 486 611 485 611 610 486 487 612 486 612 611 487 488 613 487 613 612 488 489 614 488 614 613 489 490 615 489 615 614 490 491 616 490 616 615 491 492 617 491 617 616 492 493 618 492 618 617 493 494 619 493 619 618 494 495 620 494 620 619 497 496 621 497 621 622 496 498 623 496 623 621 498 499 624 498 624 623 499 500 625 499 625 624 500 501 626 500 626 625 501 502 627 501 627 626 502 503 628 502 628 627 503 505 629 503 629 628 505 507 630 505 630 629 507 631 632 507 632 630 510 511 633 510 633 634 511 512 635 511 635 633 512 513 636 512 636 635 513 514 637 513 637 636 514 515 638 514 638 637 515 516 639 515 639 638 516 517 640 516 640 639 517 518 641 517 641 640 518 519 642 518 642 641 519 520 643 519 643 642 520 521 644 520 644 643 521 522 645 521 645 644 522 523 646 522 646 645 523 524 647 523 647 646 524 525 648 524 648 647 525 526 649 525 649 648 526 527 650 526 650 649 527 528 651 527 651 650 528 529 652 528 652 651 529 530 653 529 653 652 530 531 654 530 654 653 531 532 655 531 655 654 532 533 656 532 656 655 533 534 657 533 657 656 534 535 658 534 658 657 535 536 659 535 659 658 536 537 660 536 660 659 537 538 661 537 661 660 538 539 662 538 662 661 539 540 663 539 663 662 540 541 664 540 664 663 541 542 665 541 665 664 542 543 666 542 666 665 543 544 667 543 667 666 544 545 668 544 668 667 545 546 669 545 669 668 546 547 670 546 670 669 547 548 671 547 671 670 548 549 672 548 672 671 549 550 673 549 673 672 550 551 674 550 674 673 551 552 675 551 675 674 552 553 676 552 676 675 553 554 677 553 677 676 554 555 678 554 678 677 555 556 679 555 679 678 556 557 680 556 680 679 557 558 681 557 681 680 558 559 682 558 682 681 559 560 683 559 683 682 560 561 684 560 684 683 561 562 685 561 685 684 562 563 686 562 686 685 563 564 687 563 687 686 564 565 688 564 688 687 565 566 689 565 689 688 566 567 690 566 690 689 567 568 691 567 691 690 568 569 692 568 692 691 569 570 693 569 693 692 570 571 694 570 694 693 571 572 695 571 695 694 572 573 696 572 696 695 573 574 697 573 697 696 574 575 698 574 698 697 575 576 699 575 699 698 576 577 700 576 700 699 577 578 701 577 701 700 578 579 702 578 702 701 579 580 703 579 703 702 580 581 704 580 704 703 581 582 705 581 705 704 582 583 706 582 706 705 583 584 707 583 707 706 584 585 708 584 708 707 585 586 709 585 709 708 586 587 710 586 710 709 587 588 711 587 711 710 588 589 712 588 712 711 589 590 713 589 713 712 590 591 714 590 714 713 591 592 715 591 715 714 592 593 716 592 716 715 593 594 717 593 717 716 594 595 718 594 718 717 595 596 719 595 719 718 596 597 720 596 720 719 597 598 721 597 721 720 598 599 722 598 722 721 599 600 723 599 723 722 600 601 724 600 724 723 601 602 725 601 725 724 602 603 726 602 726 725 603 604 727 603 727 726 604 605 728 604 728 727 605 606 729 605 729 728 606 607 730 606 730 729 607 608 731 607 731 730 608 609 732 608 732 731 609 610 733 609 733 732 610 611 734 610 734 733 611 612 735 611 735 734 612 613 736 612 736 735 613 614 737 613 737 736 614 615 738 614 738 737 615 616 739 615 739 738 616 617 740 616 740 739 617 618 741 617 741 740 618 619 742 618 742 741 619 620 743 619 743 742 622 621 744 622 744 745 621 623 746 621 746 744 623 624 747 623 747 746 624 625 748 624 748 747 625 626 749 625 749 748 626 627 750 626 750 749 627 628 751 627 751 750 628 629 752 628 752 751 629 630 753 629 753 752 630 632 754 630 754 753 632 755 756 632 756 754 755 757 758 755 758 756 633 635 759 633 759 760 635 636 761 635 761 759 636 637 762 636 762 761 637 638 763 637 763 762 638 639 764 638 764 763 639 640 765 639 765 764 640 641 766 640 766 765 641 642 767 641 767 766 642 643 768 642 768 767 643 644 769 643 769 768 644 645 770 644 770 769 645 646 771 645 771 770 646 647 772 646 772 771 647 648 773 647 773 772 648 649 774 648 774 773 649 650 775 649 775 774 650 651 776 650 776 775 651 652 777 651 777 776 652 653 778 652 778 777 653 654 779 653 779 778 654 655 780 654 780 779 655 656 781 655 781 780 656 657 782 656 782 781 657 658 783 657 783 782 658 659 784 658 784 783 659 660 785 659 785 784 660 661 786 660 786 785 661 662 787 661 787 786 662 663 788 662 788 787 663 664 789 663 789 788 664 665 790 664 790 789 665 666 791 665 791 790 666 667 792 666 792 791 667 668 793 667 793 792 668 669 794 668 794 793 669 670 795 669 795 794 670 671 796 670 796 795 671 672 797 671 797 796 672 673 798 672 798 797 673 674 799 673 799 798 674 675 800 674 800 799 675 676 801 675 801 800 676 677 802 676 802 801 677 678 803 677 803 802 678 679 804 678 804 803 679 680 805 679 805 804 680 681 806 680 806 805 681 682 807 681 807 806 682 683 808 682 808 807 683 684 809 683 809 808 684 685 810 684 810 809 685 686 811 685 811 810 686 687 812 686 812 811 687 688 813 687 813 812 688 689 814 688 814 813 689 690 815 689 815 814 690 691 816 690 816 815 691 692 817 691 817 816 692 693 818 692 818 817 693 694 819 693 819 818 694 695 820 694 820 819 695 696 821 695 821 820 696 697 822 696 822 821 697 698 823 697 823 822 698 699 824 698 824 823 699 700 825 699 825 824 700 701 826 700 826 825 701 702 827 701 827 826 702 703 828 702 828 827 703 704 829 703 829 828 704 705 830 704 830 829 705 706 831 705 831 830 706 707 832 706 832 831 707 708 833 707 833 832 708 709 834 708 834 833 709 710 835 709 835 834 710 711 836 710 836 835 711 712 837 711 837 836 712 713 838 712 838 837 713 714 839 713 839 838 714 715 840 714 840 839 715 716 841 715 841 840 716 717 842 716 842 841 717 718 843 717 843 842 718 719 844 718 844 843 719 720 845 719 845 844 720 721 846 720 846 845 721 722 847 721 847 846 722 723 848 722 848 847 723 724 849 723 849 848 724 725 850 724 850 849 725 726 851 725 851 850 726 727 852 726 852 851 727 728 853 727 853 852 728 729 854 728 854 853 729 730 855 729 855 854 730 731 856 730 856 855 731 732 857 731 857 856 732 733 858 732 858 857 733 734 859 733 859 858 734 735 860 734 860 859 735 736 861 735 861 860 736 737 862 736 862 861 737 738 863 737 863 862 738 739 864 738 864 863 739 740 865 739 865 864 740 741 866 740 866 865 741 742 867 741 867 866 742 743 868 742 868 867 745 744 869 745 869 870 744 746 871 744 871 869 746 747 872 746 872 871 747 748 873 747 873 872 748 749 874 748 874 873 749 750 875 749 875 874 750 751 876 750 876 875 751 752 877 751 877 876 752 753 878 752 878 877 753 754 879 753 879 878 754 756 880 754 880 879 756 758 881 756 881 880 758 882 883 758 883 881 882 884 885 882 885 883 761 762 886 761 886 887 762 763 888 762 888 886 763 764 889 763 889 888 764 765 890 764 890 889 765 766 891 765 891 890 766 767 892 766 892 891 767 768 893 767 893 892 768 769 894 768 894 893 769 770 895 769 895 894 770 771 896 770 896 895 771 772 897 771 897 896 772 773 898 772 898 897 773 774 899 773 899 898 774 775 900 774 900 899 775 776 901 775 901 900 776 777 902 776 902 901 777 778 903 777 903 902 778 779 904 778 904 903 779 780 905 779 905 904 780 781 906 780 906 905 781 782 907 781 907 906 782 783 908 782 908 907 783 784 909 783 909 908 784 785 910 784 910 909 785 786 911 785 911 910 786 787 912 786 912 911 787 788 913 787 913 912 788 789 914 788 914 913 789 790 915 789 915 914 790 791 916 790 916 915 791 792 917 791 917 916 792 793 918 792 918 917 793 794 919 793 919 918 794 795 920 794 920 919 795 796 921 795 921 920 796 797 922 796 922 921 797 798 923 797 923 922 798 799 924 798 924 923 799 800 925 799 925 924 800 801 926 800 926 925 801 802 927 801 927 926 802 803 928 802 928 927 803 804 929 803 929 928 804 805 930 804 930 929 805 806 931 805 931 930 806 807 932 806 932 931 807 808 933 807 933 932 808 809 934 808 934 933 809 810 935 809 935 934 810 811 936 810 936 935 811 812 937 811 937 936 812 813 938 812 938 937 813 814 939 813 939 938 814 815 940 814 940 939 815 816 941 815 941 940 816 817 942 816 942 941 817 818 943 817 943 942 818 819 944 818 944 943 819 820 945 819 945 944 820 821 946 820 946 945 821 822 947 821 947 946 822 823 948 822 948 947 823 824 949 823 949 948 824 825 950 824 950 949 825 826 951 825 951 950 826 827 952 826 952 951 827 828 953 827 953 952 828 829 954 828 954 953 829 830 955 829 955 954 830 831 956 830 956 955 831 832 957 831 957 956 832 833 958 832 958 957 833 834 959 833 959 958 834 835 960 834 960 959 835 836 961 835 961 960 836 837 962 836 962 961 837 838 963 837 963 962 838 839 964 838 964 963 839 840 965 839 965 964 840 841 966 840 966 965 841 842 967 841 967 966 842 843 968 842 968 967 843 844 969 843 969 968 844 845 970 844 970 969 845 846 971 845 971 970 846 847 972 846 972 971 847 848 973 847 973 972 848 849 974 848 974 973 849 850 975 849 975 974 850 851 976 850 976 975 851 852 977 851 977 976 852 853 978 852 978 977 853 854 979 853 979 978 854 855 980 854 980 979 855 856 981 855 981 980 856 857 982 856 982 981 857 858 983 857 983 982 858 859 984 858 984 983 859 860 985 859 985 984 860 861 986 860 986 985 861 862 987 861 987 986 862 863 988 862 988 987 863 864 989 863 989 988 864 865 990 864 990 989 865 866 991 865 991 990 866 867 992 866 992 991 867 868 993 867 993 992 870 869 994 870 994 995 869 871 996 869 996 994 871 872 997 871 997 996 872 873 998 872 998 997 873 874 999 873 999 998 874 875 1000 874 1000 999 875 876 1001 875 1001 1000 876 877 1002 876 1002 1001 877 878 1003 877 1003 1002 878 879 1004 878 1004 1003 879 880 1005 879 1005 1004 880 881 1006 880 1006 1005 881 883 1007 881 1007 1006 883 885 1008 883 1008 1007 885 1009 1010 885 1010 1008 1009 1011 1012 1009 1012 1010 888 889 1013 888 1013 1014 889 890 1015 889 1015 1013 890 891 1016 890 1016 1015 891 892 1017 891 1017 1016 892 893 1018 892 1018 1017 893 894 1019 893 1019 1018 894 895 1020 894 1020 1019 895 896 1021 895 1021 1020 896 897 1022 896 1022 1021 897 898 1023 897 1023 1022 898 899 1024 898 1024 1023 899 900 1025 899 1025 1024 900 901 1026 900 1026 1025 901 902 1027 901 1027 1026 902 903 1028 902 1028 1027 903 904 1029 903 1029 1028 904 905 1030 904 1030 1029 905 906 1031 905 1031 1030 906 907 1032 906 1032 1031 907 908 1033 907 1033 1032 908 909 1034 908 1034 1033 909 910 1035 909 1035 1034 910 911 1036 910 1036 1035 911 912 1037 911 1037 1036 912 913 1038 912 1038 1037 913 914 1039 913 1039 1038 914 915 1040 914 1040 1039 915 916 1041 915 1041 1040 916 917 1042 916 1042 1041 917 918 1043 917 1043 1042 918 919 1044 918 1044 1043 919 920 1045 919 1045 1044 920 921 1046 920 1046 1045 921 922 1047 921 1047 1046 922 923 1048 922 1048 1047 923 924 1049 923 1049 1048 924 925 1050 924 1050 1049 925 926 1051 925 1051 1050 926 927 1052 926 1052 1051 927 928 1053 927 1053 1052 928 929 1054 928 1054 1053 929 930 1055 929 1055 1054 930 931 1056 930 1056 1055 931 932 1057 931 1057 1056 932 933 1058 932 1058 1057 933 934 1059 933 1059 1058 934 935 1060 934 1060 1059 935 936 1061 935 1061 1060 936 937 1062 936 1062 1061 937 938 1063 937 1063 1062 938 939 1064 938 1064 1063 939 940 1065 939 1065 1064 940 941 1066 940 1066 1065 941 942 1067 941 1067 1066 942 943 1068 942 1068 1067 943 944 1069 943 1069 1068 944 945 1070 944 1070 1069 945 946 1071 945 1071 1070 946 947 1072 946 1072 1071 947 948 1073 947 1073 1072 948 949 1074 948 1074 1073 949 950 1075 949 1075 1074 950 951 1076 950 1076 1075 951 952 1077 951 1077 1076 952 953 1078 952 1078 1077 953 954 1079 953 1079 1078 954 955 1080 954 1080 1079 955 956 1081 955 1081 1080 956 957 1082 956 1082 1081 957 958 1083 957 1083 1082 958 959 1084 958 1084 1083 959 960 1085 959 1085 1084 960 961 1086 960 1086 1085 961 962 1087 961 1087 1086 962 963 1088 962 1088 1087 963 964 1089 963 1089 1088 964 965 1090 964 1090 1089 965 966 1091 965 1091 1090 966 967 1092 966 1092 1091 967 968 1093 967 1093 1092 968 969 1094 968 1094 1093 969 970 1095 969 1095 1094 970 971 1096 970 1096 1095 971 972 1097 971 1097 1096 972 973 1098 972 1098 1097 973 974 1099 973 1099 1098 974 975 1100 974 1100 1099 975 976 1101 975 1101 1100 976 977 1102 976 1102 1101 977 978 1103 977 1103 1102 978 979 1104 978 1104 1103 979 980 1105 979 1105 1104 980 981 1106 980 1106 1105 981 982 1107 981 1107 1106 982 983 1108 982 1108 1107 983 984 1109 983 1109 1108 984 985 1110 984 1110 1109 985 986 1111 985 1111 1110 986 987 1112 986 1112 1111 987 988 1113 987 1113 1112 988 989 1114 988 1114 1113 989 990 1115 989 1115 1114 990 991 1116 990 1116 1115 991 992 1117 991 1117 1116 992 993 1118 992 1118 1117 995 994 1119 995 1119 1120 994 996 1121 994 1121 1119 996 997 1122 996 1122 1121 997 998 1123 997 1123 1122 998 999 1124 998 1124 1123 999 1000 1125 999 1125 1124 1000 1001 1126 1000 1126 1125 1001 1002 1127 1001 1127 1126 1002 1003 1128 1002 1128 1127 1003 1004 1129 1003 1129 1128 1004 1005 1130 1004 1130 1129 1005 1006 1131 1005 1131 1130 1006 1007 1132 1006 1132 1131 1007 1008 1133 1007 1133 1132 1008 1010 1134 1008 1134 1133 1010 1012 1135 1010 1135 1134 1012 1136 1137 1012 1137 1135 1136 1138 1139 1136 1139 1137 1015 1016 1140 1015 1140 1141 1016 1017 1142 1016 1142 1140 1017 1018 1143 1017 1143 1142 1018 1019 1144 1018 1144 1143 1019 1020 1145 1019 1145 1144 1020 1021 1146 1020 1146 1145 1021 1022 1147 1021 1147 1146 1022 1023 1148 1022 1148 1147 1023 1024 1149 1023 1149 1148 1024 1025 1150 1024 1150 1149 1025 1026 1151 1025 1151 1150 1026 1027 1152 1026 1152 1151 1027 1028 1153 1027 1153 1152 1028 1029 1154 1028 1154 1153 1029 1030 1155 1029 1155 1154 1030 1031 1156 1030 1156 1155 1031 1032 1157 1031 1157 1156 1032 1033 1158 1032 1158 1157 1033 1034 1159 1033 1159 1158 1034 1035 1160 1034 1160 1159 1035 1036 1161 1035 1161 1160 1036 1037 1162 1036 1162 1161 1037 1038 1163 1037 1163 1162 1038 1039 1164 1038 1164 1163 1039 1040 1165 1039 1165 1164 1040 1041 1166 1040 1166 1165 1041 1042 1167 1041 1167 1166 1042 1043 1168 1042 1168 1167 1043 1044 1169 1043 1169 1168 1044 1045 1170 1044 1170 1169 1045 1046 1171 1045 1171 1170 1046 1047 1172 1046 1172 1171 1047 1048 1173 1047 1173 1172 1048 1049 1174 1048 1174 1173 1049 1050 1175 1049 1175 1174 1050 1051 1176 1050 1176 1175 1051 1052 1177 1051 1177 1176 1052 1053 1178 1052 1178 1177 1053 1054 1179 1053 1179 1178 1054 1055 1180 1054 1180 1179 1055 1056 1181 1055 1181 1180 1056 1057 1182 1056 1182 1181 1057 1058 1183 1057 1183 1182 1058 1059 1184 1058 1184 1183 1059 1060 1185 1059 1185 1184 1060 1061 1186 1060 1186 1185 1061 1062 1187 1061 1187 1186 1062 1063 1188 1062 1188 1187 1063 1064 1189 1063 1189 1188 1064 1065 1190 1064 1190 1189 1065 1066 1191 1065 1191 1190 1066 1067 1192 1066 1192 1191 1067 1068 1193 1067 1193 1192 1068 1069 1194 1068 1194 1193 1069 1070 1195 1069 1195 1194 1070 1071 1196 1070 1196 1195 1071 1072 1197 1071 1197 1196 1072 1073 1198 1072 1198 1197 1073 1074 1199 1073 1199 1198 1074 1075 1200 1074 1200 1199 1075 1076 1201 1075 1201 1200 1076 1077 1202 1076 1202 1201 1077 1078 1203 1077 1203 1202 1078 1079 1204 1078 1204 1203 1079 1080 1205 1079 1205 1204 1080 1081 1206 1080 1206 1205 1081 1082 1207 1081 1207 1206 1082 1083 1208 1082 1208 1207 1083 1084 1209 1083 1209 1208 1084 1085 1210 1084 1210 1209 1085 1086 1211 1085 1211 1210 1086 1087 1212 1086 1212 1211 1087 1088 1213 1087 1213 1212 1088 1089 1214 1088 1214 1213 1089 1090 1215 1089 1215 1214 1090 1091 1216 1090 1216 1215 1091 1092 1217 1091 1217 1216 1092 1093 1218 1092 1218 1217 1093 1094 1219 1093 1219 1218 1094 1095 1220 1094 1220 1219 1095 1096 1221 1095 1221 1220 1096 1097 1222 1096 1222 1221 1097 1098 1223 1097 1223 1222 1098 1099 1224 1098 1224 1223 1099 1100 1225 1099 1225 1224 1100 1101 1226 1100 1226 1225 1101 1102 1227 1101 1227 1226 1102 1103 1228 1102 1228 1227 1103 1104 1229 1103 1229 1228 1104 1105 1230 1104 1230 1229 1105 1106 1231 1105 1231 1230 1106 1107 1232 1106 1232 1231 1107 1108 1233 1107 1233 1232 1108 1109 1234 1108 1234 1233 1109 1110 1235 1109 1235 1234 1110 1111 1236 1110 1236 1235 1111 1112 1237 1111 1237 1236 1112 1113 1238 1112 1238 1237 1113 1114 1239 1113 1239 1238 1114 1115 1240 1114 1240 1239 1115 1116 1241 1115 1241 1240 1116 1117 1242 1116 1242 1241 1117 1118 1243 1117 1243 1242 1120 1119 1244 1120 1244 1245 1119 1121 1246 1119 1246 1244 1121 1122 1247 1121 1247 1246 1122 1123 1248 1122 1248 1247 1123 1124 1249 1123 1249 1248 1124 1125 1250 1124 1250 1249 1125 1126 1251 1125 1251 1250 1126 1127 1252 1126 1252 1251 1127 1128 1253 1127 1253 1252 1128 1129 1254 1128 1254 1253 1129 1130 1255 1129 1255 1254 1130 1131 1256 1130 1256 1255 1131 1132 1257 1131 1257 1256 1132 1133 1258 1132 1258 1257 1133 1134 1259 1133 1259 1258 1134 1135 1260 1134 1260 1259 1135 1137 1261 1135 1261 1260 1137 1139 1262 1137 1262 1261 1139 1263 1264 1139 1264 1262 1142 1143 1265 1142 1265 1266 1143 1144 1267 1143 1267 1265 1144 1145 1268 1144 1268 1267 1145 1146 1269 1145 1269 1268 1146 1147 1270 1146 1270 1269 1147 1148 1271 1147 1271 1270 1148 1149 1272 1148 1272 1271 1149 1150 1273 1149 1273 1272 1150 1151 1274 1150 1274 1273 1151 1152 1275 1151 1275 1274 1152 1153 1276 1152 1276 1275 1153 1154 1277 1153 1277 1276 1154 1155 1278 1154 1278 1277 1155 1156 1279 1155 1279 1278 1156 1157 1280 1156 1280 1279 1157 1158 1281 1157 1281 1280 1158 1159 1282 1158 1282 1281 1159 1160 1283 1159 1283 1282 1160 1161 1284 1160 1284 1283 1161 1162 1285 1161 1285 1284 1162 1163 1286 1162 1286 1285 1163 1164 1287 1163 1287 1286 1164 1165 1288 1164 1288 1287 1165 1166 1289 1165 1289 1288 1166 1167 1290 1166 1290 1289 1167 1168 1291 1167 1291 1290 1168 1169 1292 1168 1292 1291 1169 1170 1293 1169 1293 1292 1170 1171 1294 1170 1294 1293 1171 1172 1295 1171 1295 1294 1172 1173 1296 1172 1296 1295 1173 1174 1297 1173 1297 1296 1174 1175 1298 1174 1298 1297 1175 1176 1299 1175 1299 1298 1176 1177 1300 1176 1300 1299 1177 1178 1301 1177 1301 1300 1178 1179 1302 1178 1302 1301 1179 1180 1303 1179 1303 1302 1180 1181 1304 1180 1304 1303 1181 1182 1305 1181 1305 1304 1182 1183 1306 1182 1306 1305 1183 1184 1307 1183 1307 1306 1184 1185 1308 1184 1308 1307 1185 1186 1309 1185 1309 1308 1186 1187 1310 1186 1310 1309 1187 1188 1311 1187 1311 1310 1188 1189 1312 1188 1312 1311 1189 1190 1313 1189 1313 1312 1190 1191 1314 1190 1314 1313 1191 1192 1315 1191 1315 1314 1192 1193 1316 1192 1316 1315 1193 1194 1317 1193 1317 1316 1194 1195 1318 1194 1318 1317 1195 1196 1319 1195 1319 1318 1196 1197 1320 1196 1320 1319 1197 1198 1321 1197 1321 1320 1198 1199 1322 1198 1322 1321 1199 1200 1323 1199 1323 1322 1200 1201 1324 1200 1324 1323 1201 1202 1325 1201 1325 1324 1202 1203 1326 1202 1326 1325 1203 1204 1327 1203 1327 1326 1204 1205 1328 1204 1328 1327 1205 1206 1329 1205 1329 1328 1206 1207 1330 1206 1330 1329 1207 1208 1331 1207 1331 1330 1208 1209 1332 1208 1332 1331 1209 1210 1333 1209 1333 1332 1210 1211 1334 1210 1334 1333 1211 1212 1335 1211 1335 1334 1212 1213 1336 1212 1336 1335 1213 1214 1337 1213 1337 1336 1214 1215 1338 1214 1338 1337 1215 1216 1339 1215 1339 1338 1216 1217 1340 1216 1340 1339 1217 1218 1341 1217 1341 1340 1218 1219 1342 1218 1342 1341 1219 1220 1343 1219 1343 1342 1220 1221 1344 1220 1344 1343 1221 1222 1345 1221 1345 1344 1222 1223 1346 1222 1346 1345 1223 1224 1347 1223 1347 1346 1224 1225 1348 1224 1348 1347 1225 1226 1349 1225 1349 1348 1226 1227 1350 1226 1350 1349 1227 1228 1351 1227 1351 1350 1228 1229 1352 1228 1352 1351 1229 1230 1353 1229 1353 1352 1230 1231 1354 1230 1354 1353 1231 1232 1355 1231 1355 1354 1232 1233 1356 1232 1356 1355 1233 1234 1357 1233 1357 1356 1234 1235 1358 1234 1358 1357 1235 1236 1359 1235 1359 1358 1236 1237 1360 1236 1360 1359 1237 1238 1361 1237 1361 1360 1238 1239 1362 1238 1362 1361 1239 1240 1363 1239 1363 1362 1240 1241 1364 1240 1364 1363 1241 1242 1365 1241 1365 1364 1242 1243 1366 1242 1366 1365 1245 1244 1367 1245 1367 1368 1244 1246 1369 1244 1369 1367 1246 1247 1370 1246 1370 1369 1247 1248 1371 1247 1371 1370 1248 1249 1372 1248 1372 1371 1249 1250 1373 1249 1373 1372 1250 1251 1374 1250 1374 1373 1251 1252 1375 1251 1375 1374 1252 1253 1376 1252 1376 1375 1253 1254 1377 1253 1377 1376 1254 1255 1378 1254 1378 1377 1255 1256 1379 1255 1379 1378 1256 1257 1380 1256 1380 1379 1257 1258 1381 1257 1381 1380 1258 1259 1382 1258 1382 1381 1259 1260 1383 1259 1383 1382 1260 1261 1384 1260 1384 1383 1261 1262 1385 1261 1385 1384 1262 1264 1386 1262 1386 1385 1264 1387 1388 1264 1388 1386 1387 1389 1390 1387 1390 1388 1267 1268 1391 1267 1391 1392 1268 1269 1393 1268 1393 1391 1269 1270 1394 1269 1394 1393 1270 1271 1395 1270 1395 1394 1271 1272 1396 1271 1396 1395 1272 1273 1397 1272 1397 1396 1273 1274 1398 1273 1398 1397 1274 1275 1399 1274 1399 1398 1275 1276 1400 1275 1400 1399 1276 1277 1401 1276 1401 1400 1277 1278 1402 1277 1402 1401 1278 1279 1403 1278 1403 1402 1279 1280 1404 1279 1404 1403 1280 1281 1405 1280 1405 1404 1281 1282 1406 1281 1406 1405 1282 1283 1407 1282 1407 1406 1283 1284 1408 1283 1408 1407 1284 1285 1409 1284 1409 1408 1285 1286 1410 1285 1410 1409 1286 1287 1411 1286 1411 1410 1287 1288 1412 1287 1412 1411 1288 1289 1413 1288 1413 1412 1289 1290 1414 1289 1414 1413 1290 1291 1415 1290 1415 1414 1291 1292 1416 1291 1416 1415 1292 1293 1417 1292 1417 1416 1293 1294 1418 1293 1418 1417 1294 1295 1419 1294 1419 1418 1295 1296 1420 1295 1420 1419 1296 1297 1421 1296 1421 1420 1297 1298 1422 1297 1422 1421 1298 1299 1423 1298 1423 1422 1299 1300 1424 1299 1424 1423 1300 1301 1425 1300 1425 1424 1301 1302 1426 1301 1426 1425 1302 1303 1427 1302 1427 1426 1303 1304 1428 1303 1428 1427 1304 1305 1429 1304 1429 1428 1305 1306 1430 1305 1430 1429 1306 1307 1431 1306 1431 1430 1307 1308 1432 1307 1432 1431 1308 1309 1433 1308 1433 1432 1309 1310 1434 1309 1434 1433 1310 1311 1435 1310 1435 1434 1311 1312 1436 1311 1436 1435 1312 1313 1437 1312 1437 1436 1313 1314 1438 1313 1438 1437 1314 1315 1439 1314 1439 1438 1315 1316 1440 1315 1440 1439 1316 1317 1441 1316 1441 1440 1317 1318 1442 1317 1442 1441 1318 1319 1443 1318 1443 1442 1319 1320 1444 1319 1444 1443 1320 1321 1445 1320 1445 1444 1321 1322 1446 1321 1446 1445 1322 1323 1447 1322 1447 1446 1323 1324 1448 1323 1448 1447 1324 1325 1449 1324 1449 1448 1325 1326 1450 1325 1450 1449 1326 1327 1451 1326 1451 1450 1327 1328 1452 1327 1452 1451 1328 1329 1453 1328 1453 1452 1329 1330 1454 1329 1454 1453 1330 1331 1455 1330 1455 1454 1331 1332 1456 1331 1456 1455 1332 1333 1457 1332 1457 1456 1333 1334 1458 1333 1458 1457 1334 1335 1459 1334 1459 1458 1335 1336 1460 1335 1460 1459 1336 1337 1461 1336 1461 1460 1337 1338 1462 1337 1462 1461 1338 1339 1463 1338 1463 1462 1339 1340 1464 1339 1464 1463 1340 1341 1465 1340 1465 1464 1341 1342 1466 1341 1466 1465 1342 1343 1467 1342 1467 1466 1343 1344 1468 1343 1468 1467 1344 1345 1469 1344 1469 1468 1345 1346 1470 1345 1470 1469 1346 1347 1471 1346 1471 1470 1347 1348 1472 1347 1472 1471 1348 1349 1473 1348 1473 1472 1349 1350 1474 1349 1474 1473 1350 1351 1475 1350 1475 1474 1351 1352 1476 1351 1476 1475 1352 1353 1477 1352 1477 1476 1353 1354 1478 1353 1478 1477 1354 1355 1479 1354 1479 1478 1355 1356 1480 1355 1480 1479 1356 1357 1481 1356 1481 1480 1357 1358 1482 1357 1482 1481 1358 1359 1483 1358 1483 1482 1359 1360 1484 1359 1484 1483 1360 1361 1485 1360 1485 1484 1361 1362 1486 1361 1486 1485 1362 1363 1487 1362 1487 1486 1363 1364 1488 1363 1488 1487 1364 1365 1489 1364 1489 1488 1365 1366 1490 1365 1490 1489 1368 1367 1491 1368 1491 1492 1367 1369 1493 1367 1493 1491 1369 1370 1494 1369 1494 1493 1370 1371 1495 1370 1495 1494 1371 1372 1496 1371 1496 1495 1372 1373 1497 1372 1497 1496 1373 1374 1498 1373 1498 1497 1374 1375 1499 1374 1499 1498 1375 1376 1500 1375 1500 1499 1376 1377 1501 1376 1501 1500 1377 1378 1502 1377 1502 1501 1378 1379 1503 1378 1503 1502 1379 1380 1504 1379 1504 1503 1380 1381 1505 1380 1505 1504 1381 1382 1506 1381 1506 1505 1382 1383 1507 1382 1507 1506 1383 1384 1508 1383 1508 1507 1384 1385 1509 1384 1509 1508 1385 1386 1510 1385 1510 1509 1386 1388 1511 1386 1511 1510 1388 1390 1512 1388 1512 1511 1390 1513 1514 1390 1514 1512 1513 1515 1516 1513 1516 1514 1391 1393 1517 1391 1517 1518 1393 1394 1519 1393 1519 1517 1394 1395 1520 1394 1520 1519 1395 1396 1521 1395 1521 1520 1396 1397 1522 1396 1522 1521 1397 1398 1523 1397 1523 1522 1398 1399 1524 1398 1524 1523 1399 1400 1525 1399 1525 1524 1400 1401 1526 1400 1526 1525 1401 1402 1527 1401 1527 1526 1402 1403 1528 1402 1528 1527 1403 1404 1529 1403 1529 1528 1404 1405 1530 1404 1530 1529 1405 1406 1531 1405 1531 1530 1406 1407 1532 1406 1532 1531 1407 1408 1533 1407 1533 1532 1408 1409 1534 1408 1534 1533 1409 1410 1535 1409 1535 1534 1410 1411 1536 1410 1536 1535 1411 1412 1537 1411 1537 1536 1412 1413 1538 1412 1538 1537 1413 1414 1539 1413 1539 1538 1414 1415 1540 1414 1540 1539 1415 1416 1541 1415 1541 1540 1416 1417 1542 1416 1542 1541 1417 1418 1543 1417 1543 1542 1418 1419 1544 1418 1544 1543 1419 1420 1545 1419 1545 1544 1420 1421 1546 1420 1546 1545 1421 1422 1547 1421 1547 1546 1422 1423 1548 1422 1548 1547 1423 1424 1549 1423 1549 1548 1424 1425 1550 1424 1550 1549 1425 1426 1551 1425 1551 1550 1426 1427 1552 1426 1552 1551 1427 1428 1553 1427 1553 1552 1428 1429 1554 1428 1554 1553 1429 1430 1555 1429 1555 1554 1430 1431 1556 1430 1556 1555 1431 1432 1557 1431 1557 1556 1432 1433 1558 1432 1558 1557 1433 1434 1559 1433 1559 1558 1434 1435 1560 1434 1560 1559 1435 1436 1561 1435 1561 1560 1436 1437 1562 1436 1562 1561 1437 1438 1563 1437 1563 1562 1438 1439 1564 1438 1564 1563 1439 1440 1565 1439 1565 1564 1440 1441 1566 1440 1566 1565 1441 1442 1567 1441 1567 1566 1442 1443 1568 1442 1568 1567 1443 1444 1569 1443 1569 1568 1444 1445 1570 1444 1570 1569 1445 1446 1571 1445 1571 1570 1446 1447 1572 1446 1572 1571 1447 1448 1573 1447 1573 1572 1448 1449 1574 1448 1574 1573 1449 1450 1575 1449 1575 1574 1450 1451 1576 1450 1576 1575 1451 1452 1577 1451 1577 1576 1452 1453 1578 1452 1578 1577 1453 1454 1579 1453 1579 1578 1454 1455 1580 1454 1580 1579 1455 1456 1581 1455 1581 1580 1456 1457 1582 1456 1582 1581 1457 1458 1583 1457 1583 1582 1458 1459 1584 1458 1584 1583 1459 1460 1585 1459 1585 1584 1460 1461 1586 1460 1586 1585 1461 1462 1587 1461 1587 1586 1462 1463 1588 1462 1588 1587 1463 1464 1589 1463 1589 1588 1464 1465 1590 1464 1590 1589 1465 1466 1591 1465 1591 1590 1466 1467 1592 1466 1592 1591 1467 1468 1593 1467 1593 1592 1468 1469 1594 1468 1594 1593 1469 1470 1595 1469 1595 1594 1470 1471 1596 1470 1596 1595 1471 1472 1597 1471 1597 1596 1472 1473 1598 1472 1598 1597 1473 1474 1599 1473 1599 1598 1474 1475 1600 1474 1600 1599 1475 1476 1601 1475 1601 1600 1476 1477 1602 1476 1602 1601 1477 1478 1603 1477 1603 1602 1478 1479 1604 1478 1604 1603 1479 1480 1605 1479 1605 1604 1480 1481 1606 1480 1606 1605 1481 1482 1607 1481 1607 1606 1482 1483 1608 1482 1608 1607 1483 1484 1609 1483 1609 1608 1484 1485 1610 1484 1610 1609 1485 1486 1611 1485 1611 1610 1486 1487 1612 1486 1612 1611 1487 1488 1613 1487 1613 1612 1488 1489 1614 1488 1614 1613 1489 1490 1615 1489 1615 1614 1492 1491 1616 1492 1616 1617 1491 1493 1618 1491 1618 1616 1493 1494 1619 1493 1619 1618 1494 1495 1620 1494 1620 1619 1495 1496 1621 1495 1621 1620 1496 1497 1622 1496 1622 1621 1497 1498 1623 1497 1623 1622 1498 1499 1624 1498 1624 1623 1499 1500 1625 1499 1625 1624 1500 1501 1626 1500 1626 1625 1501 1502 1627 1501 1627 1626 1502 1503 1628 1502 1628 1627 1503 1504 1629 1503 1629 1628 1504 1505 1630 1504 1630 1629 1505 1506 1631 1505 1631 1630 1506 1507 1632 1506 1632 1631 1507 1508 1633 1507 1633 1632 1508 1509 1634 1508 1634 1633 1509 1510 1635 1509 1635 1634 1510 1511 1636 1510 1636 1635 1511 1512 1637 1511 1637 1636 1512 1514 1638 1512 1638 1637 1514 1516 1639 1514 1639 1638 1516 1640 1641 1516 1641 1639 1640 1642 1643 1640 1643 1641 1519 1520 1644 1519 1644 1645 1520 1521 1646 1520 1646 1644 1521 1522 1647 1521 1647 1646 1522 1523 1648 1522 1648 1647 1523 1524 1649 1523 1649 1648 1524 1525 1650 1524 1650 1649 1525 1526 1651 1525 1651 1650 1526 1527 1652 1526 1652 1651 1527 1528 1653 1527 1653 1652 1528 1529 1654 1528 1654 1653 1529 1530 1655 1529 1655 1654 1530 1531 1656 1530 1656 1655 1531 1532 1657 1531 1657 1656 1532 1533 1658 1532 1658 1657 1533 1534 1659 1533 1659 1658 1534 1535 1660 1534 1660 1659 1535 1536 1661 1535 1661 1660 1536 1537 1662 1536 1662 1661 1537 1538 1663 1537 1663 1662 1538 1539 1664 1538 1664 1663 1539 1540 1665 1539 1665 1664 1540 1541 1666 1540 1666 1665 1541 1542 1667 1541 1667 1666 1542 1543 1668 1542 1668 1667 1543 1544 1669 1543 1669 1668 1544 1545 1670 1544 1670 1669 1545 1546 1671 1545 1671 1670 1546 1547 1672 1546 1672 1671 1547 1548 1673 1547 1673 1672 1548 1549 1674 1548 1674 1673 1549 1550 1675 1549 1675 1674 1550 1551 1676 1550 1676 1675 1551 1552 1677 1551 1677 1676 1552 1553 1678 1552 1678 1677 1553 1554 1679 1553 1679 1678 1554 1555 1680 1554 1680 1679 1555 1556 1681 1555 1681 1680 1556 1557 1682 1556 1682 1681 1557 1558 1683 1557 1683 1682 1558 1559 1684 1558 1684 1683 1559 1560 1685 1559 1685 1684 1560 1561 1686 1560 1686 1685 1561 1562 1687 1561 1687 1686 1562 1563 1688 1562 1688 1687 1563 1564 1689 1563 1689 1688 1564 1565 1690 1564 1690 1689 1565 1566 1691 1565 1691 1690 1566 1567 1692 1566 1692 1691 1567 1568 1693 1567 1693 1692 1568 1569 1694 1568 1694 1693 1569 1570 1695 1569 1695 1694 1570 1571 1696 1570 1696 1695 1571 1572 1697 1571 1697 1696 1572 1573 1698 1572 1698 1697 1573 1574 1699 1573 1699 1698 1574 1575 1700 1574 1700 1699 1575 1576 1701 1575 1701 1700 1576 1577 1702 1576 1702 1701 1577 1578 1703 1577 1703 1702 1578 1579 1704 1578 1704 1703 1579 1580 1705 1579 1705 1704 1580 1581 1706 1580 1706 1705 1581 1582 1707 1581 1707 1706 1582 1583 1708 1582 1708 1707 1583 1584 1709 1583 1709 1708 1584 1585 1710 1584 1710 1709 1585 1586 1711 1585 1711 1710 1586 1587 1712 1586 1712 1711 1587 1588 1713 1587 1713 1712 1588 1589 1714 1588 1714 1713 1589 1590 1715 1589 1715 1714 1590 1591 1716 1590 1716 1715 1591 1592 1717 1591 1717 1716 1592 1593 1718 1592 1718 1717 1593 1594 1719 1593 1719 1718 1594 1595 1720 1594 1720 1719 1595 1596 1721 1595 1721 1720 1596 1597 1722 1596 1722 1721 1597 1598 1723 1597 1723 1722 1598 1599 1724 1598 1724 1723 1599 1600 1725 1599 1725 1724 1600 1601 1726 1600 1726 1725 1601 1602 1727 1601 1727 1726 1602 1603 1728 1602 1728 1727 1603 1604 1729 1603 1729 1728 1604 1605 1730 1604 1730 1729 1605 1606 1731 1605 1731 1730 1606 1607 1732 1606 1732 1731 1607 1608 1733 1607 1733 1732 1608 1609 1734 1608 1734 1733 1609 1610 1735 1609 1735 1734 1610 1611 1736 1610 1736 1735 1611 1612 1737 1611 1737 1736 1612 1613 1738 1612 1738 1737 1613 1614 1739 1613 1739 1738 1614 1615 1740 1614 1740 1739 1617 1616 1741 1617 1741 1742 1616 1618 1743 1616 1743 1741 1618 1619 1744 1618 1744 1743 1619 1620 1745 1619 1745 1744 1620 1621 1746 1620 1746 1745 1621 1622 1747 1621 1747 1746 1622 1623 1748 1622 1748 1747 1623 1624 1749 1623 1749 1748 1624 1625 1750 1624 1750 1749 1625 1626 1751 1625 1751 1750 1626 1627 1752 1626 1752 1751 1627 1628 1753 1627 1753 1752 1628 1629 1754 1628 1754 1753 1629 1630 1755 1629 1755 1754 1630 1631 1756 1630 1756 1755 1631 1632 1757 1631 1757 1756 1632 1633 1758 1632 1758 1757 1633 1634 1759 1633 1759 1758 1634 1635 1760 1634 1760 1759 1635 1636 1761 1635 1761 1760 1636 1637 1762 1636 1762 1761 1637 1638 1763 1637 1763 1762 1638 1639 1764 1638 1764 1763 1639 1641 1765 1639 1765 1764 1641 1643 1766 1641 1766 1765 1643 1767 1768 1643 1768 1766 1767 1769 1770 1767 1770 1768 1646 1647 1771 1646 1771 1772 1647 1648 1773 1647 1773 1771 1648 1649 1774 1648 1774 1773 1649 1650 1775 1649 1775 1774 1650 1651 1776 1650 1776 1775 1651 1652 1777 1651 1777 1776 1652 1653 1778 1652 1778 1777 1653 1654 1779 1653 1779 1778 1654 1655 1780 1654 1780 1779 1655 1656 1781 1655 1781 1780 1656 1657 1782 1656 1782 1781 1657 1658 1783 1657 1783 1782 1658 1659 1784 1658 1784 1783 1659 1660 1785 1659 1785 1784 1660 1661 1786 1660 1786 1785 1661 1662 1787 1661 1787 1786 1662 1663 1788 1662 1788 1787 1663 1664 1789 1663 1789 1788 1664 1665 1790 1664 1790 1789 1665 1666 1791 1665 1791 1790 1666 1667 1792 1666 1792 1791 1667 1668 1793 1667 1793 1792 1668 1669 1794 1668 1794 1793 1669 1670 1795 1669 1795 1794 1670 1671 1796 1670 1796 1795 1671 1672 1797 1671 1797 1796 1672 1673 1798 1672 1798 1797 1673 1674 1799 1673 1799 1798 1674 1675 1800 1674 1800 1799 1675 1676 1801 1675 1801 1800 1676 1677 1802 1676 1802 1801 1677 1678 1803 1677 1803 1802 1678 1679 1804 1678 1804 1803 1679 1680 1805 1679 1805 1804 1680 1681 1806 1680 1806 1805 1681 1682 1807 1681 1807 1806 1682 1683 1808 1682 1808 1807 1683 1684 1809 1683 1809 1808 1684 1685 1810 1684 1810 1809 1685 1686 1811 1685 1811 1810 1686 1687 1812 1686 1812 1811 1687 1688 1813 1687 1813 1812 1688 1689 1814 1688 1814 1813 1689 1690 1815 1689 1815 1814 1690 1691 1816 1690 1816 1815 1691 1692 1817 1691 1817 1816 1692 1693 1818 1692 1818 1817 1693 1694 1819 1693 1819 1818 1694 1695 1820 1694 1820 1819 1695 1696 1821 1695 1821 1820 1696 1697 1822 1696 1822 1821 1697 1698 1823 1697 1823 1822 1698 1699 1824 1698 1824 1823 1699 1700 1825 1699 1825 1824 1700 1701 1826 1700 1826 1825 1701 1702 1827 1701 1827 1826 1702 1703 1828 1702 1828 1827 1703 1704 1829 1703 1829 1828 1704 1705 1830 1704 1830 1829 1705 1706 1831 1705 1831 1830 1706 1707 1832 1706 1832 1831 1707 1708 1833 1707 1833 1832 1708 1709 1834 1708 1834 1833 1709 1710 1835 1709 1835 1834 1710 1711 1836 1710 1836 1835 1711 1712 1837 1711 1837 1836 1712 1713 1838 1712 1838 1837 1713 1714 1839 1713 1839 1838 1714 1715 1840 1714 1840 1839 1715 1716 1841 1715 1841 1840 1716 1717 1842 1716 1842 1841 1717 1718 1843 1717 1843 1842 1718 1719 1844 1718 1844 1843 1719 1720 1845 1719 1845 1844 1720 1721 1846 1720 1846 1845 1721 1722 1847 1721 1847 1846 1722 1723 1848 1722 1848 1847 1723 1724 1849 1723 1849 1848 1724 1725 1850 1724 1850 1849 1725 1726 1851 1725 1851 1850 1726 1727 1852 1726 1852 1851 1727 1728 1853 1727 1853 1852 1728 1729 1854 1728 1854 1853 1729 1730 1855 1729 1855 1854 1730 1731 1856 1730 1856 1855 1731 1732 1857 1731 1857 1856 1732 1733 1858 1732 1858 1857 1733 1734 1859 1733 1859 1858 1734 1735 1860 1734 1860 1859 1735 1736 1861 1735 1861 1860 1736 1737 1862 1736 1862 1861 1737 1738 1863 1737 1863 1862 1738 1739 1864 1738 1864 1863 1739 1740 1865 1739 1865 1864 1742 1741 1866 1742 1866 1867 1741 1743 1868 1741 1868 1866 1743 1744 1869 1743 1869 1868 1744 1745 1870 1744 1870 1869 1745 1746 1871 1745 1871 1870 1746 1747 1872 1746 1872 1871 1747 1748 1873 1747 1873 1872 1748 1749 1874 1748 1874 1873 1749 1750 1875 1749 1875 1874 1750 1751 1876 1750 1876 1875 1751 1752 1877 1751 1877 1876 1752 1753 1878 1752 1878 1877 1753 1754 1879 1753 1879 1878 1754 1755 1880 1754 1880 1879 1755 1756 1881 1755 1881 1880 1756 1757 1882 1756 1882 1881 1757 1758 1883 1757 1883 1882 1758 1759 1884 1758 1884 1883 1759 1760 1885 1759 1885 1884 1760 1761 1886 1760 1886 1885 1761 1762 1887 1761 1887 1886 1762 1763 1888 1762 1888 1887 1763 1764 1889 1763 1889 1888 1764 1765 1890 1764 1890 1889 1765 1766 1891 1765 1891 1890 1766 1768 1892 1766 1892 1891 1768 1770 1893 1768 1893 1892 1770 1894 1895 1770 1895 1893 1894 1896 1897 1894 1897 1895 1773 1774 1898 1773 1898 1899 1774 1775 1900 1774 1900 1898 1775 1776 1901 1775 1901 1900 1776 1777 1902 1776 1902 1901 1777 1778 1903 1777 1903 1902 1778 1779 1904 1778 1904 1903 1779 1780 1905 1779 1905 1904 1780 1781 1906 1780 1906 1905 1781 1782 1907 1781 1907 1906 1782 1783 1908 1782 1908 1907 1783 1784 1909 1783 1909 1908 1784 1785 1910 1784 1910 1909 1785 1786 1911 1785 1911 1910 1786 1787 1912 1786 1912 1911 1787 1788 1913 1787 1913 1912 1788 1789 1914 1788 1914 1913 1789 1790 1915 1789 1915 1914 1790 1791 1916 1790 1916 1915 1791 1792 1917 1791 1917 1916 1792 1793 1918 1792 1918 1917 1793 1794 1919 1793 1919 1918 1794 1795 1920 1794 1920 1919 1795 1796 1921 1795 1921 1920 1796 1797 1922 1796 1922 1921 1797 1798 1923 1797 1923 1922 1798 1799 1924 1798 1924 1923 1799 1800 1925 1799 1925 1924 1800 1801 1926 1800 1926 1925 1801 1802 1927 1801 1927 1926 1802 1803 1928 1802 1928 1927 1803 1804 1929 1803 1929 1928 1804 1805 1930 1804 1930 1929 1805 1806 1931 1805 1931 1930 1806 1807 1932 1806 1932 1931 1807 1808 1933 1807 1933 1932 1808 1809 1934 1808 1934 1933 1809 1810 1935 1809 1935 1934 1810 1811 1936 1810 1936 1935 1811 1812 1937 1811 1937 1936 1812 1813 1938 1812 1938 1937 1813 1814 1939 1813 1939 1938 1814 1815 1940 1814 1940 1939 1815 1816 1941 1815 1941 1940 1816 1817 1942 1816 1942 1941 1817 1818 1943 1817 1943 1942 1818 1819 1944 1818 1944 1943 1819 1820 1945 1819 1945 1944 1820 1821 1946 1820 1946 1945 1821 1822 1947 1821 1947 1946 1822 1823 1948 1822 1948 1947 1823 1824 1949 1823 1949 1948 1824 1825 1950 1824 1950 1949 1825 1826 1951 1825 1951 1950 1826 1827 1952 1826 1952 1951 1827 1828 1953 1827 1953 1952 1828 1829 1954 1828 1954 1953 1829 1830 1955 1829 1955 1954 1830 1831 1956 1830 1956 1955 1831 1832 1957 1831 1957 1956 1832 1833 1958 1832 1958 1957 1833 1834 1959 1833 1959 1958 1834 1835 1960 1834 1960 1959 1835 1836 1961 1835 1961 1960 1836 1837 1962 1836 1962 1961 1837 1838 1963 1837 1963 1962 1838 1839 1964 1838 1964 1963 1839 1840 1965 1839 1965 1964 1840 1841 1966 1840 1966 1965 1841 1842 1967 1841 1967 1966 1842 1843 1968 1842 1968 1967 1843 1844 1969 1843 1969 1968 1844 1845 1970 1844 1970 1969 1845 1846 1971 1845 1971 1970 1846 1847 1972 1846 1972 1971 1847 1848 1973 1847 1973 1972 1848 1849 1974 1848 1974 1973 1849 1850 1975 1849 1975 1974 1850 1851 1976 1850 1976 1975 1851 1852 1977 1851 1977 1976 1852 1853 1978 1852 1978 1977 1853 1854 1979 1853 1979 1978 1854 1855 1980 1854 1980 1979 1855 1856 1981 1855 1981 1980 1856 1857 1982 1856 1982 1981 1857 1858 1983 1857 1983 1982 1858 1859 1984 1858 1984 1983 1859 1860 1985 1859 1985 1984 1860 1861 1986 1860 1986 1985 1861 1862 1987 1861 1987 1986 1862 1863 1988 1862 1988 1987 1863 1864 1989 1863 1989 1988 1864 1865 1990 1864 1990 1989 1867 1866 1991 1867 1991 1992 1866 1868 1993 1866 1993 1991 1868 1869 1994 1868 1994 1993 1869 1870 1995 1869 1995 1994 1870 1871 1996 1870 1996 1995 1871 1872 1997 1871 1997 1996 1872 1873 1998 1872 1998 1997 1873 1874 1999 1873 1999 1998 1874 1875 2000 1874 2000 1999 1875 1876 2001 1875 2001 2000 1876 1877 2002 1876 2002 2001 1877 1878 2003 1877 2003 2002 1878 1879 2004 1878 2004 2003 1879 1880 2005 1879 2005 2004 1880 1881 2006 1880 2006 2005 1881 1882 2007 1881 2007 2006 1882 1883 2008 1882 2008 2007 1883 1884 2009 1883 2009 2008 1884 1885 2010 1884 2010 2009 1885 1886 2011 1885 2011 2010 1886 1887 2012 1886 2012 2011 1887 1888 2013 1887 2013 2012 1888 1889 2014 1888 2014 2013 1889 1890 2015 1889 2015 2014 1890 1891 2016 1890 2016 2015 1891 1892 2017 1891 2017 2016 1892 1893 2018 1892 2018 2017 1893 1895 2019 1893 2019 2018 1895 1897 2020 1895 2020 2019 1897 2021 2022 1897 2022 2020 1900 1901 2023 1900 2023 2024 1901 1902 2025 1901 2025 2023 1902 1903 2026 1902 2026 2025 1903 1904 2027 1903 2027 2026 1904 1905 2028 1904 2028 2027 1905 1906 2029 1905 2029 2028 1906 1907 2030 1906 2030 2029 1907 1908 2031 1907 2031 2030 1908 1909 2032 1908 2032 2031 1909 1910 2033 1909 2033 2032 1910 1911 2034 1910 2034 2033 1911 1912 2035 1911 2035 2034 1912 1913 2036 1912 2036 2035 1913 1914 2037 1913 2037 2036 1914 1915 2038 1914 2038 2037 1915 1916 2039 1915 2039 2038 1916 1917 2040 1916 2040 2039 1917 1918 2041 1917 2041 2040 1918 1919 2042 1918 2042 2041 1919 1920 2043 1919 2043 2042 1920 1921 2044 1920 2044 2043 1921 1922 2045 1921 2045 2044 1922 1923 2046 1922 2046 2045 1923 1924 2047 1923 2047 2046 1924 1925 2048 1924 2048 2047 1925 1926 2049 1925 2049 2048 1926 1927 2050 1926 2050 2049 1927 1928 2051 1927 2051 2050 1928 1929 2052 1928 2052 2051 1929 1930 2053 1929 2053 2052 1930 1931 2054 1930 2054 2053 1931 1932 2055 1931 2055 2054 1932 1933 2056 1932 2056 2055 1933 1934 2057 1933 2057 2056 1934 1935 2058 1934 2058 2057 1935 1936 2059 1935 2059 2058 1936 1937 2060 1936 2060 2059 1937 1938 2061 1937 2061 2060 1938 1939 2062 1938 2062 2061 1939 1940 2063 1939 2063 2062 1940 1941 2064 1940 2064 2063 1941 1942 2065 1941 2065 2064 1942 1943 2066 1942 2066 2065 1943 1944 2067 1943 2067 2066 1944 1945 2068 1944 2068 2067 1945 1946 2069 1945 2069 2068 1946 1947 2070 1946 2070 2069 1947 1948 2071 1947 2071 2070 1948 1949 2072 1948 2072 2071 1949 1950 2073 1949 2073 2072 1950 1951 2074 1950 2074 2073 1951 1952 2075 1951 2075 2074 1952 1953 2076 1952 2076 2075 1953 1954 2077 1953 2077 2076 1954 1955 2078 1954 2078 2077 1955 1956 2079 1955 2079 2078 1956 1957 2080 1956 2080 2079 1957 1958 2081 1957 2081 2080 1958 1959 2082 1958 2082 2081 1959 1960 2083 1959 2083 2082 1960 1961 2084 1960 2084 2083 1961 1962 2085 1961 2085 2084 1962 1963 2086 1962 2086 2085 1963 1964 2087 1963 2087 2086 1964 1965 2088 1964 2088 2087 1965 1966 2089 1965 2089 2088 1966 1967 2090 1966 2090 2089 1967 1968 2091 1967 2091 2090 1968 1969 2092 1968 2092 2091 1969 1970 2093 1969 2093 2092 1970 1971 2094 1970 2094 2093 1971 1972 2095 1971 2095 2094 1972 1973 2096 1972 2096 2095 1973 1974 2097 1973 2097 2096 1974 1975 2098 1974 2098 2097 1975 1976 2099 1975 2099 2098 1976 1977 2100 1976 2100 2099 1977 1978 2101 1977 2101 2100 1978 1979 2102 1978 2102 2101 1979 1980 2103 1979 2103 2102 1980 1981 2104 1980 2104 2103 1981 1982 2105 1981 2105 2104 1982 1983 2106 1982 2106 2105 1983 1984 2107 1983 2107 2106 1984 1985 2108 1984 2108 2107 1985 1986 2109 1985 2109 2108 1986 1987 2110 1986 2110 2109 1987 1988 2111 1987 2111 2110 1988 1989 2112 1988 2112 2111 1989 1990 2113 1989 2113 2112 1992 1991 2114 1992 2114 2115 1991 1993 2116 1991 2116 2114 1993 1994 2117 1993 2117 2116 1994 1995 2118 1994 2118 2117 1995 1996 2119 1995 2119 2118 1996 1997 2120 1996 2120 2119 1997 1998 2121 1997 2121 2120 1998 1999 2122 1998 2122 2121 1999 2000 2123 1999 2123 2122 2000 2001 2124 2000 2124 2123 2001 2002 2125 2001 2125 2124 2002 2003 2126 2002 2126 2125 2003 2004 2127 2003 2127 2126 2004 2005 2128 2004 2128 2127 2005 2006 2129 2005 2129 2128 2006 2007 2130 2006 2130 2129 2007 2008 2131 2007 2131 2130 2008 2009 2132 2008 2132 2131 2009 2010 2133 2009 2133 2132 2010 2011 2134 2010 2134 2133 2011 2012 2135 2011 2135 2134 2012 2013 2136 2012 2136 2135 2013 2014 2137 2013 2137 2136 2014 2015 2138 2014 2138 2137 2015 2016 2139 2015 2139 2138 2016 2017 2140 2016 2140 2139 2017 2018 2141 2017 2141 2140 2018 2019 2142 2018 2142 2141 2019 2020 2143 2019 2143 2142 2020 2022 2144 2020 2144 2143 2022 2145 2146 2022 2146 2144 2145 2147 2148 2145 2148 2146 2023 2025 2149 2023 2149 2150 2025 2026 2151 2025 2151 2149 2026 2027 2152 2026 2152 2151 2027 2028 2153 2027 2153 2152 2028 2029 2154 2028 2154 2153 2029 2030 2155 2029 2155 2154 2030 2031 2156 2030 2156 2155 2031 2032 2157 2031 2157 2156 2032 2033 2158 2032 2158 2157 2033 2034 2159 2033 2159 2158 2034 2035 2160 2034 2160 2159 2035 2036 2161 2035 2161 2160 2036 2037 2162 2036 2162 2161 2037 2038 2163 2037 2163 2162 2038 2039 2164 2038 2164 2163 2039 2040 2165 2039 2165 2164 2040 2041 2166 2040 2166 2165 2041 2042 2167 2041 2167 2166 2042 2043 2168 2042 2168 2167 2043 2044 2169 2043 2169 2168 2044 2045 2170 2044 2170 2169 2045 2046 2171 2045 2171 2170 2046 2047 2172 2046 2172 2171 2047 2048 2173 2047 2173 2172 2048 2049 2174 2048 2174 2173 2049 2050 2175 2049 2175 2174 2050 2051 2176 2050 2176 2175 2051 2052 2177 2051 2177 2176 2052 2053 2178 2052 2178 2177 2053 2054 2179 2053 2179 2178 2054 2055 2180 2054 2180 2179 2055 2056 2181 2055 2181 2180 2056 2057 2182 2056 2182 2181 2057 2058 2183 2057 2183 2182 2058 2059 2184 2058 2184 2183 2059 2060 2185 2059 2185 2184 2060 2061 2186 2060 2186 2185 2061 2062 2187 2061 2187 2186 2062 2063 2188 2062 2188 2187 2063 2064 2189 2063 2189 2188 2064 2065 2190 2064 2190 2189 2065 2066 2191 2065 2191 2190 2066 2067 2192 2066 2192 2191 2067 2068 2193 2067 2193 2192 2068 2069 2194 2068 2194 2193 2069 2070 2195 2069 2195 2194 2070 2071 2196 2070 2196 2195 2071 2072 2197 2071 2197 2196 2072 2073 2198 2072 2198 2197 2073 2074 2199 2073 2199 2198 2074 2075 2200 2074 2200 2199 2075 2076 2201 2075 2201 2200 2076 2077 2202 2076 2202 2201 2077 2078 2203 2077 2203 2202 2078 2079 2204 2078 2204 2203 2079 2080 2205 2079 2205 2204 2080 2081 2206 2080 2206 2205 2081 2082 2207 2081 2207 2206 2082 2083 2208 2082 2208 2207 2083 2084 2209 2083 2209 2208 2084 2085 2210 2084 2210 2209 2085 2086 2211 2085 2211 2210 2086 2087 2212 2086 2212 2211 2087 2088 2213 2087 2213 2212 2088 2089 2214 2088 2214 2213 2089 2090 2215 2089 2215 2214 2090 2091 2216 2090 2216 2215 2091 2092 2217 2091 2217 2216 2092 2093 2218 2092 2218 2217 2093 2094 2219 2093 2219 2218 2094 2095 2220 2094 2220 2219 2095 2096 2221 2095 2221 2220 2096 2097 2222 2096 2222 2221 2097 2098 2223 2097 2223 2222 2098 2099 2224 2098 2224 2223 2099 2100 2225 2099 2225 2224 2100 2101 2226 2100 2226 2225 2101 2102 2227 2101 2227 2226 2102 2103 2228 2102 2228 2227 2103 2104 2229 2103 2229 2228 2104 2105 2230 2104 2230 2229 2105 2106 2231 2105 2231 2230 2106 2107 2232 2106 2232 2231 2107 2108 2233 2107 2233 2232 2108 2109 2234 2108 2234 2233 2109 2110 2235 2109 2235 2234 2110 2111 2236 2110 2236 2235 2111 2112 2237 2111 2237 2236 2112 2113 2238 2112 2238 2237 2115 2114 2239 2115 2239 2240 2114 2116 2241 2114 2241 2239 2116 2117 2242 2116 2242 2241 2117 2118 2243 2117 2243 2242 2118 2119 2244 2118 2244 2243 2119 2120 2245 2119 2245 2244 2120 2121 2246 2120 2246 2245 2121 2122 2247 2121 2247 2246 2122 2123 2248 2122 2248 2247 2123 2124 2249 2123 2249 2248 2124 2125 2250 2124 2250 2249 2125 2126 2251 2125 2251 2250 2126 2127 2252 2126 2252 2251 2127 2128 2253 2127 2253 2252 2128 2129 2254 2128 2254 2253 2129 2130 2255 2129 2255 2254 2130 2131 2256 2130 2256 2255 2131 2132 2257 2131 2257 2256 2132 2133 2258 2132 2258 2257 2133 2134 2259 2133 2259 2258 2134 2135 2260 2134 2260 2259 2135 2136 2261 2135 2261 2260 2136 2137 2262 2136 2262 2261 2137 2138 2263 2137 2263 2262 2138 2139 2264 2138 2264 2263 2139 2140 2265 2139 2265 2264 2140 2141 2266 2140 2266 2265 2141 2142 2267 2141 2267 2266 2142 2143 2268 2142 2268 2267 2143 2144 2269 2143 2269 2268 2144 2146 2270 2144 2270 2269 2146 2148 2271 2146 2271 2270 2148 2272 2273 2148 2273 2271 2272 2274 2275 2272 2275 2273 2151 2152 2276 2151 2276 2277 2152 2153 2278 2152 2278 2276 2153 2154 2279 2153 2279 2278 2154 2155 2280 2154 2280 2279 2155 2156 2281 2155 2281 2280 2156 2157 2282 2156 2282 2281 2157 2158 2283 2157 2283 2282 2158 2159 2284 2158 2284 2283 2159 2160 2285 2159 2285 2284 2160 2161 2286 2160 2286 2285 2161 2162 2287 2161 2287 2286 2162 2163 2288 2162 2288 2287 2163 2164 2289 2163 2289 2288 2164 2165 2290 2164 2290 2289 2165 2166 2291 2165 2291 2290 2166 2167 2292 2166 2292 2291 2167 2168 2293 2167 2293 2292 2168 2169 2294 2168 2294 2293 2169 2170 2295 2169 2295 2294 2170 2171 2296 2170 2296 2295 2171 2172 2297 2171 2297 2296 2172 2173 2298 2172 2298 2297 2173 2174 2299 2173 2299 2298 2174 2175 2300 2174 2300 2299 2175 2176 2301 2175 2301 2300 2176 2177 2302 2176 2302 2301 2177 2178 2303 2177 2303 2302 2178 2179 2304 2178 2304 2303 2179 2180 2305 2179 2305 2304 2180 2181 2306 2180 2306 2305 2181 2182 2307 2181 2307 2306 2182 2183 2308 2182 2308 2307 2183 2184 2309 2183 2309 2308 2184 2185 2310 2184 2310 2309 2185 2186 2311 2185 2311 2310 2186 2187 2312 2186 2312 2311 2187 2188 2313 2187 2313 2312 2188 2189 2314 2188 2314 2313 2189 2190 2315 2189 2315 2314 2190 2191 2316 2190 2316 2315 2191 2192 2317 2191 2317 2316 2192 2193 2318 2192 2318 2317 2193 2194 2319 2193 2319 2318 2194 2195 2320 2194 2320 2319 2195 2196 2321 2195 2321 2320 2196 2197 2322 2196 2322 2321 2197 2198 2323 2197 2323 2322 2198 2199 2324 2198 2324 2323 2199 2200 2325 2199 2325 2324 2200 2201 2326 2200 2326 2325 2201 2202 2327 2201 2327 2326 2202 2203 2328 2202 2328 2327 2203 2204 2329 2203 2329 2328 2204 2205 2330 2204 2330 2329 2205 2206 2331 2205 2331 2330 2206 2207 2332 2206 2332 2331 2207 2208 2333 2207 2333 2332 2208 2209 2334 2208 2334 2333 2209 2210 2335 2209 2335 2334 2210 2211 2336 2210 2336 2335 2211 2212 2337 2211 2337 2336 2212 2213 2338 2212 2338 2337 2213 2214 2339 2213 2339 2338 2214 2215 2340 2214 2340 2339 2215 2216 2341 2215 2341 2340 2216 2217 2342 2216 2342 2341 2217 2218 2343 2217 2343 2342 2218 2219 2344 2218 2344 2343 2219 2220 2345 2219 2345 2344 2220 2221 2346 2220 2346 2345 2221 2222 2347 2221 2347 2346 2222 2223 2348 2222 2348 2347 2223 2224 2349 2223 2349 2348 2224 2225 2350 2224 2350 2349 2225 2226 2351 2225 2351 2350 2226 2227 2352 2226 2352 2351 2227 2228 2353 2227 2353 2352 2228 2229 2354 2228 2354 2353 2229 2230 2355 2229 2355 2354 2230 2231 2356 2230 2356 2355 2231 2232 2357 2231 2357 2356 2232 2233 2358 2232 2358 2357 2233 2234 2359 2233 2359 2358 2234 2235 2360 2234 2360 2359 2235 2236 2361 2235 2361 2360 2236 2237 2362 2236 2362 2361 2237 2238 2363 2237 2363 2362 2240 2239 2364 2240 2364 2365 2239 2241 2366 2239 2366 2364 2241 2242 2367 2241 2367 2366 2242 2243 2368 2242 2368 2367 2243 2244 2369 2243 2369 2368 2244 2245 2370 2244 2370 2369 2245 2246 2371 2245 2371 2370 2246 2247 2372 2246 2372 2371 2247 2248 2373 2247 2373 2372 2248 2249 2374 2248 2374 2373 2249 2250 2375 2249 2375 2374 2250 2251 2376 2250 2376 2375 2251 2252 2377 2251 2377 2376 2252 2253 2378 2252 2378 2377 2253 2254 2379 2253 2379 2378 2254 2255 2380 2254 2380 2379 2255 2256 2381 2255 2381 2380 2256 2257 2382 2256 2382 2381 2257 2258 2383 2257 2383 2382 2258 2259 2384 2258 2384 2383 2259 2260 2385 2259 2385 2384 2260 2261 2386 2260 2386 2385 2261 2262 2387 2261 2387 2386 2262 2263 2388 2262 2388 2387 2263 2264 2389 2263 2389 2388 2264 2265 2390 2264 2390 2389 2265 2266 2391 2265 2391 2390 2266 2267 2392 2266 2392 2391 2267 2268 2393 2267 2393 2392 2268 2269 2394 2268 2394 2393 2269 2270 2395 2269 2395 2394 2270 2271 2396 2270 2396 2395 2271 2273 2397 2271 2397 2396 2273 2275 2398 2273 2398 2397 2275 2399 2400 2275 2400 2398 2399 2401 2402 2399 2402 2400 2278 2279 2403 2278 2403 2404 2279 2280 2405 2279 2405 2403 2280 2281 2406 2280 2406 2405 2281 2282 2407 2281 2407 2406 2282 2283 2408 2282 2408 2407 2283 2284 2409 2283 2409 2408 2284 2285 2410 2284 2410 2409 2285 2286 2411 2285 2411 2410 2286 2287 2412 2286 2412 2411 2287 2288 2413 2287 2413 2412 2288 2289 2414 2288 2414 2413 2289 2290 2415 2289 2415 2414 2290 2291 2416 2290 2416 2415 2291 2292 2417 2291 2417 2416 2292 2293 2418 2292 2418 2417 2293 2294 2419 2293 2419 2418 2294 2295 2420 2294 2420 2419 2295 2296 2421 2295 2421 2420 2296 2297 2422 2296 2422 2421 2297 2298 2423 2297 2423 2422 2298 2299 2424 2298 2424 2423 2299 2300 2425 2299 2425 2424 2300 2301 2426 2300 2426 2425 2301 2302 2427 2301 2427 2426 2302 2303 2428 2302 2428 2427 2303 2304 2429 2303 2429 2428 2304 2305 2430 2304 2430 2429 2305 2306 2431 2305 2431 2430 2306 2307 2432 2306 2432 2431 2307 2308 2433 2307 2433 2432 2308 2309 2434 2308 2434 2433 2309 2310 2435 2309 2435 2434 2310 2311 2436 2310 2436 2435 2311 2312 2437 2311 2437 2436 2312 2313 2438 2312 2438 2437 2313 2314 2439 2313 2439 2438 2314 2315 2440 2314 2440 2439 2315 2316 2441 2315 2441 2440 2316 2317 2442 2316 2442 2441 2317 2318 2443 2317 2443 2442 2318 2319 2444 2318 2444 2443 2319 2320 2445 2319 2445 2444 2320 2321 2446 2320 2446 2445 2321 2322 2447 2321 2447 2446 2322 2323 2448 2322 2448 2447 2323 2324 2449 2323 2449 2448 2324 2325 2450 2324 2450 2449 2325 2326 2451 2325 2451 2450 2326 2327 2452 2326 2452 2451 2327 2328 2453 2327 2453 2452 2328 2329 2454 2328 2454 2453 2329 2330 2455 2329 2455 2454 2330 2331 2456 2330 2456 2455 2331 2332 2457 2331 2457 2456 2332 2333 2458 2332 2458 2457 2333 2334 2459 2333 2459 2458 2334 2335 2460 2334 2460 2459 2335 2336 2461 2335 2461 2460 2336 2337 2462 2336 2462 2461 2337 2338 2463 2337 2463 2462 2338 2339 2464 2338 2464 2463 2339 2340 2465 2339 2465 2464 2340 2341 2466 2340 2466 2465 2341 2342 2467 2341 2467 2466 2342 2343 2468 2342 2468 2467 2343 2344 2469 2343 2469 2468 2344 2345 2470 2344 2470 2469 2345 2346 2471 2345 2471 2470 2346 2347 2472 2346 2472 2471 2347 2348 2473 2347 2473 2472 2348 2349 2474 2348 2474 2473 2349 2350 2475 2349 2475 2474 2350 2351 2476 2350 2476 2475 2351 2352 2477 2351 2477 2476 2352 2353 2478 2352 2478 2477 2353 2354 2479 2353 2479 2478 2354 2355 2480 2354 2480 2479 2355 2356 2481 2355 2481 2480 2356 2357 2482 2356 2482 2481 2357 2358 2483 2357 2483 2482 2358 2359 2484 2358 2484 2483 2359 2360 2485 2359 2485 2484 2360 2361 2486 2360 2486 2485 2361 2362 2487 2361 2487 2486 2362 2363 2488 2362 2488 2487 2365 2364 2489 2365 2489 2490 2364 2366 2491 2364 2491 2489 2366 2367 2492 2366 2492 2491 2367 2368 2493 2367 2493 2492 2368 2369 2494 2368 2494 2493 2369 2370 2495 2369 2495 2494 2370 2371 2496 2370 2496 2495 2371 2372 2497 2371 2497 2496 2372 2373 2498 2372 2498 2497 2373 2374 2499 2373 2499 2498 2374 2375 2500 2374 2500 2499 2375 2376 2501 2375 2501 2500 2376 2377 2502 2376 2502 2501 2377 2378 2503 2377 2503 2502 2378 2379 2504 2378 2504 2503 2379 2380 2505 2379 2505 2504 2380 2381 2506 2380 2506 2505 2381 2382 2507 2381 2507 2506 2382 2383 2508 2382 2508 2507 2383 2384 2509 2383 2509 2508 2384 2385 2510 2384 2510 2509 2385 2386 2511 2385 2511 2510 2386 2387 2512 2386 2512 2511 2387 2388 2513 2387 2513 2512 2388 2389 2514 2388 2514 2513 2389 2390 2515 2389 2515 2514 2390 2391 2516 2390 2516 2515 2391 2392 2517 2391 2517 2516 2392 2393 2518 2392 2518 2517 2393 2394 2519 2393 2519 2518 2394 2395 2520 2394 2520 2519 2395 2396 2521 2395 2521 2520 2396 2397 2522 2396 2522 2521 2397 2398 2523 2397 2523 2522 2398 2400 2524 2398 2524 2523 2400 2402 2525 2400 2525 2524 2402 2526 2527 2402 2527 2525 2526 2528 2529 2526 2529 2527 2405 2406 2530 2405 2530 2531 2406 2407 2532 2406 2532 2530 2407 2408 2533 2407 2533 2532 2408 2409 2534 2408 2534 2533 2409 2410 2535 2409 2535 2534 2410 2411 2536 2410 2536 2535 2411 2412 2537 2411 2537 2536 2412 2413 2538 2412 2538 2537 2413 2414 2539 2413 2539 2538 2414 2415 2540 2414 2540 2539 2415 2416 2541 2415 2541 2540 2416 2417 2542 2416 2542 2541 2417 2418 2543 2417 2543 2542 2418 2419 2544 2418 2544 2543 2419 2420 2545 2419 2545 2544 2420 2421 2546 2420 2546 2545 2421 2422 2547 2421 2547 2546 2422 2423 2548 2422 2548 2547 2423 2424 2549 2423 2549 2548 2424 2425 2550 2424 2550 2549 2425 2426 2551 2425 2551 2550 2426 2427 2552 2426 2552 2551 2427 2428 2553 2427 2553 2552 2428 2429 2554 2428 2554 2553 2429 2430 2555 2429 2555 2554 2430 2431 2556 2430 2556 2555 2431 2432 2557 2431 2557 2556 2432 2433 2558 2432 2558 2557 2433 2434 2559 2433 2559 2558 2434 2435 2560 2434 2560 2559 2435 2436 2561 2435 2561 2560 2436 2437 2562 2436 2562 2561 2437 2438 2563 2437 2563 2562 2438 2439 2564 2438 2564 2563 2439 2440 2565 2439 2565 2564 2440 2441 2566 2440 2566 2565 2441 2442 2567 2441 2567 2566 2442 2443 2568 2442 2568 2567 2443 2444 2569 2443 2569 2568 2444 2445 2570 2444 2570 2569 2445 2446 2571 2445 2571 2570 2446 2447 2572 2446 2572 2571 2447 2448 2573 2447 2573 2572 2448 2449 2574 2448 2574 2573 2449 2450 2575 2449 2575 2574 2450 2451 2576 2450 2576 2575 2451 2452 2577 2451 2577 2576 2452 2453 2578 2452 2578 2577 2453 2454 2579 2453 2579 2578 2454 2455 2580 2454 2580 2579 2455 2456 2581 2455 2581 2580 2456 2457 2582 2456 2582 2581 2457 2458 2583 2457 2583 2582 2458 2459 2584 2458 2584 2583 2459 2460 2585 2459 2585 2584 2460 2461 2586 2460 2586 2585 2461 2462 2587 2461 2587 2586 2462 2463 2588 2462 2588 2587 2463 2464 2589 2463 2589 2588 2464 2465 2590 2464 2590 2589 2465 2466 2591 2465 2591 2590 2466 2467 2592 2466 2592 2591 2467 2468 2593 2467 2593 2592 2468 2469 2594 2468 2594 2593 2469 2470 2595 2469 2595 2594 2470 2471 2596 2470 2596 2595 2471 2472 2597 2471 2597 2596 2472 2473 2598 2472 2598 2597 2473 2474 2599 2473 2599 2598 2474 2475 2600 2474 2600 2599 2475 2476 2601 2475 2601 2600 2476 2477 2602 2476 2602 2601 2477 2478 2603 2477 2603 2602 2478 2479 2604 2478 2604 2603 2479 2480 2605 2479 2605 2604 2480 2481 2606 2480 2606 2605 2481 2482 2607 2481 2607 2606 2482 2483 2608 2482 2608 2607 2483 2484 2609 2483 2609 2608 2484 2485 2610 2484 2610 2609 2485 2486 2611 2485 2611 2610 2486 2487 2612 2486 2612 2611 2487 2488 2613 2487 2613 2612 2490 2489 2614 2490 2614 2615 2489 2491 2616 2489 2616 2614 2491 2492 2617 2491 2617 2616 2492 2493 2618 2492 2618 2617 2493 2494 2619 2493 2619 2618 2494 2495 2620 2494 2620 2619 2495 2496 2621 2495 2621 2620 2496 2497 2622 2496 2622 2621 2497 2498 2623 2497 2623 2622 2498 2499 2624 2498 2624 2623 2499 2500 2625 2499 2625 2624 2500 2501 2626 2500 2626 2625 2501 2502 2627 2501 2627 2626 2502 2503 2628 2502 2628 2627 2503 2504 2629 2503 2629 2628 2504 2505 2630 2504 2630 2629 2505 2506 2631 2505 2631 2630 2506 2507 2632 2506 2632 2631 2507 2508 2633 2507 2633 2632 2508 2509 2634 2508 2634 2633 2509 2510 2635 2509 2635 2634 2510 2511 2636 2510 2636 2635 2511 2512 2637 2511 2637 2636 2512 2513 2638 2512 2638 2637 2513 2514 2639 2513 2639 2638 2514 2515 2640 2514 2640 2639 2515 2516 2641 2515 2641 2640 2516 2517 2642 2516 2642 2641 2517 2518 2643 2517 2643 2642 2518 2519 2644 2518 2644 2643 2519 2520 2645 2519 2645 2644 2520 2521 2646 2520 2646 2645 2521 2522 2647 2521 2647 2646 2522 2523 2648 2522 2648 2647 2523 2524 2649 2523 2649 2648 2524 2525 2650 2524 2650 2649 2525 2527 2651 2525 2651 2650 2527 2529 2652 2527 2652 2651 2529 2653 2654 2529 2654 2652 2532 2533 2655 2532 2655 2656 2533 2534 2657 2533 2657 2655 2534 2535 2658 2534 2658 2657 2535 2536 2659 2535 2659 2658 2536 2537 2660 2536 2660 2659 2537 2538 2661 2537 2661 2660 2538 2539 2662 2538 2662 2661 2539 2540 2663 2539 2663 2662 2540 2541 2664 2540 2664 2663 2541 2542 2665 2541 2665 2664 2542 2543 2666 2542 2666 2665 2543 2544 2667 2543 2667 2666 2544 2545 2668 2544 2668 2667 2545 2546 2669 2545 2669 2668 2546 2547 2670 2546 2670 2669 2547 2548 2671 2547 2671 2670 2548 2549 2672 2548 2672 2671 2549 2550 2673 2549 2673 2672 2550 2551 2674 2550 2674 2673 2551 2552 2675 2551 2675 2674 2552 2553 2676 2552 2676 2675 2553 2554 2677 2553 2677 2676 2554 2555 2678 2554 2678 2677 2555 2556 2679 2555 2679 2678 2556 2557 2680 2556 2680 2679 2557 2558 2681 2557 2681 2680 2558 2559 2682 2558 2682 2681 2559 2560 2683 2559 2683 2682 2560 2561 2684 2560 2684 2683 2561 2562 2685 2561 2685 2684 2562 2563 2686 2562 2686 2685 2563 2564 2687 2563 2687 2686 2564 2565 2688 2564 2688 2687 2565 2566 2689 2565 2689 2688 2566 2567 2690 2566 2690 2689 2567 2568 2691 2567 2691 2690 2568 2569 2692 2568 2692 2691 2569 2570 2693 2569 2693 2692 2570 2571 2694 2570 2694 2693 2571 2572 2695 2571 2695 2694 2572 2573 2696 2572 2696 2695 2573 2574 2697 2573 2697 2696 2574 2575 2698 2574 2698 2697 2575 2576 2699 2575 2699 2698 2576 2577 2700 2576 2700 2699 2577 2578 2701 2577 2701 2700 2578 2579 2702 2578 2702 2701 2579 2580 2703 2579 2703 2702 2580 2581 2704 2580 2704 2703 2581 2582 2705 2581 2705 2704 2582 2583 2706 2582 2706 2705 2583 2584 2707 2583 2707 2706 2584 2585 2708 2584 2708 2707 2585 2586 2709 2585 2709 2708 2586 2587 2710 2586 2710 2709 2587 2588 2711 2587 2711 2710 2588 2589 2712 2588 2712 2711 2589 2590 2713 2589 2713 2712 2590 2591 2714 2590 2714 2713 2591 2592 2715 2591 2715 2714 2592 2593 2716 2592 2716 2715 2593 2594 2717 2593 2717 2716 2594 2595 2718 2594 2718 2717 2595 2596 2719 2595 2719 2718 2596 2597 2720 2596 2720 2719 2597 2598 2721 2597 2721 2720 2598 2599 2722 2598 2722 2721 2599 2600 2723 2599 2723 2722 2600 2601 2724 2600 2724 2723 2601 2602 2725 2601 2725 2724 2602 2603 2726 2602 2726 2725 2603 2604 2727 2603 2727 2726 2604 2605 2728 2604 2728 2727 2605 2606 2729 2605 2729 2728 2606 2607 2730 2606 2730 2729 2607 2608 2731 2607 2731 2730 2608 2609 2732 2608 2732 2731 2609 2610 2733 2609 2733 2732 2610 2611 2734 2610 2734 2733 2611 2612 2735 2611 2735 2734 2612 2613 2736 2612 2736 2735 2615 2614 2737 2615 2737 2738 2614 2616 2739 2614 2739 2737 2616 2617 2740 2616 2740 2739 2617 2618 2741 2617 2741 2740 2618 2619 2742 2618 2742 2741 2619 2620 2743 2619 2743 2742 2620 2621 2744 2620 2744 2743 2621 2622 2745 2621 2745 2744 2622 2623 2746 2622 2746 2745 2623 2624 2747 2623 2747 2746 2624 2625 2748 2624 2748 2747 2625 2626 2749 2625 2749 2748 2626 2627 2750 2626 2750 2749 2627 2628 2751 2627 2751 2750 2628 2629 2752 2628 2752 2751 2629 2630 2753 2629 2753 2752 2630 2631 2754 2630 2754 2753 2631 2632 2755 2631 2755 2754 2632 2633 2756 2632 2756 2755 2633 2634 2757 2633 2757 2756 2634 2635 2758 2634 2758 2757 2635 2636 2759 2635 2759 2758 2636 2637 2760 2636 2760 2759 2637 2638 2761 2637 2761 2760 2638 2639 2762 2638 2762 2761 2639 2640 2763 2639 2763 2762 2640 2641 2764 2640 2764 2763 2641 2642 2765 2641 2765 2764 2642 2643 2766 2642 2766 2765 2643 2644 2767 2643 2767 2766 2644 2645 2768 2644 2768 2767 2645 2646 2769 2645 2769 2768 2646 2647 2770 2646 2770 2769 2647 2648 2771 2647 2771 2770 2648 2649 2772 2648 2772 2771 2649 2650 2773 2649 2773 2772 2650 2651 2774 2650 2774 2773 2651 2652 2775 2651 2775 2774 2652 2654 2776 2652 2776 2775 2654 2777 2778 2654 2778 2776 2777 2779 2780 2777 2780 2778 2655 2657 2781 2655 2781 2782 2657 2658 2783 2657 2783 2781 2658 2659 2784 2658 2784 2783 2659 2660 2785 2659 2785 2784 2660 2661 2786 2660 2786 2785 2661 2662 2787 2661 2787 2786 2662 2663 2788 2662 2788 2787 2663 2664 2789 2663 2789 2788 2664 2665 2790 2664 2790 2789 2665 2666 2791 2665 2791 2790 2666 2667 2792 2666 2792 2791 2667 2668 2793 2667 2793 2792 2668 2669 2794 2668 2794 2793 2669 2670 2795 2669 2795 2794 2670 2671 2796 2670 2796 2795 2671 2672 2797 2671 2797 2796 2672 2673 2798 2672 2798 2797 2673 2674 2799 2673 2799 2798 2674 2675 2800 2674 2800 2799 2675 2676 2801 2675 2801 2800 2676 2677 2802 2676 2802 2801 2677 2678 2803 2677 2803 2802 2678 2679 2804 2678 2804 2803 2679 2680 2805 2679 2805 2804 2680 2681 2806 2680 2806 2805 2681 2682 2807 2681 2807 2806 2682 2683 2808 2682 2808 2807 2683 2684 2809 2683 2809 2808 2684 2685 2810 2684 2810 2809 2685 2686 2811 2685 2811 2810 2686 2687 2812 2686 2812 2811 2687 2688 2813 2687 2813 2812 2688 2689 2814 2688 2814 2813 2689 2690 2815 2689 2815 2814 2690 2691 2816 2690 2816 2815 2691 2692 2817 2691 2817 2816 2692 2693 2818 2692 2818 2817 2693 2694 2819 2693 2819 2818 2694 2695 2820 2694 2820 2819 2695 2696 2821 2695 2821 2820 2696 2697 2822 2696 2822 2821 2697 2698 2823 2697 2823 2822 2698 2699 2824 2698 2824 2823 2699 2700 2825 2699 2825 2824 2700 2701 2826 2700 2826 2825 2701 2702 2827 2701 2827 2826 2702 2703 2828 2702 2828 2827 2703 2704 2829 2703 2829 2828 2704 2705 2830 2704 2830 2829 2705 2706 2831 2705 2831 2830 2706 2707 2832 2706 2832 2831 2707 2708 2833 2707 2833 2832 2708 2709 2834 2708 2834 2833 2709 2710 2835 2709 2835 2834 2710 2711 2836 2710 2836 2835 2711 2712 2837 2711 2837 2836 2712 2713 2838 2712 2838 2837 2713 2714 2839 2713 2839 2838 2714 2715 2840 2714 2840 2839 2715 2716 2841 2715 2841 2840 2716 2717 2842 2716 2842 2841 2717 2718 2843 2717 2843 2842 2718 2719 2844 2718 2844 2843 2719 2720 2845 2719 2845 2844 2720 2721 2846 2720 2846 2845 2721 2722 2847 2721 2847 2846 2722 2723 2848 2722 2848 2847 2723 2724 2849 2723 2849 2848 2724 2725 2850 2724 2850 2849 2725 2726 2851 2725 2851 2850 2726 2727 2852 2726 2852 2851 2727 2728 2853 2727 2853 2852 2728 2729 2854 2728 2854 2853 2729 2730 2855 2729 2855 2854 2730 2731 2856 2730 2856 2855 2731 2732 2857 2731 2857 2856 2732 2733 2858 2732 2858 2857 2733 2734 2859 2733 2859 2858 2734 2735 2860 2734 2860 2859 2735 2736 2861 2735 2861 2860 2738 2737 2862 2738 2862 2863 2737 2739 2864 2737 2864 2862 2739 2740 2865 2739 2865 2864 2740 2741 2866 2740 2866 2865 2741 2742 2867 2741 2867 2866 2742 2743 2868 2742 2868 2867 2743 2744 2869 2743 2869 2868 2744 2745 2870 2744 2870 2869 2745 2746 2871 2745 2871 2870 2746 2747 2872 2746 2872 2871 2747 2748 2873 2747 2873 2872 2748 2749 2874 2748 2874 2873 2749 2750 2875 2749 2875 2874 2750 2751 2876 2750 2876 2875 2751 2752 2877 2751 2877 2876 2752 2753 2878 2752 2878 2877 2753 2754 2879 2753 2879 2878 2754 2755 2880 2754 2880 2879 2755 2756 2881 2755 2881 2880 2756 2757 2882 2756 2882 2881 2757 2758 2883 2757 2883 2882 2758 2759 2884 2758 2884 2883 2759 2760 2885 2759 2885 2884 2760 2761 2886 2760 2886 2885 2761 2762 2887 2761 2887 2886 2762 2763 2888 2762 2888 2887 2763 2764 2889 2763 2889 2888 2764 2765 2890 2764 2890 2889 2765 2766 2891 2765 2891 2890 2766 2767 2892 2766 2892 2891 2767 2768 2893 2767 2893 2892 2768 2769 2894 2768 2894 2893 2769 2770 2895 2769 2895 2894 2770 2771 2896 2770 2896 2895 2771 2772 2897 2771 2897 2896 2772 2773 2898 2772 2898 2897 2773 2774 2899 2773 2899 2898 2774 2775 2900 2774 2900 2899 2775 2776 2901 2775 2901 2900 2776 2778 2902 2776 2902 2901 2778 2780 2903 2778 2903 2902 2780 2904 2905 2780 2905 2903 2904 2906 2907 2904 2907 2905 2782 2781 2908 2782 2908 2909 2781 2783 2910 2781 2910 2908 2783 2784 2911 2783 2911 2910 2784 2785 2912 2784 2912 2911 2785 2786 2913 2785 2913 2912 2786 2787 2914 2786 2914 2913 2787 2788 2915 2787 2915 2914 2788 2789 2916 2788 2916 2915 2789 2790 2917 2789 2917 2916 2790 2791 2918 2790 2918 2917 2791 2792 2919 2791 2919 2918 2792 2793 2920 2792 2920 2919 2793 2794 2921 2793 2921 2920 2794 2795 2922 2794 2922 2921 2795 2796 2923 2795 2923 2922 2796 2797 2924 2796 2924 2923 2797 2798 2925 2797 2925 2924 2798 2799 2926 2798 2926 2925 2799 2800 2927 2799 2927 2926 2800 2801 2928 2800 2928 2927 2801 2802 2929 2801 2929 2928 2802 2803 2930 2802 2930 2929 2803 2804 2931 2803 2931 2930 2804 2805 2932 2804 2932 2931 2805 2806 2933 2805 2933 2932 2806 2807 2934 2806 2934 2933 2807 2808 2935 2807 2935 2934 2808 2809 2936 2808 2936 2935 2809 2810 2937 2809 2937 2936 2810 2811 2938 2810 2938 2937 2811 2812 2939 2811 2939 2938 2812 2813 2940 2812 2940 2939 2813 2814 2941 2813 2941 2940 2814 2815 2942 2814 2942 2941 2815 2816 2943 2815 2943 2942 2816 2817 2944 2816 2944 2943 2817 2818 2945 2817 2945 2944 2818 2819 2946 2818 2946 2945 2819 2820 2947 2819 2947 2946 2820 2821 2948 2820 2948 2947 2821 2822 2949 2821 2949 2948 2822 2823 2950 2822 2950 2949 2823 2824 2951 2823 2951 2950 2824 2825 2952 2824 2952 2951 2825 2826 2953 2825 2953 2952 2826 2827 2954 2826 2954 2953 2827 2828 2955 2827 2955 2954 2828 2829 2956 2828 2956 2955 2829 2830 2957 2829 2957 2956 2830 2831 2958 2830 2958 2957 2831 2832 2959 2831 2959 2958 2832 2833 2960 2832 2960 2959 2833 2834 2961 2833 2961 2960 2834 2835 2962 2834 2962 2961 2835 2836 2963 2835 2963 2962 2836 2837 2964 2836 2964 2963 2837 2838 2965 2837 2965 2964 2838 2839 2966 2838 2966 2965 2839 2840 2967 2839 2967 2966 2840 2841 2968 2840 2968 2967 2841 2842 2969 2841 2969 2968 2842 2843 2970 2842 2970 2969 2843 2844 2971 2843 2971 2970 2844 2845 2972 2844 2972 2971 2845 2846 2973 2845 2973 2972 2846 2847 2974 2846 2974 2973 2847 2848 2975 2847 2975 2974 2848 2849 2976 2848 2976 2975 2849 2850 2977 2849 2977 2976 2850 2851 2978 2850 2978 2977 2851 2852 2979 2851 2979 2978 2852 2853 2980 2852 2980 2979 2853 2854 2981 2853 2981 2980 2854 2855 2982 2854 2982 2981 2855 2856 2983 2855 2983 2982 2856 2857 2984 2856 2984 2983 2857 2858 2985 2857 2985 2984 2858 2859 2986 2858 2986 2985 2859 2860 2987 2859 2987 2986 2860 2861 2988 2860 2988 2987 2863 2862 2989 2863 2989 2990 2862 2864 2991 2862 2991 2989 2864 2865 2992 2864 2992 2991 2865 2866 2993 2865 2993 2992 2866 2867 2994 2866 2994 2993 2867 2868 2995 2867 2995 2994 2868 2869 2996 2868 2996 2995 2869 2870 2997 2869 2997 2996 2870 2871 2998 2870 2998 2997 2871 2872 2999 2871 2999 2998 2872 2873 3000 2872 3000 2999 2873 2874 3001 2873 3001 3000 2874 2875 3002 2874 3002 3001 2875 2876 3003 2875 3003 3002 2876 2877 3004 2876 3004 3003 2877 2878 3005 2877 3005 3004 2878 2879 3006 2878 3006 3005 2879 2880 3007 2879 3007 3006 2880 2881 3008 2880 3008 3007 2881 2882 3009 2881 3009 3008 2882 2883 3010 2882 3010 3009 2883 2884 3011 2883 3011 3010 2884 2885 3012 2884 3012 3011 2885 2886 3013 2885 3013 3012 2886 2887 3014 2886 3014 3013 2887 2888 3015 2887 3015 3014 2888 2889 3016 2888 3016 3015 2889 2890 3017 2889 3017 3016 2890 2891 3018 2890 3018 3017 2891 2892 3019 2891 3019 3018 2892 2893 3020 2892 3020 3019 2893 2894 3021 2893 3021 3020 2894 2895 3022 2894 3022 3021 2895 2896 3023 2895 3023 3022 2896 2897 3024 2896 3024 3023 2897 2898 3025 2897 3025 3024 2898 2899 3026 2898 3026 3025 2899 2900 3027 2899 3027 3026 2900 2901 3028 2900 3028 3027 2901 2902 3029 2901 3029 3028 2902 2903 3030 2902 3030 3029 2903 2905 3031 2903 3031 3030 2905 2907 3032 2905 3032 3031 2907 3033 3034 2907 3034 3032 3033 3035 3036 3033 3036 3034 2909 2908 3037 2909 3037 3038 2908 2910 3039 2908 3039 3037 2910 2911 3040 2910 3040 3039 2911 2912 3041 2911 3041 3040 2912 2913 3042 2912 3042 3041 2913 2914 3043 2913 3043 3042 2914 2915 3044 2914 3044 3043 2915 2916 3045 2915 3045 3044 2916 2917 3046 2916 3046 3045 2917 2918 3047 2917 3047 3046 2918 2919 3048 2918 3048 3047 2919 2920 3049 2919 3049 3048 2920 2921 3050 2920 3050 3049 2921 2922 3051 2921 3051 3050 2922 2923 3052 2922 3052 3051 2923 2924 3053 2923 3053 3052 2924 2925 3054 2924 3054 3053 2925 2926 3055 2925 3055 3054 2926 2927 3056 2926 3056 3055 2927 2928 3057 2927 3057 3056 2928 2929 3058 2928 3058 3057 2929 2930 3059 2929 3059 3058 2930 2931 3060 2930 3060 3059 2931 2932 3061 2931 3061 3060 2932 2933 3062 2932 3062 3061 2933 2934 3063 2933 3063 3062 2934 2935 3064 2934 3064 3063 2935 2936 3065 2935 3065 3064 2936 2937 3066 2936 3066 3065 2937 2938 3067 2937 3067 3066 2938 2939 3068 2938 3068 3067 2939 2940 3069 2939 3069 3068 2940 2941 3070 2940 3070 3069 2941 2942 3071 2941 3071 3070 2942 2943 3072 2942 3072 3071 2943 2944 3073 2943 3073 3072 2944 2945 3074 2944 3074 3073 2945 2946 3075 2945 3075 3074 2946 2947 3076 2946 3076 3075 2947 2948 3077 2947 3077 3076 2948 2949 3078 2948 3078 3077 2949 2950 3079 2949 3079 3078 2950 2951 3080 2950 3080 3079 2951 2952 3081 2951 3081 3080 2952 2953 3082 2952 3082 3081 2953 2954 3083 2953 3083 3082 2954 2955 3084 2954 3084 3083 2955 2956 3085 2955 3085 3084 2956 2957 3086 2956 3086 3085 2957 2958 3087 2957 3087 3086 2958 2959 3088 2958 3088 3087 2959 2960 3089 2959 3089 3088 2960 2961 3090 2960 3090 3089 2961 2962 3091 2961 3091 3090 2962 2963 3092 2962 3092 3091 2963 2964 3093 2963 3093 3092 2964 2965 3094 2964 3094 3093 2965 2966 3095 2965 3095 3094 2966 2967 3096 2966 3096 3095 2967 2968 3097 2967 3097 3096 2968 2969 3098 2968 3098 3097 2969 2970 3099 2969 3099 3098 2970 2971 3100 2970 3100 3099 2971 2972 3101 2971 3101 3100 2972 2973 3102 2972 3102 3101 2973 2974 3103 2973 3103 3102 2974 2975 3104 2974 3104 3103 2975 2976 3105 2975 3105 3104 2976 2977 3106 2976 3106 3105 2977 2978 3107 2977 3107 3106 2978 2979 3108 2978 3108 3107 2979 2980 3109 2979 3109 3108 2980 2981 3110 2980 3110 3109 2981 2982 3111 2981 3111 3110 2982 2983 3112 2982 3112 3111 2983 2984 3113 2983 3113 3112 2984 2985 3114 2984 3114 3113 2985 2986 3115 2985 3115 3114 2986 2987 3116 2986 3116 3115 2987 2988 3117 2987 3117 3116 2990 2989 3118 2990 3118 3119 2989 2991 3120 2989 3120 3118 2991 2992 3121 2991 3121 3120 2992 2993 3122 2992 3122 3121 2993 2994 3123 2993 3123 3122 2994 2995 3124 2994 3124 3123 2995 2996 3125 2995 3125 3124 2996 2997 3126 2996 3126 3125 2997 2998 3127 2997 3127 3126 2998 2999 3128 2998 3128 3127 2999 3000 3129 2999 3129 3128 3000 3001 3130 3000 3130 3129 3001 3002 3131 3001 3131 3130 3002 3003 3132 3002 3132 3131 3003 3004 3133 3003 3133 3132 3004 3005 3134 3004 3134 3133 3005 3006 3135 3005 3135 3134 3006 3007 3136 3006 3136 3135 3007 3008 3137 3007 3137 3136 3008 3009 3138 3008 3138 3137 3009 3010 3139 3009 3139 3138 3010 3011 3140 3010 3140 3139 3011 3012 3141 3011 3141 3140 3012 3013 3142 3012 3142 3141 3013 3014 3143 3013 3143 3142 3014 3015 3144 3014 3144 3143 3015 3016 3145 3015 3145 3144 3016 3017 3146 3016 3146 3145 3017 3018 3147 3017 3147 3146 3018 3019 3148 3018 3148 3147 3019 3020 3149 3019 3149 3148 3020 3021 3150 3020 3150 3149 3021 3022 3151 3021 3151 3150 3022 3023 3152 3022 3152 3151 3023 3024 3153 3023 3153 3152 3024 3025 3154 3024 3154 3153 3025 3026 3155 3025 3155 3154 3026 3027 3156 3026 3156 3155 3027 3028 3157 3027 3157 3156 3028 3029 3158 3028 3158 3157 3029 3030 3159 3029 3159 3158 3030 3031 3160 3030 3160 3159 3031 3032 3161 3031 3161 3160 3032 3034 3162 3032 3162 3161 3034 3036 3163 3034 3163 3162 3036 3164 3165 3036 3165 3163 3164 3166 3167 3164 3167 3165 3038 3037 3168 3038 3168 3169 3037 3039 3170 3037 3170 3168 3039 3040 3171 3039 3171 3170 3040 3041 3172 3040 3172 3171 3041 3042 3173 3041 3173 3172 3042 3043 3174 3042 3174 3173 3043 3044 3175 3043 3175 3174 3044 3045 3176 3044 3176 3175 3045 3046 3177 3045 3177 3176 3046 3047 3178 3046 3178 3177 3047 3048 3179 3047 3179 3178 3048 3049 3180 3048 3180 3179 3049 3050 3181 3049 3181 3180 3050 3051 3182 3050 3182 3181 3051 3052 3183 3051 3183 3182 3052 3053 3184 3052 3184 3183 3053 3054 3185 3053 3185 3184 3054 3055 3186 3054 3186 3185 3055 3056 3187 3055 3187 3186 3056 3057 3188 3056 3188 3187 3057 3058 3189 3057 3189 3188 3058 3059 3190 3058 3190 3189 3059 3060 3191 3059 3191 3190 3060 3061 3192 3060 3192 3191 3061 3062 3193 3061 3193 3192 3062 3063 3194 3062 3194 3193 3063 3064 3195 3063 3195 3194 3064 3065 3196 3064 3196 3195 3065 3066 3197 3065 3197 3196 3066 3067 3198 3066 3198 3197 3067 3068 3199 3067 3199 3198 3068 3069 3200 3068 3200 3199 3069 3070 3201 3069 3201 3200 3070 3071 3202 3070 3202 3201 3071 3072 3203 3071 3203 3202 3072 3073 3204 3072 3204 3203 3073 3074 3205 3073 3205 3204 3074 3075 3206 3074 3206 3205 3075 3076 3207 3075 3207 3206 3076 3077 3208 3076 3208 3207 3077 3078 3209 3077 3209 3208 3078 3079 3210 3078 3210 3209 3079 3080 3211 3079 3211 3210 3080 3081 3212 3080 3212 3211 3081 3082 3213 3081 3213 3212 3082 3083 3214 3082 3214 3213 3083 3084 3215 3083 3215 3214 3084 3085 3216 3084 3216 3215 3085 3086 3217 3085 3217 3216 3086 3087 3218 3086 3218 3217 3087 3088 3219 3087 3219 3218 3088 3089 3220 3088 3220 3219 3089 3090 3221 3089 3221 3220 3090 3091 3222 3090 3222 3221 3091 3092 3223 3091 3223 3222 3092 3093 3224 3092 3224 3223 3093 3094 3225 3093 3225 3224 3094 3095 3226 3094 3226 3225 3095 3096 3227 3095 3227 3226 3096 3097 3228 3096 3228 3227 3097 3098 3229 3097 3229 3228 3098 3099 3230 3098 3230 3229 3099 3100 3231 3099 3231 3230 3100 3101 3232 3100 3232 3231 3101 3102 3233 3101 3233 3232 3102 3103 3234 3102 3234 3233 3103 3104 3235 3103 3235 3234 3104 3105 3236 3104 3236 3235 3105 3106 3237 3105 3237 3236 3106 3107 3238 3106 3238 3237 3107 3108 3239 3107 3239 3238 3108 3109 3240 3108 3240 3239 3109 3110 3241 3109 3241 3240 3110 3111 3242 3110 3242 3241 3111 3112 3243 3111 3243 3242 3112 3113 3244 3112 3244 3243 3113 3114 3245 3113 3245 3244 3114 3115 3246 3114 3246 3245 3115 3116 3247 3115 3247 3246 3116 3117 3248 3116 3248 3247 3119 3118 3249 3119 3249 3250 3118 3120 3251 3118 3251 3249 3120 3121 3252 3120 3252 3251 3121 3122 3253 3121 3253 3252 3122 3123 3254 3122 3254 3253 3123 3124 3255 3123 3255 3254 3124 3125 3256 3124 3256 3255 3125 3126 3257 3125 3257 3256 3126 3127 3258 3126 3258 3257 3127 3128 3259 3127 3259 3258 3128 3129 3260 3128 3260 3259 3129 3130 3261 3129 3261 3260 3130 3131 3262 3130 3262 3261 3131 3132 3263 3131 3263 3262 3132 3133 3264 3132 3264 3263 3133 3134 3265 3133 3265 3264 3134 3135 3266 3134 3266 3265 3135 3136 3267 3135 3267 3266 3136 3137 3268 3136 3268 3267 3137 3138 3269 3137 3269 3268 3138 3139 3270 3138 3270 3269 3139 3140 3271 3139 3271 3270 3140 3141 3272 3140 3272 3271 3141 3142 3273 3141 3273 3272 3142 3143 3274 3142 3274 3273 3143 3144 3275 3143 3275 3274 3144 3145 3276 3144 3276 3275 3145 3146 3277 3145 3277 3276 3146 3147 3278 3146 3278 3277 3147 3148 3279 3147 3279 3278 3148 3149 3280 3148 3280 3279 3149 3150 3281 3149 3281 3280 3150 3151 3282 3150 3282 3281 3151 3152 3283 3151 3283 3282 3152 3153 3284 3152 3284 3283 3153 3154 3285 3153 3285 3284 3154 3155 3286 3154 3286 3285 3155 3156 3287 3155 3287 3286 3156 3157 3288 3156 3288 3287 3157 3158 3289 3157 3289 3288 3158 3159 3290 3158 3290 3289 3159 3160 3291 3159 3291 3290 3160 3161 3292 3160 3292 3291 3161 3162 3293 3161 3293 3292 3162 3163 3294 3162 3294 3293 3163 3165 3295 3163 3295 3294 3177 3178 3296 3177 3296 3297 3178 3179 3298 3178 3298 3296 3179 3180 3299 3179 3299 3298 3185 3186 3300 3185 3300 3301 3186 3187 3302 3186 3302 3300 3187 3188 3303 3187 3303 3302 3188 3189 3304 3188 3304 3303 3189 3190 3305 3189 3305 3304 3190 3191 3306 3190 3306 3305 3191 3192 3307 3191 3307 3306 3192 3193 3308 3192 3308 3307 3193 3194 3309 3193 3309 3308 3194 3195 3310 3194 3310 3309 3195 3196 3311 3195 3311 3310 3196 3197 3312 3196 3312 3311 3197 3198 3313 3197 3313 3312 3198 3199 3314 3198 3314 3313 3199 3200 3315 3199 3315 3314 3200 3201 3316 3200 3316 3315 3201 3202 3317 3201 3317 3316 3202 3203 3318 3202 3318 3317 3203 3204 3319 3203 3319 3318 3204 3205 3320 3204 3320 3319 3205 3206 3321 3205 3321 3320 3206 3207 3322 3206 3322 3321 3207 3208 3323 3207 3323 3322 3208 3209 3324 3208 3324 3323 3209 3210 3325 3209 3325 3324 3210 3211 3326 3210 3326 3325 3211 3212 3327 3211 3327 3326 3212 3213 3328 3212 3328 3327 3213 3214 3329 3213 3329 3328 3214 3215 3330 3214 3330 3329 3215 3216 3331 3215 3331 3330 3216 3217 3332 3216 3332 3331 3217 3218 3333 3217 3333 3332 3218 3219 3334 3218 3334 3333 3219 3220 3335 3219 3335 3334 3220 3221 3336 3220 3336 3335 3221 3222 3337 3221 3337 3336 3222 3223 3338 3222 3338 3337 3223 3224 3339 3223 3339 3338 3224 3225 3340 3224 3340 3339 3225 3226 3341 3225 3341 3340 3226 3227 3342 3226 3342 3341 3227 3228 3343 3227 3343 3342 3228 3229 3344 3228 3344 3343 3229 3230 3345 3229 3345 3344 3230 3231 3346 3230 3346 3345 3231 3232 3347 3231 3347 3346 3232 3233 3348 3232 3348 3347 3233 3234 3349 3233 3349 3348 3234 3235 3350 3234 3350 3349 3235 3236 3351 3235 3351 3350 3236 3237 3352 3236 3352 3351 3237 3238 3353 3237 3353 3352 3238 3239 3354 3238 3354 3353 3239 3240 3355 3239 3355 3354 3240 3241 3356 3240 3356 3355 3241 3242 3357 3241 3357 3356 3242 3243 3358 3242 3358 3357 3243 3244 3359 3243 3359 3358 3244 3245 3360 3244 3360 3359 3245 3246 3361 3245 3361 3360 3246 3247 3362 3246 3362 3361 3247 3248 3363 3247 3363 3362 3250 3249 3364 3250 3364 3365 3249 3251 3366 3249 3366 3364 3251 3252 3367 3251 3367 3366 3252 3253 3368 3252 3368 3367 3253 3254 3369 3253 3369 3368 3254 3255 3370 3254 3370 3369 3255 3256 3371 3255 3371 3370 3256 3257 3372 3256 3372 3371 3257 3258 3373 3257 3373 3372 3258 3259 3374 3258 3374 3373 3259 3260 3375 3259 3375 3374 3260 3261 3376 3260 3376 3375 3261 3262 3377 3261 3377 3376 3262 3263 3378 3262 3378 3377 3263 3264 3379 3263 3379 3378 3264 3265 3380 3264 3380 3379 3265 3266 3381 3265 3381 3380 3266 3267 3382 3266 3382 3381 3267 3268 3383 3267 3383 3382 3268 3269 3384 3268 3384 3383 3269 3270 3385 3269 3385 3384 3270 3271 3386 3270 3386 3385 3271 3272 3387 3271 3387 3386 3272 3273 3388 3272 3388 3387 3273 3274 3389 3273 3389 3388 3274 3275 3390 3274 3390 3389 3275 3276 3391 3275 3391 3390 3276 3277 3392 3276 3392 3391 3277 3278 3393 3277 3393 3392 3278 3279 3394 3278 3394 3393 3279 3280 3395 3279 3395 3394 3280 3281 3396 3280 3396 3395 3281 3282 3397 3281 3397 3396 3282 3283 3398 3282 3398 3397 3283 3284 3399 3283 3399 3398 3284 3285 3400 3284 3400 3399 3285 3286 3401 3285 3401 3400 3286 3287 3402 3286 3402 3401 3287 3288 3403 3287 3403 3402 3288 3289 3404 3288 3404 3403 3289 3290 3405 3289 3405 3404 3290 3291 3406 3290 3406 3405 3291 3292 3407 3291 3407 3406 3292 3293 3408 3292 3408 3407 3293 3294 3409 3293 3409 3408 3294 3295 3410 3294 3410 3409 3300 3302 3411 3300 3411 3412 3302 3303 3413 3302 3413 3411 3303 3304 3414 3303 3414 3413 3304 3305 3415 3304 3415 3414 3305 3306 3416 3305 3416 3415 3306 3307 3417 3306 3417 3416 3307 3308 3418 3307 3418 3417 3308 3309 3419 3308 3419 3418 3309 3310 3420 3309 3420 3419 3310 3311 3421 3310 3421 3420 3311 3312 3422 3311 3422 3421 3312 3313 3423 3312 3423 3422 3313 3314 3424 3313 3424 3423 3314 3315 3425 3314 3425 3424 3315 3316 3426 3315 3426 3425 3316 3317 3427 3316 3427 3426 3317 3318 3428 3317 3428 3427 3318 3319 3429 3318 3429 3428 3319 3320 3430 3319 3430 3429 3320 3321 3431 3320 3431 3430 3321 3322 3432 3321 3432 3431 3322 3323 3433 3322 3433 3432 3323 3324 3434 3323 3434 3433 3324 3325 3435 3324 3435 3434 3325 3326 3436 3325 3436 3435 3326 3327 3437 3326 3437 3436 3327 3328 3438 3327 3438 3437 3328 3329 3439 3328 3439 3438 3329 3330 3440 3329 3440 3439 3330 3331 3441 3330 3441 3440 3331 3332 3442 3331 3442 3441 3332 3333 3443 3332 3443 3442 3333 3334 3444 3333 3444 3443 3334 3335 3445 3334 3445 3444 3335 3336 3446 3335 3446 3445 3336 3337 3447 3336 3447 3446 3337 3338 3448 3337 3448 3447 3338 3339 3449 3338 3449 3448 3339 3340 3450 3339 3450 3449 3340 3341 3451 3340 3451 3450 3341 3342 3452 3341 3452 3451 3342 3343 3453 3342 3453 3452 3343 3344 3454 3343 3454 3453 3344 3345 3455 3344 3455 3454 3345 3346 3456 3345 3456 3455 3346 3347 3457 3346 3457 3456 3347 3348 3458 3347 3458 3457 3348 3349 3459 3348 3459 3458 3349 3350 3460 3349 3460 3459 3350 3351 3461 3350 3461 3460 3351 3352 3462 3351 3462 3461 3352 3353 3463 3352 3463 3462 3353 3354 3464 3353 3464 3463 3354 3355 3465 3354 3465 3464 3355 3356 3466 3355 3466 3465 3356 3357 3467 3356 3467 3466 3357 3358 3468 3357 3468 3467 3358 3359 3469 3358 3469 3468 3359 3360 3470 3359 3470 3469 3360 3361 3471 3360 3471 3470 3361 3362 3472 3361 3472 3471 3362 3363 3473 3362 3473 3472 3365 3364 3474 3365 3474 3475 3364 3366 3476 3364 3476 3474 3366 3367 3477 3366 3477 3476 3367 3368 3478 3367 3478 3477 3368 3369 3479 3368 3479 3478 3369 3370 3480 3369 3480 3479 3370 3371 3481 3370 3481 3480 3371 3372 3482 3371 3482 3481 3372 3373 3483 3372 3483 3482 3373 3374 3484 3373 3484 3483 3374 3375 3485 3374 3485 3484 3375 3376 3486 3375 3486 3485 3376 3377 3487 3376 3487 3486 3377 3378 3488 3377 3488 3487 3378 3379 3489 3378 3489 3488 3379 3380 3490 3379 3490 3489 3380 3381 3491 3380 3491 3490 3381 3382 3492 3381 3492 3491 3382 3383 3493 3382 3493 3492 3383 3384 3494 3383 3494 3493 3384 3385 3495 3384 3495 3494 3385 3386 3496 3385 3496 3495 3386 3387 3497 3386 3497 3496 3387 3388 3498 3387 3498 3497 3388 3389 3499 3388 3499 3498 3389 3390 3500 3389 3500 3499 3390 3391 3501 3390 3501 3500 3391 3392 3502 3391 3502 3501 3392 3393 3503 3392 3503 3502 3393 3394 3504 3393 3504 3503 3394 3395 3505 3394 3505 3504 3395 3396 3506 3395 3506 3505 3396 3397 3507 3396 3507 3506 3397 3398 3508 3397 3508 3507 3398 3399 3509 3398 3509 3508 3399 3400 3510 3399 3510 3509 3400 3401 3511 3400 3511 3510 3401 3402 3512 3401 3512 3511 3402 3403 3513 3402 3513 3512 3403 3404 3514 3403 3514 3513 3404 3405 3515 3404 3515 3514 3405 3406 3516 3405 3516 3515 3406 3407 3517 3406 3517 3516 3407 3408 3518 3407 3518 3517 3408 3409 3519 3408 3519 3518 3409 3410 3520 3409 3520 3519 3413 3414 3521 3413 3521 3522 3414 3415 3523 3414 3523 3521 3415 3416 3524 3415 3524 3523 3416 3417 3525 3416 3525 3524 3417 3418 3526 3417 3526 3525 3418 3419 3527 3418 3527 3526 3419 3420 3528 3419 3528 3527 3420 3421 3529 3420 3529 3528 3421 3422 3530 3421 3530 3529 3422 3423 3531 3422 3531 3530 3423 3424 3532 3423 3532 3531 3424 3425 3533 3424 3533 3532 3425 3426 3534 3425 3534 3533 3426 3427 3535 3426 3535 3534 3427 3428 3536 3427 3536 3535 3428 3429 3537 3428 3537 3536 3429 3430 3538 3429 3538 3537 3430 3431 3539 3430 3539 3538 3431 3432 3540 3431 3540 3539 3432 3433 3541 3432 3541 3540 3433 3434 3542 3433 3542 3541 3434 3435 3543 3434 3543 3542 3435 3436 3544 3435 3544 3543 3436 3437 3545 3436 3545 3544 3437 3438 3546 3437 3546 3545 3438 3439 3547 3438 3547 3546 3439 3440 3548 3439 3548 3547 3440 3441 3549 3440 3549 3548 3441 3442 3550 3441 3550 3549 3442 3443 3551 3442 3551 3550 3443 3444 3552 3443 3552 3551 3444 3445 3553 3444 3553 3552 3445 3446 3554 3445 3554 3553 3446 3447 3555 3446 3555 3554 3447 3448 3556 3447 3556 3555 3448 3449 3557 3448 3557 3556 3449 3450 3558 3449 3558 3557 3450 3451 3559 3450 3559 3558 3451 3452 3560 3451 3560 3559 3452 3453 3561 3452 3561 3560 3453 3454 3562 3453 3562 3561 3454 3455 3563 3454 3563 3562 3455 3456 3564 3455 3564 3563 3456 3457 3565 3456 3565 3564 3457 3458 3566 3457 3566 3565 3458 3459 3567 3458 3567 3566 3459 3460 3568 3459 3568 3567 3460 3461 3569 3460 3569 3568 3461 3462 3570 3461 3570 3569 3462 3463 3571 3462 3571 3570 3463 3464 3572 3463 3572 3571 3464 3465 3573 3464 3573 3572 3465 3466 3574 3465 3574 3573 3466 3467 3575 3466 3575 3574 3467 3468 3576 3467 3576 3575 3468 3469 3577 3468 3577 3576 3469 3470 3578 3469 3578 3577 3470 3471 3579 3470 3579 3578 3471 3472 3580 3471 3580 3579 3472 3473 3581 3472 3581 3580 3475 3474 3582 3475 3582 3583 3474 3476 3584 3474 3584 3582 3476 3477 3585 3476 3585 3584 3477 3478 3586 3477 3586 3585 3478 3479 3587 3478 3587 3586 3479 3480 3588 3479 3588 3587 3480 3481 3589 3480 3589 3588 3481 3482 3590 3481 3590 3589 3482 3483 3591 3482 3591 3590 3483 3484 3592 3483 3592 3591 3484 3485 3593 3484 3593 3592 3485 3486 3594 3485 3594 3593 3486 3487 3595 3486 3595 3594 3487 3488 3596 3487 3596 3595 3488 3489 3597 3488 3597 3596 3489 3490 3598 3489 3598 3597 3490 3491 3599 3490 3599 3598 3491 3492 3600 3491 3600 3599 3492 3493 3601 3492 3601 3600 3493 3494 3602 3493 3602 3601 3494 3495 3603 3494 3603 3602 3495 3496 3604 3495 3604 3603 3496 3497 3605 3496 3605 3604 3497 3498 3606 3497 3606 3605 3498 3499 3607 3498 3607 3606 3499 3500 3608 3499 3608 3607 3500 3501 3609 3500 3609 3608 3501 3502 3610 3501 3610 3609 3502 3503 3611 3502 3611 3610 3503 3504 3612 3503 3612 3611 3504 3505 3613 3504 3613 3612 3505 3506 3614 3505 3614 3613 3506 3507 3615 3506 3615 3614 3507 3508 3616 3507 3616 3615 3508 3509 3617 3508 3617 3616 3509 3510 3618 3509 3618 3617 3510 3511 3619 3510 3619 3618 3511 3512 3620 3511 3620 3619 3512 3513 3621 3512 3621 3620 3513 3514 3622 3513 3622 3621 3514 3515 3623 3514 3623 3622 3515 3516 3624 3515 3624 3623 3516 3517 3625 3516 3625 3624 3517 3518 3626 3517 3626 3625 3518 3519 3627 3518 3627 3626 3521 3523 3628 3521 3628 3629 3523 3524 3630 3523 3630 3628 3524 3525 3631 3524 3631 3630 3525 3526 3632 3525 3632 3631 3526 3527 3633 3526 3633 3632 3527 3528 3634 3527 3634 3633 3528 3529 3635 3528 3635 3634 3529 3530 3636 3529 3636 3635 3530 3531 3637 3530 3637 3636 3531 3532 3638 3531 3638 3637 3532 3533 3639 3532 3639 3638 3533 3534 3640 3533 3640 3639 3534 3535 3641 3534 3641 3640 3535 3536 3642 3535 3642 3641 3536 3537 3643 3536 3643 3642 3537 3538 3644 3537 3644 3643 3538 3539 3645 3538 3645 3644 3539 3540 3646 3539 3646 3645 3540 3541 3647 3540 3647 3646 3541 3542 3648 3541 3648 3647 3542 3543 3649 3542 3649 3648 3543 3544 3650 3543 3650 3649 3544 3545 3651 3544 3651 3650 3545 3546 3652 3545 3652 3651 3546 3547 3653 3546 3653 3652 3547 3548 3654 3547 3654 3653 3548 3549 3655 3548 3655 3654 3549 3550 3656 3549 3656 3655 3550 3551 3657 3550 3657 3656 3551 3552 3658 3551 3658 3657 3552 3553 3659 3552 3659 3658 3553 3554 3660 3553 3660 3659 3554 3555 3661 3554 3661 3660 3555 3556 3662 3555 3662 3661 3556 3557 3663 3556 3663 3662 3557 3558 3664 3557 3664 3663 3558 3559 3665 3558 3665 3664 3559 3560 3666 3559 3666 3665 3560 3561 3667 3560 3667 3666 3561 3562 3668 3561 3668 3667 3562 3563 3669 3562 3669 3668 3563 3564 3670 3563 3670 3669 3564 3565 3671 3564 3671 3670 3565 3566 3672 3565 3672 3671 3566 3567 3673 3566 3673 3672 3567 3568 3674 3567 3674 3673 3568 3569 3675 3568 3675 3674 3569 3570 3676 3569 3676 3675 3570 3571 3677 3570 3677 3676 3571 3572 3678 3571 3678 3677 3572 3573 3679 3572 3679 3678 3573 3574 3680 3573 3680 3679 3574 3575 3681 3574 3681 3680 3575 3576 3682 3575 3682 3681 3576 3577 3683 3576 3683 3682 3577 3578 3684 3577 3684 3683 3578 3579 3685 3578 3685 3684 3579 3580 3686 3579 3686 3685 3580 3581 3687 3580 3687 3686 3583 3582 3688 3583 3688 3689 3582 3584 3690 3582 3690 3688 3584 3585 3691 3584 3691 3690 3585 3586 3692 3585 3692 3691 3586 3587 3693 3586 3693 3692 3587 3588 3694 3587 3694 3693 3588 3589 3695 3588 3695 3694 3589 3590 3696 3589 3696 3695 3590 3591 3697 3590 3697 3696 3591 3592 3698 3591 3698 3697 3592 3593 3699 3592 3699 3698 3593 3594 3700 3593 3700 3699 3594 3595 3701 3594 3701 3700 3595 3596 3702 3595 3702 3701 3596 3597 3703 3596 3703 3702 3597 3598 3704 3597 3704 3703 3598 3599 3705 3598 3705 3704 3599 3600 3706 3599 3706 3705 3600 3601 3707 3600 3707 3706 3601 3602 3708 3601 3708 3707 3602 3603 3709 3602 3709 3708 3603 3604 3710 3603 3710 3709 3604 3605 3711 3604 3711 3710 3605 3606 3712 3605 3712 3711 3606 3607 3713 3606 3713 3712 3607 3608 3714 3607 3714 3713 3608 3609 3715 3608 3715 3714 3609 3610 3716 3609 3716 3715 3610 3611 3717 3610 3717 3716 3611 3612 3718 3611 3718 3717 3612 3613 3719 3612 3719 3718 3613 3614 3720 3613 3720 3719 3614 3615 3721 3614 3721 3720 3615 3616 3722 3615 3722 3721 3616 3617 3723 3616 3723 3722 3617 3618 3724 3617 3724 3723 3618 3619 3725 3618 3725 3724 3619 3620 3726 3619 3726 3725 3620 3621 3727 3620 3727 3726 3621 3622 3728 3621 3728 3727 3622 3623 3729 3622 3729 3728 3623 3624 3730 3623 3730 3729 3624 3625 3731 3624 3731 3730 3625 3626 3732 3625 3732 3731 3626 3627 3733 3626 3733 3732 3630 3631 3734 3630 3734 3735 3631 3632 3736 3631 3736 3734 3632 3633 3737 3632 3737 3736 3633 3634 3738 3633 3738 3737 3634 3635 3739 3634 3739 3738 3635 3636 3740 3635 3740 3739 3636 3637 3741 3636 3741 3740 3637 3638 3742 3637 3742 3741 3638 3639 3743 3638 3743 3742 3639 3640 3744 3639 3744 3743 3640 3641 3745 3640 3745 3744 3641 3642 3746 3641 3746 3745 3642 3643 3747 3642 3747 3746 3643 3644 3748 3643 3748 3747 3644 3645 3749 3644 3749 3748 3645 3646 3750 3645 3750 3749 3646 3647 3751 3646 3751 3750 3647 3648 3752 3647 3752 3751 3648 3649 3753 3648 3753 3752 3649 3650 3754 3649 3754 3753 3650 3651 3755 3650 3755 3754 3651 3652 3756 3651 3756 3755 3652 3653 3757 3652 3757 3756 3653 3654 3758 3653 3758 3757 3654 3655 3759 3654 3759 3758 3655 3656 3760 3655 3760 3759 3656 3657 3761 3656 3761 3760 3657 3658 3762 3657 3762 3761 3658 3659 3763 3658 3763 3762 3659 3660 3764 3659 3764 3763 3660 3661 3765 3660 3765 3764 3661 3662 3766 3661 3766 3765 3662 3663 3767 3662 3767 3766 3663 3664 3768 3663 3768 3767 3664 3665 3769 3664 3769 3768 3665 3666 3770 3665 3770 3769 3666 3667 3771 3666 3771 3770 3667 3668 3772 3667 3772 3771 3668 3669 3773 3668 3773 3772 3669 3670 3774 3669 3774 3773 3670 3671 3775 3670 3775 3774 3671 3672 3776 3671 3776 3775 3672 3673 3777 3672 3777 3776 3673 3674 3778 3673 3778 3777 3674 3675 3779 3674 3779 3778 3675 3676 3780 3675 3780 3779 3676 3677 3781 3676 3781 3780 3677 3678 3782 3677 3782 3781 3678 3679 3783 3678 3783 3782 3679 3680 3784 3679 3784 3783 3680 3681 3785 3680 3785 3784 3681 3682 3786 3681 3786 3785 3682 3683 3787 3682 3787 3786 3683 3684 3788 3683 3788 3787 3684 3685 3789 3684 3789 3788 3685 3686 3790 3685 3790 3789 3686 3687 3791 3686 3791 3790 3689 3688 3792 3689 3792 3793 3688 3690 3794 3688 3794 3792 3690 3691 3795 3690 3795 3794 3691 3692 3796 3691 3796 3795 3692 3693 3797 3692 3797 3796 3693 3694 3798 3693 3798 3797 3694 3695 3799 3694 3799 3798 3695 3696 3800 3695 3800 3799 3696 3697 3801 3696 3801 3800 3697 3698 3802 3697 3802 3801 3698 3699 3803 3698 3803 3802 3699 3700 3804 3699 3804 3803 3700 3701 3805 3700 3805 3804 3701 3702 3806 3701 3806 3805 3702 3703 3807 3702 3807 3806 3703 3704 3808 3703 3808 3807 3704 3705 3809 3704 3809 3808 3705 3706 3810 3705 3810 3809 3706 3707 3811 3706 3811 3810 3707 3708 3812 3707 3812 3811 3708 3709 3813 3708 3813 3812 3709 3710 3814 3709 3814 3813 3710 3711 3815 3710 3815 3814 3711 3712 3816 3711 3816 3815 3712 3713 3817 3712 3817 3816 3713 3714 3818 3713 3818 3817 3714 3715 3819 3714 3819 3818 3715 3716 3820 3715 3820 3819 3716 3717 3821 3716 3821 3820 3717 3718 3822 3717 3822 3821 3718 3719 3823 3718 3823 3822 3719 3720 3824 3719 3824 3823 3720 3721 3825 3720 3825 3824 3721 3722 3826 3721 3826 3825 3722 3723 3827 3722 3827 3826 3723 3724 3828 3723 3828 3827 3724 3725 3829 3724 3829 3828 3725 3726 3830 3725 3830 3829 3726 3727 3831 3726 3831 3830 3727 3728 3832 3727 3832 3831 3728 3729 3833 3728 3833 3832 3729 3730 3834 3729 3834 3833 3730 3731 3835 3730 3835 3834 3731 3732 3836 3731 3836 3835 3732 3733 3837 3732 3837 3836 3734 3736 3838 3734 3838 3839 3736 3737 3840 3736 3840 3838 3737 3738 3841 3737 3841 3840 3738 3739 3842 3738 3842 3841 3739 3740 3843 3739 3843 3842 3740 3741 3844 3740 3844 3843 3741 3742 3845 3741 3845 3844 3742 3743 3846 3742 3846 3845 3743 3744 3847 3743 3847 3846 3744 3745 3848 3744 3848 3847 3745 3746 3849 3745 3849 3848 3746 3747 3850 3746 3850 3849 3747 3748 3851 3747 3851 3850 3748 3749 3852 3748 3852 3851 3749 3750 3853 3749 3853 3852 3750 3751 3854 3750 3854 3853 3751 3752 3855 3751 3855 3854 3752 3753 3856 3752 3856 3855 3753 3754 3857 3753 3857 3856 3754 3755 3858 3754 3858 3857 3755 3756 3859 3755 3859 3858 3756 3757 3860 3756 3860 3859 3757 3758 3861 3757 3861 3860 3758 3759 3862 3758 3862 3861 3759 3760 3863 3759 3863 3862 3760 3761 3864 3760 3864 3863 3761 3762 3865 3761 3865 3864 3762 3763 3866 3762 3866 3865 3763 3764 3867 3763 3867 3866 3764 3765 3868 3764 3868 3867 3765 3766 3869 3765 3869 3868 3766 3767 3870 3766 3870 3869 3767 3768 3871 3767 3871 3870 3768 3769 3872 3768 3872 3871 3769 3770 3873 3769 3873 3872 3770 3771 3874 3770 3874 3873 3771 3772 3875 3771 3875 3874 3772 3773 3876 3772 3876 3875 3773 3774 3877 3773 3877 3876 3774 3775 3878 3774 3878 3877 3775 3776 3879 3775 3879 3878 3776 3777 3880 3776 3880 3879 3777 3778 3881 3777 3881 3880 3778 3779 3882 3778 3882 3881 3779 3780 3883 3779 3883 3882 3780 3781 3884 3780 3884 3883 3781 3782 3885 3781 3885 3884 3782 3783 3886 3782 3886 3885 3783 3784 3887 3783 3887 3886 3784 3785 3888 3784 3888 3887 3785 3786 3889 3785 3889 3888 3786 3787 3890 3786 3890 3889 3787 3788 3891 3787 3891 3890 3788 3789 3892 3788 3892 3891 3789 3790 3893 3789 3893 3892 3790 3791 3894 3790 3894 3893 3793 3792 3895 3793 3895 3896 3792 3794 3897 3792 3897 3895 3794 3795 3898 3794 3898 3897 3795 3796 3899 3795 3899 3898 3796 3797 3900 3796 3900 3899 3797 3798 3901 3797 3901 3900 3798 3799 3902 3798 3902 3901 3799 3800 3903 3799 3903 3902 3800 3801 3904 3800 3904 3903 3801 3802 3905 3801 3905 3904 3802 3803 3906 3802 3906 3905 3803 3804 3907 3803 3907 3906 3804 3805 3908 3804 3908 3907 3805 3806 3909 3805 3909 3908 3806 3807 3910 3806 3910 3909 3807 3808 3911 3807 3911 3910 3808 3809 3912 3808 3912 3911 3809 3810 3913 3809 3913 3912 3810 3811 3914 3810 3914 3913 3811 3812 3915 3811 3915 3914 3812 3813 3916 3812 3916 3915 3813 3814 3917 3813 3917 3916 3814 3815 3918 3814 3918 3917 3815 3816 3919 3815 3919 3918 3816 3817 3920 3816 3920 3919 3817 3818 3921 3817 3921 3920 3818 3819 3922 3818 3922 3921 3819 3820 3923 3819 3923 3922 3820 3821 3924 3820 3924 3923 3821 3822 3925 3821 3925 3924 3822 3823 3926 3822 3926 3925 3823 3824 3927 3823 3927 3926 3824 3825 3928 3824 3928 3927 3825 3826 3929 3825 3929 3928 3826 3827 3930 3826 3930 3929 3827 3828 3931 3827 3931 3930 3828 3829 3932 3828 3932 3931 3829 3830 3933 3829 3933 3932 3830 3831 3934 3830 3934 3933 3831 3832 3935 3831 3935 3934 3832 3833 3936 3832 3936 3935 3833 3834 3937 3833 3937 3936 3834 3835 3938 3834 3938 3937 3835 3836 3939 3835 3939 3938 3836 3837 3940 3836 3940 3939 3838 3840 3941 3838 3941 3942 3840 3841 3943 3840 3943 3941 3841 3842 3944 3841 3944 3943 3842 3843 3945 3842 3945 3944 3843 3844 3946 3843 3946 3945 3844 3845 3947 3844 3947 3946 3845 3846 3948 3845 3948 3947 3846 3847 3949 3846 3949 3948 3847 3848 3950 3847 3950 3949 3848 3849 3951 3848 3951 3950 3849 3850 3952 3849 3952 3951 3850 3851 3953 3850 3953 3952 3851 3852 3954 3851 3954 3953 3852 3853 3955 3852 3955 3954 3853 3854 3956 3853 3956 3955 3854 3855 3957 3854 3957 3956 3855 3856 3958 3855 3958 3957 3856 3857 3959 3856 3959 3958 3857 3858 3960 3857 3960 3959 3858 3859 3961 3858 3961 3960 3859 3860 3962 3859 3962 3961 3860 3861 3963 3860 3963 3962 3861 3862 3964 3861 3964 3963 3862 3863 3965 3862 3965 3964 3863 3864 3966 3863 3966 3965 3864 3865 3967 3864 3967 3966 3865 3866 3968 3865 3968 3967 3866 3867 3969 3866 3969 3968 3867 3868 3970 3867 3970 3969 3868 3869 3971 3868 3971 3970 3869 3870 3972 3869 3972 3971 3870 3871 3973 3870 3973 3972 3871 3872 3974 3871 3974 3973 3872 3873 3975 3872 3975 3974 3873 3874 3976 3873 3976 3975 3874 3875 3977 3874 3977 3976 3875 3876 3978 3875 3978 3977 3876 3877 3979 3876 3979 3978 3877 3878 3980 3877 3980 3979 3878 3879 3981 3878 3981 3980 3879 3880 3982 3879 3982 3981 3880 3881 3983 3880 3983 3982 3881 3882 3984 3881 3984 3983 3882 3883 3985 3882 3985 3984 3883 3884 3986 3883 3986 3985 3884 3885 3987 3884 3987 3986 3885 3886 3988 3885 3988 3987 3886 3887 3989 3886 3989 3988 3887 3888 3990 3887 3990 3989 3888 3889 3991 3888 3991 3990 3889 3890 3992 3889 3992 3991 3890 3891 3993 3890 3993 3992 3891 3892 3994 3891 3994 3993 3892 3893 3995 3892 3995 3994 3893 3894 3996 3893 3996 3995 3896 3895 3997 3896 3997 3998 3895 3897 3999 3895 3999 3997 3897 3898 4000 3897 4000 3999 3898 3899 4001 3898 4001 4000 3899 3900 4002 3899 4002 4001 3900 3901 4003 3900 4003 4002 3901 3902 4004 3901 4004 4003 3902 3903 4005 3902 4005 4004 3903 3904 4006 3903 4006 4005 3904 3905 4007 3904 4007 4006 3905 3906 4008 3905 4008 4007 3906 3907 4009 3906 4009 4008 3907 3908 4010 3907 4010 4009 3908 3909 4011 3908 4011 4010 3909 3910 4012 3909 4012 4011 3910 3911 4013 3910 4013 4012 3911 3912 4014 3911 4014 4013 3912 3913 4015 3912 4015 4014 3913 3914 4016 3913 4016 4015 3914 3915 4017 3914 4017 4016 3915 3916 4018 3915 4018 4017 3916 3917 4019 3916 4019 4018 3917 3918 4020 3917 4020 4019 3918 3919 4021 3918 4021 4020 3919 3920 4022 3919 4022 4021 3920 3921 4023 3920 4023 4022 3921 3922 4024 3921 4024 4023 3922 3923 4025 3922 4025 4024 3923 3924 4026 3923 4026 4025 3924 3925 4027 3924 4027 4026 3925 3926 4028 3925 4028 4027 3926 3927 4029 3926 4029 4028 3927 3928 4030 3927 4030 4029 3928 3929 4031 3928 4031 4030 3929 3930 4032 3929 4032 4031 3930 3931 4033 3930 4033 4032 3931 3932 4034 3931 4034 4033 3932 3933 4035 3932 4035 4034 3933 3934 4036 3933 4036 4035 3934 3935 4037 3934 4037 4036 3935 3936 4038 3935 4038 4037 3936 3937 4039 3936 4039 4038 3937 3938 4040 3937 4040 4039 3938 3939 4041 3938 4041 4040 3943 3944 4042 3943 4042 4043 3944 3945 4044 3944 4044 4042 3945 3946 4045 3945 4045 4044 3946 3947 4046 3946 4046 4045 3947 3948 4047 3947 4047 4046 3948 3949 4048 3948 4048 4047 3949 3950 4049 3949 4049 4048 3950 3951 4050 3950 4050 4049 3951 3952 4051 3951 4051 4050 3952 3953 4052 3952 4052 4051 3953 3954 4053 3953 4053 4052 3954 3955 4054 3954 4054 4053 3955 3956 4055 3955 4055 4054 3956 3957 4056 3956 4056 4055 3957 3958 4057 3957 4057 4056 3958 3959 4058 3958 4058 4057 3959 3960 4059 3959 4059 4058 3960 3961 4060 3960 4060 4059 3961 3962 4061 3961 4061 4060 3962 3963 4062 3962 4062 4061 3963 3964 4063 3963 4063 4062 3964 3965 4064 3964 4064 4063 3965 3966 4065 3965 4065 4064 3966 3967 4066 3966 4066 4065 3967 3968 4067 3967 4067 4066 3968 3969 4068 3968 4068 4067 3969 3970 4069 3969 4069 4068 3970 3971 4070 3970 4070 4069 3971 3972 4071 3971 4071 4070 3972 3973 4072 3972 4072 4071 3973 3974 4073 3973 4073 4072 3974 3975 4074 3974 4074 4073 3975 3976 4075 3975 4075 4074 3976 3977 4076 3976 4076 4075 3977 3978 4077 3977 4077 4076 3978 3979 4078 3978 4078 4077 3979 3980 4079 3979 4079 4078 3980 3981 4080 3980 4080 4079 3981 3982 4081 3981 4081 4080 3982 3983 4082 3982 4082 4081 3983 3984 4083 3983 4083 4082 3984 3985 4084 3984 4084 4083 3985 3986 4085 3985 4085 4084 3986 3987 4086 3986 4086 4085 3987 3988 4087 3987 4087 4086 3988 3989 4088 3988 4088 4087 3989 3990 4089 3989 4089 4088 3990 3991 4090 3990 4090 4089 3991 3992 4091 3991 4091 4090 3992 3993 4092 3992 4092 4091 3993 3994 4093 3993 4093 4092 3994 3995 4094 3994 4094 4093 3995 3996 4095 3995 4095 4094 3998 3997 4096 3998 4096 4097 3997 3999 4098 3997 4098 4096 3999 4000 4099 3999 4099 4098 4000 4001 4100 4000 4100 4099 4001 4002 4101 4001 4101 4100 4002 4003 4102 4002 4102 4101 4003 4004 4103 4003 4103 4102 4004 4005 4104 4004 4104 4103 4005 4006 4105 4005 4105 4104 4006 4007 4106 4006 4106 4105 4007 4008 4107 4007 4107 4106 4008 4009 4108 4008 4108 4107 4009 4010 4109 4009 4109 4108 4010 4011 4110 4010 4110 4109 4011 4012 4111 4011 4111 4110 4012 4013 4112 4012 4112 4111 4013 4014 4113 4013 4113 4112 4014 4015 4114 4014 4114 4113 4015 4016 4115 4015 4115 4114 4016 4017 4116 4016 4116 4115 4017 4018 4117 4017 4117 4116 4018 4019 4118 4018 4118 4117 4019 4020 4119 4019 4119 4118 4020 4021 4120 4020 4120 4119 4021 4022 4121 4021 4121 4120 4022 4023 4122 4022 4122 4121 4023 4024 4123 4023 4123 4122 4024 4025 4124 4024 4124 4123 4025 4026 4125 4025 4125 4124 4026 4027 4126 4026 4126 4125 4027 4028 4127 4027 4127 4126 4028 4029 4128 4028 4128 4127 4029 4030 4129 4029 4129 4128 4030 4031 4130 4030 4130 4129 4031 4032 4131 4031 4131 4130 4032 4033 4132 4032 4132 4131 4033 4034 4133 4033 4133 4132 4034 4035 4134 4034 4134 4133 4035 4036 4135 4035 4135 4134 4036 4037 4136 4036 4136 4135 4037 4038 4137 4037 4137 4136 4038 4039 4138 4038 4138 4137 4039 4040 4139 4039 4139 4138 4040 4041 4140 4040 4140 4139 4042 4044 4141 4042 4141 4142 4044 4045 4143 4044 4143 4141 4045 4046 4144 4045 4144 4143 4046 4047 4145 4046 4145 4144 4047 4048 4146 4047 4146 4145 4048 4049 4147 4048 4147 4146 4049 4050 4148 4049 4148 4147 4050 4051 4149 4050 4149 4148 4051 4052 4150 4051 4150 4149 4052 4053 4151 4052 4151 4150 4053 4054 4152 4053 4152 4151 4054 4055 4153 4054 4153 4152 4055 4056 4154 4055 4154 4153 4056 4057 4155 4056 4155 4154 4057 4058 4156 4057 4156 4155 4058 4059 4157 4058 4157 4156 4059 4060 4158 4059 4158 4157 4060 4061 4159 4060 4159 4158 4061 4062 4160 4061 4160 4159 4062 4063 4161 4062 4161 4160 4063 4064 4162 4063 4162 4161 4064 4065 4163 4064 4163 4162 4065 4066 4164 4065 4164 4163 4066 4067 4165 4066 4165 4164 4067 4068 4166 4067 4166 4165 4068 4069 4167 4068 4167 4166 4069 4070 4168 4069 4168 4167 4070 4071 4169 4070 4169 4168 4071 4072 4170 4071 4170 4169 4072 4073 4171 4072 4171 4170 4073 4074 4172 4073 4172 4171 4074 4075 4173 4074 4173 4172 4075 4076 4174 4075 4174 4173 4076 4077 4175 4076 4175 4174 4077 4078 4176 4077 4176 4175 4078 4079 4177 4078 4177 4176 4079 4080 4178 4079 4178 4177 4080 4081 4179 4080 4179 4178 4081 4082 4180 4081 4180 4179 4082 4083 4181 4082 4181 4180 4083 4084 4182 4083 4182 4181 4084 4085 4183 4084 4183 4182 4085 4086 4184 4085 4184 4183 4086 4087 4185 4086 4185 4184 4087 4088 4186 4087 4186 4185 4088 4089 4187 4088 4187 4186 4089 4090 4188 4089 4188 4187 4090 4091 4189 4090 4189 4188 4091 4092 4190 4091 4190 4189 4092 4093 4191 4092 4191 4190 4093 4094 4192 4093 4192 4191 4094 4095 4193 4094 4193 4192 4097 4096 4194 4097 4194 4195 4096 4098 4196 4096 4196 4194 4098 4099 4197 4098 4197 4196 4099 4100 4198 4099 4198 4197 4100 4101 4199 4100 4199 4198 4101 4102 4200 4101 4200 4199 4102 4103 4201 4102 4201 4200 4103 4104 4202 4103 4202 4201 4104 4105 4203 4104 4203 4202 4105 4106 4204 4105 4204 4203 4106 4107 4205 4106 4205 4204 4107 4108 4206 4107 4206 4205 4108 4109 4207 4108 4207 4206 4109 4110 4208 4109 4208 4207 4110 4111 4209 4110 4209 4208 4111 4112 4210 4111 4210 4209 4112 4113 4211 4112 4211 4210 4113 4114 4212 4113 4212 4211 4114 4115 4213 4114 4213 4212 4115 4116 4214 4115 4214 4213 4116 4117 4215 4116 4215 4214 4117 4118 4216 4117 4216 4215 4118 4119 4217 4118 4217 4216 4119 4120 4218 4119 4218 4217 4120 4121 4219 4120 4219 4218 4121 4122 4220 4121 4220 4219 4122 4123 4221 4122 4221 4220 4123 4124 4222 4123 4222 4221 4124 4125 4223 4124 4223 4222 4125 4126 4224 4125 4224 4223 4126 4127 4225 4126 4225 4224 4127 4128 4226 4127 4226 4225 4128 4129 4227 4128 4227 4226 4129 4130 4228 4129 4228 4227 4130 4131 4229 4130 4229 4228 4131 4132 4230 4131 4230 4229 4132 4133 4231 4132 4231 4230 4133 4134 4232 4133 4232 4231 4134 4135 4233 4134 4233 4232 4135 4136 4234 4135 4234 4233 4136 4137 4235 4136 4235 4234 4137 4138 4236 4137 4236 4235 4138 4139 4237 4138 4237 4236 4139 4140 4238 4139 4238 4237 4143 4144 4239 4143 4239 4240 4144 4145 4241 4144 4241 4239 4145 4146 4242 4145 4242 4241 4146 4147 4243 4146 4243 4242 4147 4148 4244 4147 4244 4243 4148 4149 4245 4148 4245 4244 4149 4150 4246 4149 4246 4245 4150 4151 4247 4150 4247 4246 4151 4152 4248 4151 4248 4247 4152 4153 4249 4152 4249 4248 4153 4154 4250 4153 4250 4249 4154 4155 4251 4154 4251 4250 4155 4156 4252 4155 4252 4251 4156 4157 4253 4156 4253 4252 4157 4158 4254 4157 4254 4253 4158 4159 4255 4158 4255 4254 4159 4160 4256 4159 4256 4255 4160 4161 4257 4160 4257 4256 4161 4162 4258 4161 4258 4257 4162 4163 4259 4162 4259 4258 4163 4164 4260 4163 4260 4259 4164 4165 4261 4164 4261 4260 4165 4166 4262 4165 4262 4261 4166 4167 4263 4166 4263 4262 4167 4168 4264 4167 4264 4263 4168 4169 4265 4168 4265 4264 4169 4170 4266 4169 4266 4265 4170 4171 4267 4170 4267 4266 4171 4172 4268 4171 4268 4267 4172 4173 4269 4172 4269 4268 4173 4174 4270 4173 4270 4269 4174 4175 4271 4174 4271 4270 4175 4176 4272 4175 4272 4271 4176 4177 4273 4176 4273 4272 4177 4178 4274 4177 4274 4273 4178 4179 4275 4178 4275 4274 4179 4180 4276 4179 4276 4275 4180 4181 4277 4180 4277 4276 4181 4182 4278 4181 4278 4277 4182 4183 4279 4182 4279 4278 4183 4184 4280 4183 4280 4279 4184 4185 4281 4184 4281 4280 4185 4186 4282 4185 4282 4281 4186 4187 4283 4186 4283 4282 4187 4188 4284 4187 4284 4283 4188 4189 4285 4188 4285 4284 4189 4190 4286 4189 4286 4285 4190 4191 4287 4190 4287 4286 4191 4192 4288 4191 4288 4287 4192 4193 4289 4192 4289 4288 4195 4194 4290 4195 4290 4291 4194 4196 4292 4194 4292 4290 4196 4197 4293 4196 4293 4292 4197 4198 4294 4197 4294 4293 4198 4199 4295 4198 4295 4294 4199 4200 4296 4199 4296 4295 4200 4201 4297 4200 4297 4296 4201 4202 4298 4201 4298 4297 4202 4203 4299 4202 4299 4298 4203 4204 4300 4203 4300 4299 4204 4205 4301 4204 4301 4300 4205 4206 4302 4205 4302 4301 4206 4207 4303 4206 4303 4302 4207 4208 4304 4207 4304 4303 4208 4209 4305 4208 4305 4304 4209 4210 4306 4209 4306 4305 4210 4211 4307 4210 4307 4306 4211 4212 4308 4211 4308 4307 4212 4213 4309 4212 4309 4308 4213 4214 4310 4213 4310 4309 4214 4215 4311 4214 4311 4310 4215 4216 4312 4215 4312 4311 4216 4217 4313 4216 4313 4312 4217 4218 4314 4217 4314 4313 4218 4219 4315 4218 4315 4314 4219 4220 4316 4219 4316 4315 4220 4221 4317 4220 4317 4316 4221 4222 4318 4221 4318 4317 4222 4223 4319 4222 4319 4318 4223 4224 4320 4223 4320 4319 4224 4225 4321 4224 4321 4320 4225 4226 4322 4225 4322 4321 4226 4227 4323 4226 4323 4322 4227 4228 4324 4227 4324 4323 4228 4229 4325 4228 4325 4324 4229 4230 4326 4229 4326 4325 4230 4231 4327 4230 4327 4326 4231 4232 4328 4231 4328 4327 4232 4233 4329 4232 4329 4328 4233 4234 4330 4233 4330 4329 4234 4235 4331 4234 4331 4330 4235 4236 4332 4235 4332 4331 4236 4237 4333 4236 4333 4332 4239 4241 4334 4239 4334 4335 4241 4242 4336 4241 4336 4334 4242 4243 4337 4242 4337 4336 4243 4244 4338 4243 4338 4337 4244 4245 4339 4244 4339 4338 4245 4246 4340 4245 4340 4339 4246 4247 4341 4246 4341 4340 4247 4248 4342 4247 4342 4341 4248 4249 4343 4248 4343 4342 4249 4250 4344 4249 4344 4343 4250 4251 4345 4250 4345 4344 4251 4252 4346 4251 4346 4345 4252 4253 4347 4252 4347 4346 4253 4254 4348 4253 4348 4347 4254 4255 4349 4254 4349 4348 4255 4256 4350 4255 4350 4349 4256 4257 4351 4256 4351 4350 4257 4258 4352 4257 4352 4351 4258 4259 4353 4258 4353 4352 4259 4260 4354 4259 4354 4353 4260 4261 4355 4260 4355 4354 4261 4262 4356 4261 4356 4355 4262 4263 4357 4262 4357 4356 4263 4264 4358 4263 4358 4357 4264 4265 4359 4264 4359 4358 4265 4266 4360 4265 4360 4359 4266 4267 4361 4266 4361 4360 4267 4268 4362 4267 4362 4361 4268 4269 4363 4268 4363 4362 4269 4270 4364 4269 4364 4363 4270 4271 4365 4270 4365 4364 4271 4272 4366 4271 4366 4365 4272 4273 4367 4272 4367 4366 4273 4274 4368 4273 4368 4367 4274 4275 4369 4274 4369 4368 4275 4276 4370 4275 4370 4369 4276 4277 4371 4276 4371 4370 4277 4278 4372 4277 4372 4371 4278 4279 4373 4278 4373 4372 4279 4280 4374 4279 4374 4373 4280 4281 4375 4280 4375 4374 4281 4282 4376 4281 4376 4375 4282 4283 4377 4282 4377 4376 4283 4284 4378 4283 4378 4377 4284 4285 4379 4284 4379 4378 4285 4286 4380 4285 4380 4379 4286 4287 4381 4286 4381 4380 4287 4288 4382 4287 4382 4381 4288 4289 4383 4288 4383 4382 4291 4290 4384 4291 4384 4385 4290 4292 4386 4290 4386 4384 4292 4293 4387 4292 4387 4386 4293 4294 4388 4293 4388 4387 4294 4295 4389 4294 4389 4388 4295 4296 4390 4295 4390 4389 4296 4297 4391 4296 4391 4390 4297 4298 4392 4297 4392 4391 4298 4299 4393 4298 4393 4392 4299 4300 4394 4299 4394 4393 4300 4301 4395 4300 4395 4394 4301 4302 4396 4301 4396 4395 4302 4303 4397 4302 4397 4396 4303 4304 4398 4303 4398 4397 4304 4305 4399 4304 4399 4398 4305 4306 4400 4305 4400 4399 4306 4307 4401 4306 4401 4400 4307 4308 4402 4307 4402 4401 4308 4309 4403 4308 4403 4402 4309 4310 4404 4309 4404 4403 4310 4311 4405 4310 4405 4404 4311 4312 4406 4311 4406 4405 4312 4313 4407 4312 4407 4406 4313 4314 4408 4313 4408 4407 4314 4315 4409 4314 4409 4408 4315 4316 4410 4315 4410 4409 4316 4317 4411 4316 4411 4410 4317 4318 4412 4317 4412 4411 4318 4319 4413 4318 4413 4412 4319 4320 4414 4319 4414 4413 4320 4321 4415 4320 4415 4414 4321 4322 4416 4321 4416 4415 4322 4323 4417 4322 4417 4416 4323 4324 4418 4323 4418 4417 4324 4325 4419 4324 4419 4418 4325 4326 4420 4325 4420 4419 4326 4327 4421 4326 4421 4420 4327 4328 4422 4327 4422 4421 4328 4329 4423 4328 4423 4422 4329 4330 4424 4329 4424 4423 4330 4331 4425 4330 4425 4424 4331 4332 4426 4331 4426 4425 4332 4333 4427 4332 4427 4426 4334 4336 4428 4334 4428 4429 4336 4337 4430 4336 4430 4428 4337 4338 4431 4337 4431 4430 4338 4339 4432 4338 4432 4431 4339 4340 4433 4339 4433 4432 4340 4341 4434 4340 4434 4433 4341 4342 4435 4341 4435 4434 4342 4343 4436 4342 4436 4435 4343 4344 4437 4343 4437 4436 4344 4345 4438 4344 4438 4437 4345 4346 4439 4345 4439 4438 4346 4347 4440 4346 4440 4439 4347 4348 4441 4347 4441 4440 4348 4349 4442 4348 4442 4441 4349 4350 4443 4349 4443 4442 4350 4351 4444 4350 4444 4443 4351 4352 4445 4351 4445 4444 4352 4353 4446 4352 4446 4445 4353 4354 4447 4353 4447 4446 4354 4355 4448 4354 4448 4447 4355 4356 4449 4355 4449 4448 4356 4357 4450 4356 4450 4449 4357 4358 4451 4357 4451 4450 4358 4359 4452 4358 4452 4451 4359 4360 4453 4359 4453 4452 4360 4361 4454 4360 4454 4453 4361 4362 4455 4361 4455 4454 4362 4363 4456 4362 4456 4455 4363 4364 4457 4363 4457 4456 4364 4365 4458 4364 4458 4457 4365 4366 4459 4365 4459 4458 4366 4367 4460 4366 4460 4459 4367 4368 4461 4367 4461 4460 4368 4369 4462 4368 4462 4461 4369 4370 4463 4369 4463 4462 4370 4371 4464 4370 4464 4463 4371 4372 4465 4371 4465 4464 4372 4373 4466 4372 4466 4465 4373 4374 4467 4373 4467 4466 4374 4375 4468 4374 4468 4467 4375 4376 4469 4375 4469 4468 4376 4377 4470 4376 4470 4469 4377 4378 4471 4377 4471 4470 4378 4379 4472 4378 4472 4471 4379 4380 4473 4379 4473 4472 4380 4381 4474 4380 4474 4473 4381 4382 4475 4381 4475 4474 4382 4383 4476 4382 4476 4475 4385 4384 4477 4385 4477 4478 4384 4386 4479 4384 4479 4477 4386 4387 4480 4386 4480 4479 4387 4388 4481 4387 4481 4480 4388 4389 4482 4388 4482 4481 4389 4390 4483 4389 4483 4482 4390 4391 4484 4390 4484 4483 4391 4392 4485 4391 4485 4484 4392 4393 4486 4392 4486 4485 4393 4394 4487 4393 4487 4486 4394 4395 4488 4394 4488 4487 4395 4396 4489 4395 4489 4488 4396 4397 4490 4396 4490 4489 4397 4398 4491 4397 4491 4490 4398 4399 4492 4398 4492 4491 4399 4400 4493 4399 4493 4492 4400 4401 4494 4400 4494 4493 4401 4402 4495 4401 4495 4494 4402 4403 4496 4402 4496 4495 4403 4404 4497 4403 4497 4496 4404 4405 4498 4404 4498 4497 4405 4406 4499 4405 4499 4498 4406 4407 4500 4406 4500 4499 4407 4408 4501 4407 4501 4500 4408 4409 4502 4408 4502 4501 4409 4410 4503 4409 4503 4502 4410 4411 4504 4410 4504 4503 4411 4412 4505 4411 4505 4504 4412 4413 4506 4412 4506 4505 4413 4414 4507 4413 4507 4506 4414 4415 4508 4414 4508 4507 4415 4416 4509 4415 4509 4508 4416 4417 4510 4416 4510 4509 4417 4418 4511 4417 4511 4510 4418 4419 4512 4418 4512 4511 4419 4420 4513 4419 4513 4512 4420 4421 4514 4420 4514 4513 4421 4422 4515 4421 4515 4514 4422 4423 4516 4422 4516 4515 4423 4424 4517 4423 4517 4516 4424 4425 4518 4424 4518 4517 4425 4426 4519 4425 4519 4518 4426 4427 4520 4426 4520 4519 4428 4430 4521 4428 4521 4522 4430 4431 4523 4430 4523 4521 4431 4432 4524 4431 4524 4523 4432 4433 4525 4432 4525 4524 4433 4434 4526 4433 4526 4525 4434 4435 4527 4434 4527 4526 4435 4436 4528 4435 4528 4527 4436 4437 4529 4436 4529 4528 4437 4438 4530 4437 4530 4529 4438 4439 4531 4438 4531 4530 4439 4440 4532 4439 4532 4531 4440 4441 4533 4440 4533 4532 4441 4442 4534 4441 4534 4533 4442 4443 4535 4442 4535 4534 4443 4444 4536 4443 4536 4535 4444 4445 4537 4444 4537 4536 4445 4446 4538 4445 4538 4537 4446 4447 4539 4446 4539 4538 4447 4448 4540 4447 4540 4539 4448 4449 4541 4448 4541 4540 4449 4450 4542 4449 4542 4541 4450 4451 4543 4450 4543 4542 4451 4452 4544 4451 4544 4543 4452 4453 4545 4452 4545 4544 4453 4454 4546 4453 4546 4545 4454 4455 4547 4454 4547 4546 4455 4456 4548 4455 4548 4547 4456 4457 4549 4456 4549 4548 4457 4458 4550 4457 4550 4549 4458 4459 4551 4458 4551 4550 4459 4460 4552 4459 4552 4551 4460 4461 4553 4460 4553 4552 4461 4462 4554 4461 4554 4553 4462 4463 4555 4462 4555 4554 4463 4464 4556 4463 4556 4555 4464 4465 4557 4464 4557 4556 4465 4466 4558 4465 4558 4557 4466 4467 4559 4466 4559 4558 4467 4468 4560 4467 4560 4559 4468 4469 4561 4468 4561 4560 4469 4470 4562 4469 4562 4561 4470 4471 4563 4470 4563 4562 4471 4472 4564 4471 4564 4563 4472 4473 4565 4472 4565 4564 4473 4474 4566 4473 4566 4565 4474 4475 4567 4474 4567 4566 4475 4476 4568 4475 4568 4567 4478 4477 4569 4478 4569 4570 4477 4479 4571 4477 4571 4569 4479 4480 4572 4479 4572 4571 4480 4481 4573 4480 4573 4572 4481 4482 4574 4481 4574 4573 4482 4483 4575 4482 4575 4574 4483 4484 4576 4483 4576 4575 4484 4485 4577 4484 4577 4576 4485 4486 4578 4485 4578 4577 4486 4487 4579 4486 4579 4578 4487 4488 4580 4487 4580 4579 4488 4489 4581 4488 4581 4580 4489 4490 4582 4489 4582 4581 4490 4491 4583 4490 4583 4582 4491 4492 4584 4491 4584 4583 4492 4493 4585 4492 4585 4584 4493 4494 4586 4493 4586 4585 4494 4495 4587 4494 4587 4586 4495 4496 4588 4495 4588 4587 4496 4497 4589 4496 4589 4588 4497 4498 4590 4497 4590 4589 4498 4499 4591 4498 4591 4590 4499 4500 4592 4499 4592 4591 4500 4501 4593 4500 4593 4592 4501 4502 4594 4501 4594 4593 4502 4503 4595 4502 4595 4594 4503 4504 4596 4503 4596 4595 4504 4505 4597 4504 4597 4596 4505 4506 4598 4505 4598 4597 4506 4507 4599 4506 4599 4598 4507 4508 4600 4507 4600 4599 4508 4509 4601 4508 4601 4600 4509 4510 4602 4509 4602 4601 4510 4511 4603 4510 4603 4602 4511 4512 4604 4511 4604 4603 4512 4513 4605 4512 4605 4604 4513 4514 4606 4513 4606 4605 4514 4515 4607 4514 4607 4606 4515 4516 4608 4515 4608 4607 4516 4517 4609 4516 4609 4608 4517 4518 4610 4517 4610 4609 4518 4519 4611 4518 4611 4610 4521 4523 4612 4521 4612 4613 4523 4524 4614 4523 4614 4612 4524 4525 4615 4524 4615 4614 4525 4526 4616 4525 4616 4615 4526 4527 4617 4526 4617 4616 4527 4528 4618 4527 4618 4617 4528 4529 4619 4528 4619 4618 4529 4530 4620 4529 4620 4619 4530 4531 4621 4530 4621 4620 4531 4532 4622 4531 4622 4621 4532 4533 4623 4532 4623 4622 4533 4534 4624 4533 4624 4623 4534 4535 4625 4534 4625 4624 4535 4536 4626 4535 4626 4625 4536 4537 4627 4536 4627 4626 4537 4538 4628 4537 4628 4627 4538 4539 4629 4538 4629 4628 4539 4540 4630 4539 4630 4629 4540 4541 4631 4540 4631 4630 4541 4542 4632 4541 4632 4631 4542 4543 4633 4542 4633 4632 4543 4544 4634 4543 4634 4633 4544 4545 4635 4544 4635 4634 4545 4546 4636 4545 4636 4635 4546 4547 4637 4546 4637 4636 4547 4548 4638 4547 4638 4637 4548 4549 4639 4548 4639 4638 4549 4550 4640 4549 4640 4639 4550 4551 4641 4550 4641 4640 4551 4552 4642 4551 4642 4641 4552 4553 4643 4552 4643 4642 4553 4554 4644 4553 4644 4643 4554 4555 4645 4554 4645 4644 4555 4556 4646 4555 4646 4645 4556 4557 4647 4556 4647 4646 4557 4558 4648 4557 4648 4647 4558 4559 4649 4558 4649 4648 4559 4560 4650 4559 4650 4649 4560 4561 4651 4560 4651 4650 4561 4562 4652 4561 4652 4651 4562 4563 4653 4562 4653 4652 4563 4564 4654 4563 4654 4653 4564 4565 4655 4564 4655 4654 4565 4566 4656 4565 4656 4655 4566 4567 4657 4566 4657 4656 4567 4568 4658 4567 4658 4657 4570 4569 4659 4570 4659 4660 4569 4571 4661 4569 4661 4659 4571 4572 4662 4571 4662 4661 4572 4573 4663 4572 4663 4662 4573 4574 4664 4573 4664 4663 4574 4575 4665 4574 4665 4664 4575 4576 4666 4575 4666 4665 4576 4577 4667 4576 4667 4666 4577 4578 4668 4577 4668 4667 4578 4579 4669 4578 4669 4668 4579 4580 4670 4579 4670 4669 4580 4581 4671 4580 4671 4670 4581 4582 4672 4581 4672 4671 4582 4583 4673 4582 4673 4672 4583 4584 4674 4583 4674 4673 4584 4585 4675 4584 4675 4674 4585 4586 4676 4585 4676 4675 4586 4587 4677 4586 4677 4676 4587 4588 4678 4587 4678 4677 4588 4589 4679 4588 4679 4678 4589 4590 4680 4589 4680 4679 4590 4591 4681 4590 4681 4680 4591 4592 4682 4591 4682 4681 4592 4593 4683 4592 4683 4682 4593 4594 4684 4593 4684 4683 4594 4595 4685 4594 4685 4684 4595 4596 4686 4595 4686 4685 4596 4597 4687 4596 4687 4686 4597 4598 4688 4597 4688 4687 4598 4599 4689 4598 4689 4688 4599 4600 4690 4599 4690 4689 4600 4601 4691 4600 4691 4690 4601 4602 4692 4601 4692 4691 4602 4603 4693 4602 4693 4692 4603 4604 4694 4603 4694 4693 4604 4605 4695 4604 4695 4694 4605 4606 4696 4605 4696 4695 4606 4607 4697 4606 4697 4696 4607 4608 4698 4607 4698 4697 4608 4609 4699 4608 4699 4698 4609 4610 4700 4609 4700 4699 4610 4611 4701 4610 4701 4700 4612 4614 4702 4612 4702 4703 4614 4615 4704 4614 4704 4702 4615 4616 4705 4615 4705 4704 4616 4617 4706 4616 4706 4705 4617 4618 4707 4617 4707 4706 4618 4619 4708 4618 4708 4707 4619 4620 4709 4619 4709 4708 4620 4621 4710 4620 4710 4709 4621 4622 4711 4621 4711 4710 4622 4623 4712 4622 4712 4711 4623 4624 4713 4623 4713 4712 4624 4625 4714 4624 4714 4713 4625 4626 4715 4625 4715 4714 4626 4627 4716 4626 4716 4715 4627 4628 4717 4627 4717 4716 4628 4629 4718 4628 4718 4717 4629 4630 4719 4629 4719 4718 4630 4631 4720 4630 4720 4719 4631 4632 4721 4631 4721 4720 4632 4633 4722 4632 4722 4721 4633 4634 4723 4633 4723 4722 4634 4635 4724 4634 4724 4723 4635 4636 4725 4635 4725 4724 4636 4637 4726 4636 4726 4725 4637 4638 4727 4637 4727 4726 4638 4639 4728 4638 4728 4727 4639 4640 4729 4639 4729 4728 4640 4641 4730 4640 4730 4729 4641 4642 4731 4641 4731 4730 4642 4643 4732 4642 4732 4731 4643 4644 4733 4643 4733 4732 4644 4645 4734 4644 4734 4733 4645 4646 4735 4645 4735 4734 4646 4647 4736 4646 4736 4735 4647 4648 4737 4647 4737 4736 4648 4649 4738 4648 4738 4737 4649 4650 4739 4649 4739 4738 4650 4651 4740 4650 4740 4739 4651 4652 4741 4651 4741 4740 4652 4653 4742 4652 4742 4741 4653 4654 4743 4653 4743 4742 4654 4655 4744 4654 4744 4743 4655 4656 4745 4655 4745 4744 4656 4657 4746 4656 4746 4745 4657 4658 4747 4657 4747 4746 4660 4659 4748 4660 4748 4749 4659 4661 4750 4659 4750 4748 4661 4662 4751 4661 4751 4750 4662 4663 4752 4662 4752 4751 4663 4664 4753 4663 4753 4752 4664 4665 4754 4664 4754 4753 4665 4666 4755 4665 4755 4754 4666 4667 4756 4666 4756 4755 4667 4668 4757 4667 4757 4756 4668 4669 4758 4668 4758 4757 4669 4670 4759 4669 4759 4758 4670 4671 4760 4670 4760 4759 4671 4672 4761 4671 4761 4760 4672 4673 4762 4672 4762 4761 4673 4674 4763 4673 4763 4762 4674 4675 4764 4674 4764 4763 4675 4676 4765 4675 4765 4764 4676 4677 4766 4676 4766 4765 4677 4678 4767 4677 4767 4766 4678 4679 4768 4678 4768 4767 4679 4680 4769 4679 4769 4768 4680 4681 4770 4680 4770 4769 4681 4682 4771 4681 4771 4770 4682 4683 4772 4682 4772 4771 4683 4684 4773 4683 4773 4772 4684 4685 4774 4684 4774 4773 4685 4686 4775 4685 4775 4774 4686 4687 4776 4686 4776 4775 4687 4688 4777 4687 4777 4776 4688 4689 4778 4688 4778 4777 4689 4690 4779 4689 4779 4778 4690 4691 4780 4690 4780 4779 4691 4692 4781 4691 4781 4780 4692 4693 4782 4692 4782 4781 4693 4694 4783 4693 4783 4782 4694 4695 4784 4694 4784 4783 4695 4696 4785 4695 4785 4784 4696 4697 4786 4696 4786 4785 4697 4698 4787 4697 4787 4786 4698 4699 4788 4698 4788 4787 4699 4700 4789 4699 4789 4788 4700 4701 4790 4700 4790 4789 4702 4704 4791 4702 4791 4792 4704 4705 4793 4704 4793 4791 4705 4706 4794 4705 4794 4793 4706 4707 4795 4706 4795 4794 4707 4708 4796 4707 4796 4795 4708 4709 4797 4708 4797 4796 4709 4710 4798 4709 4798 4797 4710 4711 4799 4710 4799 4798 4711 4712 4800 4711 4800 4799 4712 4713 4801 4712 4801 4800 4713 4714 4802 4713 4802 4801 4714 4715 4803 4714 4803 4802 4715 4716 4804 4715 4804 4803 4716 4717 4805 4716 4805 4804 4717 4718 4806 4717 4806 4805 4718 4719 4807 4718 4807 4806 4719 4720 4808 4719 4808 4807 4720 4721 4809 4720 4809 4808 4721 4722 4810 4721 4810 4809 4722 4723 4811 4722 4811 4810 4723 4724 4812 4723 4812 4811 4724 4725 4813 4724 4813 4812 4725 4726 4814 4725 4814 4813 4726 4727 4815 4726 4815 4814 4727 4728 4816 4727 4816 4815 4728 4729 4817 4728 4817 4816 4729 4730 4818 4729 4818 4817 4730 4731 4819 4730 4819 4818 4731 4732 4820 4731 4820 4819 4732 4733 4821 4732 4821 4820 4733 4734 4822 4733 4822 4821 4734 4735 4823 4734 4823 4822 4735 4736 4824 4735 4824 4823 4736 4737 4825 4736 4825 4824 4737 4738 4826 4737 4826 4825 4738 4739 4827 4738 4827 4826 4739 4740 4828 4739 4828 4827 4740 4741 4829 4740 4829 4828 4741 4742 4830 4741 4830 4829 4742 4743 4831 4742 4831 4830 4743 4744 4832 4743 4832 4831 4744 4745 4833 4744 4833 4832 4745 4746 4834 4745 4834 4833 4746 4747 4835 4746 4835 4834 4749 4748 4836 4749 4836 4837 4748 4750 4838 4748 4838 4836 4750 4751 4839 4750 4839 4838 4751 4752 4840 4751 4840 4839 4752 4753 4841 4752 4841 4840 4753 4754 4842 4753 4842 4841 4754 4755 4843 4754 4843 4842 4755 4756 4844 4755 4844 4843 4756 4757 4845 4756 4845 4844 4757 4758 4846 4757 4846 4845 4758 4759 4847 4758 4847 4846 4759 4760 4848 4759 4848 4847 4760 4761 4849 4760 4849 4848 4761 4762 4850 4761 4850 4849 4762 4763 4851 4762 4851 4850 4763 4764 4852 4763 4852 4851 4764 4765 4853 4764 4853 4852 4765 4766 4854 4765 4854 4853 4766 4767 4855 4766 4855 4854 4767 4768 4856 4767 4856 4855 4768 4769 4857 4768 4857 4856 4769 4770 4858 4769 4858 4857 4770 4771 4859 4770 4859 4858 4771 4772 4860 4771 4860 4859 4772 4773 4861 4772 4861 4860 4773 4774 4862 4773 4862 4861 4774 4775 4863 4774 4863 4862 4775 4776 4864 4775 4864 4863 4776 4777 4865 4776 4865 4864 4777 4778 4866 4777 4866 4865 4778 4779 4867 4778 4867 4866 4779 4780 4868 4779 4868 4867 4780 4781 4869 4780 4869 4868 4781 4782 4870 4781 4870 4869 4782 4783 4871 4782 4871 4870 4783 4784 4872 4783 4872 4871 4784 4785 4873 4784 4873 4872 4785 4786 4874 4785 4874 4873 4786 4787 4875 4786 4875 4874 4787 4788 4876 4787 4876 4875 4788 4789 4877 4788 4877 4876 4791 4793 4878 4791 4878 4879 4793 4794 4880 4793 4880 4878 4794 4795 4881 4794 4881 4880 4795 4796 4882 4795 4882 4881 4796 4797 4883 4796 4883 4882 4797 4798 4884 4797 4884 4883 4798 4799 4885 4798 4885 4884 4799 4800 4886 4799 4886 4885 4800 4801 4887 4800 4887 4886 4801 4802 4888 4801 4888 4887 4802 4803 4889 4802 4889 4888 4803 4804 4890 4803 4890 4889 4804 4805 4891 4804 4891 4890 4805 4806 4892 4805 4892 4891 4806 4807 4893 4806 4893 4892 4807 4808 4894 4807 4894 4893 4808 4809 4895 4808 4895 4894 4809 4810 4896 4809 4896 4895 4810 4811 4897 4810 4897 4896 4811 4812 4898 4811 4898 4897 4812 4813 4899 4812 4899 4898 4813 4814 4900 4813 4900 4899 4814 4815 4901 4814 4901 4900 4815 4816 4902 4815 4902 4901 4816 4817 4903 4816 4903 4902 4817 4818 4904 4817 4904 4903 4818 4819 4905 4818 4905 4904 4819 4820 4906 4819 4906 4905 4820 4821 4907 4820 4907 4906 4821 4822 4908 4821 4908 4907 4822 4823 4909 4822 4909 4908 4823 4824 4910 4823 4910 4909 4824 4825 4911 4824 4911 4910 4825 4826 4912 4825 4912 4911 4826 4827 4913 4826 4913 4912 4827 4828 4914 4827 4914 4913 4828 4829 4915 4828 4915 4914 4829 4830 4916 4829 4916 4915 4830 4831 4917 4830 4917 4916 4831 4832 4918 4831 4918 4917 4832 4833 4919 4832 4919 4918 4833 4834 4920 4833 4920 4919 4834 4835 4921 4834 4921 4920 4837 4836 4922 4837 4922 4923 4836 4838 4924 4836 4924 4922 4838 4839 4925 4838 4925 4924 4839 4840 4926 4839 4926 4925 4840 4841 4927 4840 4927 4926 4841 4842 4928 4841 4928 4927 4842 4843 4929 4842 4929 4928 4843 4844 4930 4843 4930 4929 4844 4845 4931 4844 4931 4930 4845 4846 4932 4845 4932 4931 4846 4847 4933 4846 4933 4932 4847 4848 4934 4847 4934 4933 4848 4849 4935 4848 4935 4934 4849 4850 4936 4849 4936 4935 4850 4851 4937 4850 4937 4936 4851 4852 4938 4851 4938 4937 4852 4853 4939 4852 4939 4938 4853 4854 4940 4853 4940 4939 4854 4855 4941 4854 4941 4940 4855 4856 4942 4855 4942 4941 4856 4857 4943 4856 4943 4942 4857 4858 4944 4857 4944 4943 4858 4859 4945 4858 4945 4944 4859 4860 4946 4859 4946 4945 4860 4861 4947 4860 4947 4946 4861 4862 4948 4861 4948 4947 4862 4863 4949 4862 4949 4948 4863 4864 4950 4863 4950 4949 4864 4865 4951 4864 4951 4950 4865 4866 4952 4865 4952 4951 4866 4867 4953 4866 4953 4952 4867 4868 4954 4867 4954 4953 4868 4869 4955 4868 4955 4954 4869 4870 4956 4869 4956 4955 4870 4871 4957 4870 4957 4956 4871 4872 4958 4871 4958 4957 4872 4873 4959 4872 4959 4958 4873 4874 4960 4873 4960 4959 4874 4875 4961 4874 4961 4960 4875 4876 4962 4875 4962 4961 4876 4877 4963 4876 4963 4962 4879 4878 4964 4879 4964 4965 4878 4880 4966 4878 4966 4964 4880 4881 4967 4880 4967 4966 4881 4882 4968 4881 4968 4967 4882 4883 4969 4882 4969 4968 4883 4884 4970 4883 4970 4969 4884 4885 4971 4884 4971 4970 4885 4886 4972 4885 4972 4971 4886 4887 4973 4886 4973 4972 4887 4888 4974 4887 4974 4973 4888 4889 4975 4888 4975 4974 4889 4890 4976 4889 4976 4975 4890 4891 4977 4890 4977 4976 4891 4892 4978 4891 4978 4977 4892 4893 4979 4892 4979 4978 4893 4894 4980 4893 4980 4979 4894 4895 4981 4894 4981 4980 4895 4896 4982 4895 4982 4981 4896 4897 4983 4896 4983 4982 4897 4898 4984 4897 4984 4983 4898 4899 4985 4898 4985 4984 4899 4900 4986 4899 4986 4985 4900 4901 4987 4900 4987 4986 4901 4902 4988 4901 4988 4987 4902 4903 4989 4902 4989 4988 4903 4904 4990 4903 4990 4989 4904 4905 4991 4904 4991 4990 4905 4906 4992 4905 4992 4991 4906 4907 4993 4906 4993 4992 4907 4908 4994 4907 4994 4993 4908 4909 4995 4908 4995 4994 4909 4910 4996 4909 4996 4995 4910 4911 4997 4910 4997 4996 4911 4912 4998 4911 4998 4997 4912 4913 4999 4912 4999 4998 4913 4914 5000 4913 5000 4999 4914 4915 5001 4914 5001 5000 4915 4916 5002 4915 5002 5001 4916 4917 5003 4916 5003 5002 4917 4918 5004 4917 5004 5003 4918 4919 5005 4918 5005 5004 4919 4920 5006 4919 5006 5005 4920 4921 5007 4920 5007 5006 4923 4922 5008 4923 5008 5009 4922 4924 5010 4922 5010 5008 4924 4925 5011 4924 5011 5010 4925 4926 5012 4925 5012 5011 4926 4927 5013 4926 5013 5012 4927 4928 5014 4927 5014 5013 4928 4929 5015 4928 5015 5014 4929 4930 5016 4929 5016 5015 4930 4931 5017 4930 5017 5016 4931 4932 5018 4931 5018 5017 4932 4933 5019 4932 5019 5018 4933 4934 5020 4933 5020 5019 4934 4935 5021 4934 5021 5020 4935 4936 5022 4935 5022 5021 4936 4937 5023 4936 5023 5022 4937 4938 5024 4937 5024 5023 4938 4939 5025 4938 5025 5024 4939 4940 5026 4939 5026 5025 4940 4941 5027 4940 5027 5026 4941 4942 5028 4941 5028 5027 4942 4943 5029 4942 5029 5028 4943 4944 5030 4943 5030 5029 4944 4945 5031 4944 5031 5030 4945 4946 5032 4945 5032 5031 4946 4947 5033 4946 5033 5032 4947 4948 5034 4947 5034 5033 4948 4949 5035 4948 5035 5034 4949 4950 5036 4949 5036 5035 4950 4951 5037 4950 5037 5036 4951 4952 5038 4951 5038 5037 4952 4953 5039 4952 5039 5038 4953 4954 5040 4953 5040 5039 4954 4955 5041 4954 5041 5040 4955 4956 5042 4955 5042 5041 4956 4957 5043 4956 5043 5042 4957 4958 5044 4957 5044 5043 4958 4959 5045 4958 5045 5044 4959 4960 5046 4959 5046 5045 4960 4961 5047 4960 5047 5046 4961 4962 5048 4961 5048 5047 4965 4964 5049 4965 5049 5050 4964 4966 5051 4964 5051 5049 4966 4967 5052 4966 5052 5051 4967 4968 5053 4967 5053 5052 4968 4969 5054 4968 5054 5053 4969 4970 5055 4969 5055 5054 4970 4971 5056 4970 5056 5055 4971 4972 5057 4971 5057 5056 4972 4973 5058 4972 5058 5057 4973 4974 5059 4973 5059 5058 4974 4975 5060 4974 5060 5059 4975 4976 5061 4975 5061 5060 4976 4977 5062 4976 5062 5061 4977 4978 5063 4977 5063 5062 4978 4979 5064 4978 5064 5063 4979 4980 5065 4979 5065 5064 4980 4981 5066 4980 5066 5065 4981 4982 5067 4981 5067 5066 4982 4983 5068 4982 5068 5067 4983 4984 5069 4983 5069 5068 4984 4985 5070 4984 5070 5069 4985 4986 5071 4985 5071 5070 4986 4987 5072 4986 5072 5071 4987 4988 5073 4987 5073 5072 4988 4989 5074 4988 5074 5073 4989 4990 5075 4989 5075 5074 4990 4991 5076 4990 5076 5075 4991 4992 5077 4991 5077 5076 4992 4993 5078 4992 5078 5077 4993 4994 5079 4993 5079 5078 4994 4995 5080 4994 5080 5079 4995 4996 5081 4995 5081 5080 4996 4997 5082 4996 5082 5081 4997 4998 5083 4997 5083 5082 4998 4999 5084 4998 5084 5083 4999 5000 5085 4999 5085 5084 5000 5001 5086 5000 5086 5085 5001 5002 5087 5001 5087 5086 5002 5003 5088 5002 5088 5087 5003 5004 5089 5003 5089 5088 5004 5005 5090 5004 5090 5089 5005 5006 5091 5005 5091 5090 5006 5007 5092 5006 5092 5091 5009 5008 5093 5009 5093 5094 5008 5010 5095 5008 5095 5093 5010 5011 5096 5010 5096 5095 5011 5012 5097 5011 5097 5096 5012 5013 5098 5012 5098 5097 5013 5014 5099 5013 5099 5098 5014 5015 5100 5014 5100 5099 5015 5016 5101 5015 5101 5100 5016 5017 5102 5016 5102 5101 5017 5018 5103 5017 5103 5102 5018 5019 5104 5018 5104 5103 5019 5020 5105 5019 5105 5104 5020 5021 5106 5020 5106 5105 5021 5022 5107 5021 5107 5106 5022 5023 5108 5022 5108 5107 5023 5024 5109 5023 5109 5108 5024 5025 5110 5024 5110 5109 5025 5026 5111 5025 5111 5110 5026 5027 5112 5026 5112 5111 5027 5028 5113 5027 5113 5112 5028 5029 5114 5028 5114 5113 5029 5030 5115 5029 5115 5114 5030 5031 5116 5030 5116 5115 5031 5032 5117 5031 5117 5116 5032 5033 5118 5032 5118 5117 5033 5034 5119 5033 5119 5118 5034 5035 5120 5034 5120 5119 5035 5036 5121 5035 5121 5120 5036 5037 5122 5036 5122 5121 5037 5038 5123 5037 5123 5122 5038 5039 5124 5038 5124 5123 5039 5040 5125 5039 5125 5124 5040 5041 5126 5040 5126 5125 5041 5042 5127 5041 5127 5126 5042 5043 5128 5042 5128 5127 5043 5044 5129 5043 5129 5128 5044 5045 5130 5044 5130 5129 5045 5046 5131 5045 5131 5130 5046 5047 5132 5046 5132 5131 5047 5048 5133 5047 5133 5132 5050 5049 5134 5050 5134 5135 5049 5051 5136 5049 5136 5134 5051 5052 5137 5051 5137 5136 5052 5053 5138 5052 5138 5137 5053 5054 5139 5053 5139 5138 5054 5055 5140 5054 5140 5139 5055 5056 5141 5055 5141 5140 5056 5057 5142 5056 5142 5141 5057 5058 5143 5057 5143 5142 5058 5059 5144 5058 5144 5143 5059 5060 5145 5059 5145 5144 5060 5061 5146 5060 5146 5145 5061 5062 5147 5061 5147 5146 5062 5063 5148 5062 5148 5147 5063 5064 5149 5063 5149 5148 5064 5065 5150 5064 5150 5149 5065 5066 5151 5065 5151 5150 5066 5067 5152 5066 5152 5151 5067 5068 5153 5067 5153 5152 5068 5069 5154 5068 5154 5153 5069 5070 5155 5069 5155 5154 5070 5071 5156 5070 5156 5155 5071 5072 5157 5071 5157 5156 5072 5073 5158 5072 5158 5157 5073 5074 5159 5073 5159 5158 5074 5075 5160 5074 5160 5159 5075 5076 5161 5075 5161 5160 5076 5077 5162 5076 5162 5161 5077 5078 5163 5077 5163 5162 5078 5079 5164 5078 5164 5163 5079 5080 5165 5079 5165 5164 5080 5081 5166 5080 5166 5165 5081 5082 5167 5081 5167 5166 5082 5083 5168 5082 5168 5167 5083 5084 5169 5083 5169 5168 5084 5085 5170 5084 5170 5169 5085 5086 5171 5085 5171 5170 5086 5087 5172 5086 5172 5171 5087 5088 5173 5087 5173 5172 5088 5089 5174 5088 5174 5173 5089 5090 5175 5089 5175 5174 5090 5091 5176 5090 5176 5175 5091 5092 5177 5091 5177 5176 5094 5093 5178 5094 5178 5179 5093 5095 5180 5093 5180 5178 5095 5096 5181 5095 5181 5180 5096 5097 5182 5096 5182 5181 5097 5098 5183 5097 5183 5182 5098 5099 5184 5098 5184 5183 5099 5100 5185 5099 5185 5184 5100 5101 5186 5100 5186 5185 5101 5102 5187 5101 5187 5186 5102 5103 5188 5102 5188 5187 5103 5104 5189 5103 5189 5188 5104 5105 5190 5104 5190 5189 5105 5106 5191 5105 5191 5190 5106 5107 5192 5106 5192 5191 5107 5108 5193 5107 5193 5192 5108 5109 5194 5108 5194 5193 5109 5110 5195 5109 5195 5194 5110 5111 5196 5110 5196 5195 5111 5112 5197 5111 5197 5196 5112 5113 5198 5112 5198 5197 5113 5114 5199 5113 5199 5198 5114 5115 5200 5114 5200 5199 5115 5116 5201 5115 5201 5200 5116 5117 5202 5116 5202 5201 5117 5118 5203 5117 5203 5202 5118 5119 5204 5118 5204 5203 5119 5120 5205 5119 5205 5204 5120 5121 5206 5120 5206 5205 5121 5122 5207 5121 5207 5206 5122 5123 5208 5122 5208 5207 5123 5124 5209 5123 5209 5208 5124 5125 5210 5124 5210 5209 5125 5126 5211 5125 5211 5210 5126 5127 5212 5126 5212 5211 5127 5128 5213 5127 5213 5212 5128 5129 5214 5128 5214 5213 5129 5130 5215 5129 5215 5214 5130 5131 5216 5130 5216 5215 5131 5132 5217 5131 5217 5216 5132 5133 5218 5132 5218 5217 5135 5134 5219 5135 5219 5220 5134 5136 5221 5134 5221 5219 5136 5137 5222 5136 5222 5221 5137 5138 5223 5137 5223 5222 5138 5139 5224 5138 5224 5223 5139 5140 5225 5139 5225 5224 5140 5141 5226 5140 5226 5225 5141 5142 5227 5141 5227 5226 5142 5143 5228 5142 5228 5227 5143 5144 5229 5143 5229 5228 5144 5145 5230 5144 5230 5229 5145 5146 5231 5145 5231 5230 5146 5147 5232 5146 5232 5231 5147 5148 5233 5147 5233 5232 5148 5149 5234 5148 5234 5233 5149 5150 5235 5149 5235 5234 5150 5151 5236 5150 5236 5235 5151 5152 5237 5151 5237 5236 5152 5153 5238 5152 5238 5237 5153 5154 5239 5153 5239 5238 5154 5155 5240 5154 5240 5239 5155 5156 5241 5155 5241 5240 5156 5157 5242 5156 5242 5241 5157 5158 5243 5157 5243 5242 5158 5159 5244 5158 5244 5243 5159 5160 5245 5159 5245 5244 5160 5161 5246 5160 5246 5245 5161 5162 5247 5161 5247 5246 5162 5163 5248 5162 5248 5247 5163 5164 5249 5163 5249 5248 5164 5165 5250 5164 5250 5249 5165 5166 5251 5165 5251 5250 5166 5167 5252 5166 5252 5251 5167 5168 5253 5167 5253 5252 5168 5169 5254 5168 5254 5253 5169 5170 5255 5169 5255 5254 5170 5171 5256 5170 5256 5255 5171 5172 5257 5171 5257 5256 5172 5173 5258 5172 5258 5257 5173 5174 5259 5173 5259 5258 5174 5175 5260 5174 5260 5259 5175 5176 5261 5175 5261 5260 5176 5177 5262 5176 5262 5261 5179 5178 5263 5179 5263 5264 5178 5180 5265 5178 5265 5263 5180 5181 5266 5180 5266 5265 5181 5182 5267 5181 5267 5266 5182 5183 5268 5182 5268 5267 5183 5184 5269 5183 5269 5268 5184 5185 5270 5184 5270 5269 5185 5186 5271 5185 5271 5270 5186 5187 5272 5186 5272 5271 5187 5188 5273 5187 5273 5272 5188 5189 5274 5188 5274 5273 5189 5190 5275 5189 5275 5274 5190 5191 5276 5190 5276 5275 5191 5192 5277 5191 5277 5276 5192 5193 5278 5192 5278 5277 5193 5194 5279 5193 5279 5278 5194 5195 5280 5194 5280 5279 5195 5196 5281 5195 5281 5280 5196 5197 5282 5196 5282 5281 5197 5198 5283 5197 5283 5282 5198 5199 5284 5198 5284 5283 5199 5200 5285 5199 5285 5284 5200 5201 5286 5200 5286 5285 5201 5202 5287 5201 5287 5286 5202 5203 5288 5202 5288 5287 5203 5204 5289 5203 5289 5288 5204 5205 5290 5204 5290 5289 5205 5206 5291 5205 5291 5290 5206 5207 5292 5206 5292 5291 5207 5208 5293 5207 5293 5292 5208 5209 5294 5208 5294 5293 5209 5210 5295 5209 5295 5294 5210 5211 5296 5210 5296 5295 5211 5212 5297 5211 5297 5296 5212 5213 5298 5212 5298 5297 5213 5214 5299 5213 5299 5298 5214 5215 5300 5214 5300 5299 5215 5216 5301 5215 5301 5300 5216 5217 5302 5216 5302 5301 5220 5219 5303 5220 5303 5304 5219 5221 5305 5219 5305 5303 5221 5222 5306 5221 5306 5305 5222 5223 5307 5222 5307 5306 5223 5224 5308 5223 5308 5307 5224 5225 5309 5224 5309 5308 5225 5226 5310 5225 5310 5309 5226 5227 5311 5226 5311 5310 5227 5228 5312 5227 5312 5311 5228 5229 5313 5228 5313 5312 5229 5230 5314 5229 5314 5313 5230 5231 5315 5230 5315 5314 5231 5232 5316 5231 5316 5315 5232 5233 5317 5232 5317 5316 5233 5234 5318 5233 5318 5317 5234 5235 5319 5234 5319 5318 5235 5236 5320 5235 5320 5319 5236 5237 5321 5236 5321 5320 5237 5238 5322 5237 5322 5321 5238 5239 5323 5238 5323 5322 5239 5240 5324 5239 5324 5323 5240 5241 5325 5240 5325 5324 5241 5242 5326 5241 5326 5325 5242 5243 5327 5242 5327 5326 5243 5244 5328 5243 5328 5327 5244 5245 5329 5244 5329 5328 5245 5246 5330 5245 5330 5329 5246 5247 5331 5246 5331 5330 5247 5248 5332 5247 5332 5331 5248 5249 5333 5248 5333 5332 5249 5250 5334 5249 5334 5333 5250 5251 5335 5250 5335 5334 5251 5252 5336 5251 5336 5335 5252 5253 5337 5252 5337 5336 5253 5254 5338 5253 5338 5337 5254 5255 5339 5254 5339 5338 5255 5256 5340 5255 5340 5339 5256 5257 5341 5256 5341 5340 5257 5258 5342 5257 5342 5341 5258 5259 5343 5258 5343 5342 5259 5260 5344 5259 5344 5343 5260 5261 5345 5260 5345 5344 5261 5262 5346 5261 5346 5345 5264 5263 5347 5264 5347 5348 5263 5265 5349 5263 5349 5347 5265 5266 5350 5265 5350 5349 5266 5267 5351 5266 5351 5350 5267 5268 5352 5267 5352 5351 5268 5269 5353 5268 5353 5352 5269 5270 5354 5269 5354 5353 5270 5271 5355 5270 5355 5354 5271 5272 5356 5271 5356 5355 5272 5273 5357 5272 5357 5356 5273 5274 5358 5273 5358 5357 5274 5275 5359 5274 5359 5358 5275 5276 5360 5275 5360 5359 5276 5277 5361 5276 5361 5360 5277 5278 5362 5277 5362 5361 5278 5279 5363 5278 5363 5362 5279 5280 5364 5279 5364 5363 5280 5281 5365 5280 5365 5364 5281 5282 5366 5281 5366 5365 5282 5283 5367 5282 5367 5366 5283 5284 5368 5283 5368 5367 5284 5285 5369 5284 5369 5368 5285 5286 5370 5285 5370 5369 5286 5287 5371 5286 5371 5370 5287 5288 5372 5287 5372 5371 5288 5289 5373 5288 5373 5372 5289 5290 5374 5289 5374 5373 5290 5291 5375 5290 5375 5374 5291 5292 5376 5291 5376 5375 5292 5293 5377 5292 5377 5376 5293 5294 5378 5293 5378 5377 5294 5295 5379 5294 5379 5378 5295 5296 5380 5295 5380 5379 5296 5297 5381 5296 5381 5380 5297 5298 5382 5297 5382 5381 5298 5299 5383 5298 5383 5382 5299 5300 5384 5299 5384 5383 5300 5301 5385 5300 5385 5384 5301 5302 5386 5301 5386 5385 5303 5305 5387 5303 5387 5388 5305 5306 5389 5305 5389 5387 5306 5307 5390 5306 5390 5389 5307 5308 5391 5307 5391 5390 5308 5309 5392 5308 5392 5391 5309 5310 5393 5309 5393 5392 5310 5311 5394 5310 5394 5393 5311 5312 5395 5311 5395 5394 5312 5313 5396 5312 5396 5395 5313 5314 5397 5313 5397 5396 5314 5315 5398 5314 5398 5397 5315 5316 5399 5315 5399 5398 5316 5317 5400 5316 5400 5399 5317 5318 5401 5317 5401 5400 5318 5319 5402 5318 5402 5401 5319 5320 5403 5319 5403 5402 5320 5321 5404 5320 5404 5403 5321 5322 5405 5321 5405 5404 5322 5323 5406 5322 5406 5405 5323 5324 5407 5323 5407 5406 5324 5325 5408 5324 5408 5407 5325 5326 5409 5325 5409 5408 5326 5327 5410 5326 5410 5409 5327 5328 5411 5327 5411 5410 5328 5329 5412 5328 5412 5411 5329 5330 5413 5329 5413 5412 5330 5331 5414 5330 5414 5413 5331 5332 5415 5331 5415 5414 5332 5333 5416 5332 5416 5415 5333 5334 5417 5333 5417 5416 5334 5335 5418 5334 5418 5417 5335 5336 5419 5335 5419 5418 5336 5337 5420 5336 5420 5419 5337 5338 5421 5337 5421 5420 5338 5339 5422 5338 5422 5421 5339 5340 5423 5339 5423 5422 5340 5341 5424 5340 5424 5423 5341 5342 5425 5341 5425 5424 5342 5343 5426 5342 5426 5425 5343 5344 5427 5343 5427 5426 5344 5345 5428 5344 5428 5427 5345 5346 5429 5345 5429 5428 5348 5347 5430 5348 5430 5431 5347 5349 5432 5347 5432 5430 5349 5350 5433 5349 5433 5432 5350 5351 5434 5350 5434 5433 5351 5352 5435 5351 5435 5434 5352 5353 5436 5352 5436 5435 5353 5354 5437 5353 5437 5436 5354 5355 5438 5354 5438 5437 5355 5356 5439 5355 5439 5438 5356 5357 5440 5356 5440 5439 5357 5358 5441 5357 5441 5440 5358 5359 5442 5358 5442 5441 5359 5360 5443 5359 5443 5442 5360 5361 5444 5360 5444 5443 5361 5362 5445 5361 5445 5444 5362 5363 5446 5362 5446 5445 5363 5364 5447 5363 5447 5446 5364 5365 5448 5364 5448 5447 5365 5366 5449 5365 5449 5448 5366 5367 5450 5366 5450 5449 5367 5368 5451 5367 5451 5450 5368 5369 5452 5368 5452 5451 5369 5370 5453 5369 5453 5452 5370 5371 5454 5370 5454 5453 5371 5372 5455 5371 5455 5454 5372 5373 5456 5372 5456 5455 5373 5374 5457 5373 5457 5456 5374 5375 5458 5374 5458 5457 5375 5376 5459 5375 5459 5458 5376 5377 5460 5376 5460 5459 5377 5378 5461 5377 5461 5460 5378 5379 5462 5378 5462 5461 5379 5380 5463 5379 5463 5462 5380 5381 5464 5380 5464 5463 5381 5382 5465 5381 5465 5464 5382 5383 5466 5382 5466 5465 5383 5384 5467 5383 5467 5466 5384 5385 5468 5384 5468 5467 5385 5386 5469 5385 5469 5468 5387 5389 5470 5387 5470 5471 5389 5390 5472 5389 5472 5470 5390 5391 5473 5390 5473 5472 5391 5392 5474 5391 5474 5473 5392 5393 5475 5392 5475 5474 5393 5394 5476 5393 5476 5475 5394 5395 5477 5394 5477 5476 5395 5396 5478 5395 5478 5477 5396 5397 5479 5396 5479 5478 5397 5398 5480 5397 5480 5479 5398 5399 5481 5398 5481 5480 5399 5400 5482 5399 5482 5481 5400 5401 5483 5400 5483 5482 5401 5402 5484 5401 5484 5483 5402 5403 5485 5402 5485 5484 5403 5404 5486 5403 5486 5485 5404 5405 5487 5404 5487 5486 5405 5406 5488 5405 5488 5487 5406 5407 5489 5406 5489 5488 5407 5408 5490 5407 5490 5489 5408 5409 5491 5408 5491 5490 5409 5410 5492 5409 5492 5491 5410 5411 5493 5410 5493 5492 5411 5412 5494 5411 5494 5493 5412 5413 5495 5412 5495 5494 5413 5414 5496 5413 5496 5495 5414 5415 5497 5414 5497 5496 5415 5416 5498 5415 5498 5497 5416 5417 5499 5416 5499 5498 5417 5418 5500 5417 5500 5499 5418 5419 5501 5418 5501 5500 5419 5420 5502 5419 5502 5501 5420 5421 5503 5420 5503 5502 5421 5422 5504 5421 5504 5503 5422 5423 5505 5422 5505 5504 5423 5424 5506 5423 5506 5505 5424 5425 5507 5424 5507 5506 5425 5426 5508 5425 5508 5507 5426 5427 5509 5426 5509 5508 5427 5428 5510 5427 5510 5509 5428 5429 5511 5428 5511 5510 5431 5430 5512 5431 5512 5513 5430 5432 5514 5430 5514 5512 5432 5433 5515 5432 5515 5514 5433 5434 5516 5433 5516 5515 5434 5435 5517 5434 5517 5516 5435 5436 5518 5435 5518 5517 5436 5437 5519 5436 5519 5518 5437 5438 5520 5437 5520 5519 5438 5439 5521 5438 5521 5520 5439 5440 5522 5439 5522 5521 5440 5441 5523 5440 5523 5522 5441 5442 5524 5441 5524 5523 5442 5443 5525 5442 5525 5524 5443 5444 5526 5443 5526 5525 5444 5445 5527 5444 5527 5526 5445 5446 5528 5445 5528 5527 5446 5447 5529 5446 5529 5528 5447 5448 5530 5447 5530 5529 5448 5449 5531 5448 5531 5530 5449 5450 5532 5449 5532 5531 5450 5451 5533 5450 5533 5532 5451 5452 5534 5451 5534 5533 5452 5453 5535 5452 5535 5534 5453 5454 5536 5453 5536 5535 5454 5455 5537 5454 5537 5536 5455 5456 5538 5455 5538 5537 5456 5457 5539 5456 5539 5538 5457 5458 5540 5457 5540 5539 5458 5459 5541 5458 5541 5540 5459 5460 5542 5459 5542 5541 5460 5461 5543 5460 5543 5542 5461 5462 5544 5461 5544 5543 5462 5463 5545 5462 5545 5544 5463 5464 5546 5463 5546 5545 5464 5465 5547 5464 5547 5546 5465 5466 5548 5465 5548 5547 5466 5467 5549 5466 5549 5548 5467 5468 5550 5467 5550 5549 5470 5472 5551 5470 5551 5552 5472 5473 5553 5472 5553 5551 5473 5474 5554 5473 5554 5553 5474 5475 5555 5474 5555 5554 5475 5476 5556 5475 5556 5555 5476 5477 5557 5476 5557 5556 5477 5478 5558 5477 5558 5557 5478 5479 5559 5478 5559 5558 5479 5480 5560 5479 5560 5559 5480 5481 5561 5480 5561 5560 5481 5482 5562 5481 5562 5561 5482 5483 5563 5482 5563 5562 5483 5484 5564 5483 5564 5563 5484 5485 5565 5484 5565 5564 5485 5486 5566 5485 5566 5565 5486 5487 5567 5486 5567 5566 5487 5488 5568 5487 5568 5567 5488 5489 5569 5488 5569 5568 5489 5490 5570 5489 5570 5569 5490 5491 5571 5490 5571 5570 5491 5492 5572 5491 5572 5571 5492 5493 5573 5492 5573 5572 5493 5494 5574 5493 5574 5573 5494 5495 5575 5494 5575 5574 5495 5496 5576 5495 5576 5575 5496 5497 5577 5496 5577 5576 5497 5498 5578 5497 5578 5577 5498 5499 5579 5498 5579 5578 5499 5500 5580 5499 5580 5579 5500 5501 5581 5500 5581 5580 5501 5502 5582 5501 5582 5581 5502 5503 5583 5502 5583 5582 5503 5504 5584 5503 5584 5583 5504 5505 5585 5504 5585 5584 5505 5506 5586 5505 5586 5585 5506 5507 5587 5506 5587 5586 5507 5508 5588 5507 5588 5587 5508 5509 5589 5508 5589 5588 5509 5510 5590 5509 5590 5589 5510 5511 5591 5510 5591 5590 5513 5512 5592 5513 5592 5593 5512 5514 5594 5512 5594 5592 5514 5515 5595 5514 5595 5594 5515 5516 5596 5515 5596 5595 5516 5517 5597 5516 5597 5596 5517 5518 5598 5517 5598 5597 5518 5519 5599 5518 5599 5598 5519 5520 5600 5519 5600 5599 5520 5521 5601 5520 5601 5600 5521 5522 5602 5521 5602 5601 5522 5523 5603 5522 5603 5602 5523 5524 5604 5523 5604 5603 5524 5525 5605 5524 5605 5604 5525 5526 5606 5525 5606 5605 5526 5527 5607 5526 5607 5606 5527 5528 5608 5527 5608 5607 5528 5529 5609 5528 5609 5608 5529 5530 5610 5529 5610 5609 5530 5531 5611 5530 5611 5610 5531 5532 5612 5531 5612 5611 5532 5533 5613 5532 5613 5612 5533 5534 5614 5533 5614 5613 5534 5535 5615 5534 5615 5614 5535 5536 5616 5535 5616 5615 5536 5537 5617 5536 5617 5616 5537 5538 5618 5537 5618 5617 5538 5539 5619 5538 5619 5618 5539 5540 5620 5539 5620 5619 5540 5541 5621 5540 5621 5620 5541 5542 5622 5541 5622 5621 5542 5543 5623 5542 5623 5622 5543 5544 5624 5543 5624 5623 5544 5545 5625 5544 5625 5624 5545 5546 5626 5545 5626 5625 5546 5547 5627 5546 5627 5626 5547 5548 5628 5547 5628 5627 5548 5549 5629 5548 5629 5628 5549 5550 5630 5549 5630 5629 5551 5553 5631 5551 5631 5632 5553 5554 5633 5553 5633 5631 5554 5555 5634 5554 5634 5633 5555 5556 5635 5555 5635 5634 5556 5557 5636 5556 5636 5635 5557 5558 5637 5557 5637 5636 5558 5559 5638 5558 5638 5637 5559 5560 5639 5559 5639 5638 5560 5561 5640 5560 5640 5639 5561 5562 5641 5561 5641 5640 5562 5563 5642 5562 5642 5641 5563 5564 5643 5563 5643 5642 5564 5565 5644 5564 5644 5643 5565 5566 5645 5565 5645 5644 5566 5567 5646 5566 5646 5645 5567 5568 5647 5567 5647 5646 5568 5569 5648 5568 5648 5647 5569 5570 5649 5569 5649 5648 5570 5571 5650 5570 5650 5649 5571 5572 5651 5571 5651 5650 5572 5573 5652 5572 5652 5651 5573 5574 5653 5573 5653 5652 5574 5575 5654 5574 5654 5653 5575 5576 5655 5575 5655 5654 5576 5577 5656 5576 5656 5655 5577 5578 5657 5577 5657 5656 5578 5579 5658 5578 5658 5657 5579 5580 5659 5579 5659 5658 5580 5581 5660 5580 5660 5659 5581 5582 5661 5581 5661 5660 5582 5583 5662 5582 5662 5661 5583 5584 5663 5583 5663 5662 5584 5585 5664 5584 5664 5663 5585 5586 5665 5585 5665 5664 5586 5587 5666 5586 5666 5665 5587 5588 5667 5587 5667 5666 5588 5589 5668 5588 5668 5667 5589 5590 5669 5589 5669 5668 5590 5591 5670 5590 5670 5669 5593 5592 5671 5593 5671 5672 5592 5594 5673 5592 5673 5671 5594 5595 5674 5594 5674 5673 5595 5596 5675 5595 5675 5674 5596 5597 5676 5596 5676 5675 5597 5598 5677 5597 5677 5676 5598 5599 5678 5598 5678 5677 5599 5600 5679 5599 5679 5678 5600 5601 5680 5600 5680 5679 5601 5602 5681 5601 5681 5680 5602 5603 5682 5602 5682 5681 5603 5604 5683 5603 5683 5682 5604 5605 5684 5604 5684 5683 5605 5606 5685 5605 5685 5684 5606 5607 5686 5606 5686 5685 5607 5608 5687 5607 5687 5686 5608 5609 5688 5608 5688 5687 5609 5610 5689 5609 5689 5688 5610 5611 5690 5610 5690 5689 5611 5612 5691 5611 5691 5690 5612 5613 5692 5612 5692 5691 5613 5614 5693 5613 5693 5692 5614 5615 5694 5614 5694 5693 5615 5616 5695 5615 5695 5694 5616 5617 5696 5616 5696 5695 5617 5618 5697 5617 5697 5696 5618 5619 5698 5618 5698 5697 5619 5620 5699 5619 5699 5698 5620 5621 5700 5620 5700 5699 5621 5622 5701 5621 5701 5700 5622 5623 5702 5622 5702 5701 5623 5624 5703 5623 5703 5702 5624 5625 5704 5624 5704 5703 5625 5626 5705 5625 5705 5704 5626 5627 5706 5626 5706 5705 5627 5628 5707 5627 5707 5706 5628 5629 5708 5628 5708 5707 5632 5631 5709 5632 5709 5710 5631 5633 5711 5631 5711 5709 5633 5634 5712 5633 5712 5711 5634 5635 5713 5634 5713 5712 5635 5636 5714 5635 5714 5713 5636 5637 5715 5636 5715 5714 5637 5638 5716 5637 5716 5715 5638 5639 5717 5638 5717 5716 5639 5640 5718 5639 5718 5717 5640 5641 5719 5640 5719 5718 5641 5642 5720 5641 5720 5719 5642 5643 5721 5642 5721 5720 5643 5644 5722 5643 5722 5721 5644 5645 5723 5644 5723 5722 5645 5646 5724 5645 5724 5723 5646 5647 5725 5646 5725 5724 5647 5648 5726 5647 5726 5725 5648 5649 5727 5648 5727 5726 5649 5650 5728 5649 5728 5727 5650 5651 5729 5650 5729 5728 5651 5652 5730 5651 5730 5729 5652 5653 5731 5652 5731 5730 5653 5654 5732 5653 5732 5731 5654 5655 5733 5654 5733 5732 5655 5656 5734 5655 5734 5733 5656 5657 5735 5656 5735 5734 5657 5658 5736 5657 5736 5735 5658 5659 5737 5658 5737 5736 5659 5660 5738 5659 5738 5737 5660 5661 5739 5660 5739 5738 5661 5662 5740 5661 5740 5739 5662 5663 5741 5662 5741 5740 5663 5664 5742 5663 5742 5741 5664 5665 5743 5664 5743 5742 5665 5666 5744 5665 5744 5743 5666 5667 5745 5666 5745 5744 5667 5668 5746 5667 5746 5745 5668 5669 5747 5668 5747 5746 5669 5670 5748 5669 5748 5747 5672 5671 5749 5672 5749 5750 5671 5673 5751 5671 5751 5749 5673 5674 5752 5673 5752 5751 5674 5675 5753 5674 5753 5752 5675 5676 5754 5675 5754 5753 5676 5677 5755 5676 5755 5754 5677 5678 5756 5677 5756 5755 5678 5679 5757 5678 5757 5756 5679 5680 5758 5679 5758 5757 5680 5681 5759 5680 5759 5758 5681 5682 5760 5681 5760 5759 5682 5683 5761 5682 5761 5760 5683 5684 5762 5683 5762 5761 5684 5685 5763 5684 5763 5762 5685 5686 5764 5685 5764 5763 5686 5687 5765 5686 5765 5764 5687 5688 5766 5687 5766 5765 5688 5689 5767 5688 5767 5766 5689 5690 5768 5689 5768 5767 5690 5691 5769 5690 5769 5768 5691 5692 5770 5691 5770 5769 5692 5693 5771 5692 5771 5770 5693 5694 5772 5693 5772 5771 5694 5695 5773 5694 5773 5772 5695 5696 5774 5695 5774 5773 5696 5697 5775 5696 5775 5774 5697 5698 5776 5697 5776 5775 5698 5699 5777 5698 5777 5776 5699 5700 5778 5699 5778 5777 5700 5701 5779 5700 5779 5778 5701 5702 5780 5701 5780 5779 5702 5703 5781 5702 5781 5780 5703 5704 5782 5703 5782 5781 5704 5705 5783 5704 5783 5782 5705 5706 5784 5705 5784 5783 5706 5707 5785 5706 5785 5784 5707 5708 5786 5707 5786 5785 5709 5711 5787 5709 5787 5788 5711 5712 5789 5711 5789 5787 5712 5713 5790 5712 5790 5789 5713 5714 5791 5713 5791 5790 5714 5715 5792 5714 5792 5791 5715 5716 5793 5715 5793 5792 5716 5717 5794 5716 5794 5793 5717 5718 5795 5717 5795 5794 5718 5719 5796 5718 5796 5795 5719 5720 5797 5719 5797 5796 5720 5721 5798 5720 5798 5797 5721 5722 5799 5721 5799 5798 5722 5723 5800 5722 5800 5799 5723 5724 5801 5723 5801 5800 5724 5725 5802 5724 5802 5801 5725 5726 5803 5725 5803 5802 5726 5727 5804 5726 5804 5803 5727 5728 5805 5727 5805 5804 5728 5729 5806 5728 5806 5805 5729 5730 5807 5729 5807 5806 5730 5731 5808 5730 5808 5807 5731 5732 5809 5731 5809 5808 5732 5733 5810 5732 5810 5809 5733 5734 5811 5733 5811 5810 5734 5735 5812 5734 5812 5811 5735 5736 5813 5735 5813 5812 5736 5737 5814 5736 5814 5813 5737 5738 5815 5737 5815 5814 5738 5739 5816 5738 5816 5815 5739 5740 5817 5739 5817 5816 5740 5741 5818 5740 5818 5817 5741 5742 5819 5741 5819 5818 5742 5743 5820 5742 5820 5819 5743 5744 5821 5743 5821 5820 5744 5745 5822 5744 5822 5821 5745 5746 5823 5745 5823 5822 5746 5747 5824 5746 5824 5823 5747 5748 5825 5747 5825 5824 5750 5749 5826 5750 5826 5827 5749 5751 5828 5749 5828 5826 5751 5752 5829 5751 5829 5828 5752 5753 5830 5752 5830 5829 5753 5754 5831 5753 5831 5830 5754 5755 5832 5754 5832 5831 5755 5756 5833 5755 5833 5832 5756 5757 5834 5756 5834 5833 5757 5758 5835 5757 5835 5834 5758 5759 5836 5758 5836 5835 5759 5760 5837 5759 5837 5836 5760 5761 5838 5760 5838 5837 5761 5762 5839 5761 5839 5838 5762 5763 5840 5762 5840 5839 5763 5764 5841 5763 5841 5840 5764 5765 5842 5764 5842 5841 5765 5766 5843 5765 5843 5842 5766 5767 5844 5766 5844 5843 5767 5768 5845 5767 5845 5844 5768 5769 5846 5768 5846 5845 5769 5770 5847 5769 5847 5846 5770 5771 5848 5770 5848 5847 5771 5772 5849 5771 5849 5848 5772 5773 5850 5772 5850 5849 5773 5774 5851 5773 5851 5850 5774 5775 5852 5774 5852 5851 5775 5776 5853 5775 5853 5852 5776 5777 5854 5776 5854 5853 5777 5778 5855 5777 5855 5854 5778 5779 5856 5778 5856 5855 5779 5780 5857 5779 5857 5856 5780 5781 5858 5780 5858 5857 5781 5782 5859 5781 5859 5858 5782 5783 5860 5782 5860 5859 5783 5784 5861 5783 5861 5860 5784 5785 5862 5784 5862 5861 5785 5786 5863 5785 5863 5862 5787 5789 5864 5787 5864 5865 5789 5790 5866 5789 5866 5864 5790 5791 5867 5790 5867 5866 5791 5792 5868 5791 5868 5867 5792 5793 5869 5792 5869 5868 5793 5794 5870 5793 5870 5869 5794 5795 5871 5794 5871 5870 5795 5796 5872 5795 5872 5871 5796 5797 5873 5796 5873 5872 5797 5798 5874 5797 5874 5873 5798 5799 5875 5798 5875 5874 5799 5800 5876 5799 5876 5875 5800 5801 5877 5800 5877 5876 5801 5802 5878 5801 5878 5877 5802 5803 5879 5802 5879 5878 5803 5804 5880 5803 5880 5879 5804 5805 5881 5804 5881 5880 5805 5806 5882 5805 5882 5881 5806 5807 5883 5806 5883 5882 5807 5808 5884 5807 5884 5883 5808 5809 5885 5808 5885 5884 5809 5810 5886 5809 5886 5885 5810 5811 5887 5810 5887 5886 5811 5812 5888 5811 5888 5887 5812 5813 5889 5812 5889 5888 5813 5814 5890 5813 5890 5889 5814 5815 5891 5814 5891 5890 5815 5816 5892 5815 5892 5891 5816 5817 5893 5816 5893 5892 5817 5818 5894 5817 5894 5893 5818 5819 5895 5818 5895 5894 5819 5820 5896 5819 5896 5895 5820 5821 5897 5820 5897 5896 5821 5822 5898 5821 5898 5897 5822 5823 5899 5822 5899 5898 5823 5824 5900 5823 5900 5899 5824 5825 5901 5824 5901 5900 5827 5826 5902 5827 5902 5903 5826 5828 5904 5826 5904 5902 5828 5829 5905 5828 5905 5904 5829 5830 5906 5829 5906 5905 5830 5831 5907 5830 5907 5906 5831 5832 5908 5831 5908 5907 5832 5833 5909 5832 5909 5908 5833 5834 5910 5833 5910 5909 5834 5835 5911 5834 5911 5910 5835 5836 5912 5835 5912 5911 5836 5837 5913 5836 5913 5912 5837 5838 5914 5837 5914 5913 5838 5839 5915 5838 5915 5914 5839 5840 5916 5839 5916 5915 5840 5841 5917 5840 5917 5916 5841 5842 5918 5841 5918 5917 5842 5843 5919 5842 5919 5918 5843 5844 5920 5843 5920 5919 5844 5845 5921 5844 5921 5920 5845 5846 5922 5845 5922 5921 5846 5847 5923 5846 5923 5922 5847 5848 5924 5847 5924 5923 5848 5849 5925 5848 5925 5924 5849 5850 5926 5849 5926 5925 5850 5851 5927 5850 5927 5926 5851 5852 5928 5851 5928 5927 5852 5853 5929 5852 5929 5928 5853 5854 5930 5853 5930 5929 5854 5855 5931 5854 5931 5930 5855 5856 5932 5855 5932 5931 5856 5857 5933 5856 5933 5932 5857 5858 5934 5857 5934 5933 5858 5859 5935 5858 5935 5934 5859 5860 5936 5859 5936 5935 5860 5861 5937 5860 5937 5936 5861 5862 5938 5861 5938 5937 5865 5864 5939 5865 5939 5940 5864 5866 5941 5864 5941 5939 5866 5867 5942 5866 5942 5941 5867 5868 5943 5867 5943 5942 5868 5869 5944 5868 5944 5943 5869 5870 5945 5869 5945 5944 5870 5871 5946 5870 5946 5945 5871 5872 5947 5871 5947 5946 5872 5873 5948 5872 5948 5947 5873 5874 5949 5873 5949 5948 5874 5875 5950 5874 5950 5949 5875 5876 5951 5875 5951 5950 5876 5877 5952 5876 5952 5951 5877 5878 5953 5877 5953 5952 5878 5879 5954 5878 5954 5953 5879 5880 5955 5879 5955 5954 5880 5881 5956 5880 5956 5955 5881 5882 5957 5881 5957 5956 5882 5883 5958 5882 5958 5957 5883 5884 5959 5883 5959 5958 5884 5885 5960 5884 5960 5959 5885 5886 5961 5885 5961 5960 5886 5887 5962 5886 5962 5961 5887 5888 5963 5887 5963 5962 5888 5889 5964 5888 5964 5963 5889 5890 5965 5889 5965 5964 5890 5891 5966 5890 5966 5965 5891 5892 5967 5891 5967 5966 5892 5893 5968 5892 5968 5967 5893 5894 5969 5893 5969 5968 5894 5895 5970 5894 5970 5969 5895 5896 5971 5895 5971 5970 5896 5897 5972 5896 5972 5971 5897 5898 5973 5897 5973 5972 5898 5899 5974 5898 5974 5973 5899 5900 5975 5899 5975 5974 5900 5901 5976 5900 5976 5975 5903 5902 5977 5903 5977 5978 5902 5904 5979 5902 5979 5977 5904 5905 5980 5904 5980 5979 5905 5906 5981 5905 5981 5980 5906 5907 5982 5906 5982 5981 5907 5908 5983 5907 5983 5982 5908 5909 5984 5908 5984 5983 5909 5910 5985 5909 5985 5984 5910 5911 5986 5910 5986 5985 5911 5912 5987 5911 5987 5986 5912 5913 5988 5912 5988 5987 5913 5914 5989 5913 5989 5988 5914 5915 5990 5914 5990 5989 5915 5916 5991 5915 5991 5990 5916 5917 5992 5916 5992 5991 5917 5918 5993 5917 5993 5992 5918 5919 5994 5918 5994 5993 5919 5920 5995 5919 5995 5994 5920 5921 5996 5920 5996 5995 5921 5922 5997 5921 5997 5996 5922 5923 5998 5922 5998 5997 5923 5924 5999 5923 5999 5998 5924 5925 6000 5924 6000 5999 5925 5926 6001 5925 6001 6000 5926 5927 6002 5926 6002 6001 5927 5928 6003 5927 6003 6002 5928 5929 6004 5928 6004 6003 5929 5930 6005 5929 6005 6004 5930 5931 6006 5930 6006 6005 5931 5932 6007 5931 6007 6006 5932 5933 6008 5932 6008 6007 5933 5934 6009 5933 6009 6008 5934 5935 6010 5934 6010 6009 5935 5936 6011 5935 6011 6010 5936 5937 6012 5936 6012 6011 5937 5938 6013 5937 6013 6012 5939 5941 6014 5939 6014 6015 5941 5942 6016 5941 6016 6014 5942 5943 6017 5942 6017 6016 5943 5944 6018 5943 6018 6017 5944 5945 6019 5944 6019 6018 5945 5946 6020 5945 6020 6019 5946 5947 6021 5946 6021 6020 5947 5948 6022 5947 6022 6021 5948 5949 6023 5948 6023 6022 5949 5950 6024 5949 6024 6023 5950 5951 6025 5950 6025 6024 5951 5952 6026 5951 6026 6025 5952 5953 6027 5952 6027 6026 5953 5954 6028 5953 6028 6027 5954 5955 6029 5954 6029 6028 5955 5956 6030 5955 6030 6029 5956 5957 6031 5956 6031 6030 5957 5958 6032 5957 6032 6031 5958 5959 6033 5958 6033 6032 5959 5960 6034 5959 6034 6033 5960 5961 6035 5960 6035 6034 5961 5962 6036 5961 6036 6035 5962 5963 6037 5962 6037 6036 5963 5964 6038 5963 6038 6037 5964 5965 6039 5964 6039 6038 5965 5966 6040 5965 6040 6039 5966 5967 6041 5966 6041 6040 5967 5968 6042 5967 6042 6041 5968 5969 6043 5968 6043 6042 5969 5970 6044 5969 6044 6043 5970 5971 6045 5970 6045 6044 5971 5972 6046 5971 6046 6045 5972 5973 6047 5972 6047 6046 5973 5974 6048 5973 6048 6047 5974 5975 6049 5974 6049 6048 5975 5976 6050 5975 6050 6049 5978 5977 6051 5978 6051 6052 5977 5979 6053 5977 6053 6051 5979 5980 6054 5979 6054 6053 5980 5981 6055 5980 6055 6054 5981 5982 6056 5981 6056 6055 5982 5983 6057 5982 6057 6056 5983 5984 6058 5983 6058 6057 5984 5985 6059 5984 6059 6058 5985 5986 6060 5985 6060 6059 5986 5987 6061 5986 6061 6060 5987 5988 6062 5987 6062 6061 5988 5989 6063 5988 6063 6062 5989 5990 6064 5989 6064 6063 5990 5991 6065 5990 6065 6064 5991 5992 6066 5991 6066 6065 5992 5993 6067 5992 6067 6066 5993 5994 6068 5993 6068 6067 5994 5995 6069 5994 6069 6068 5995 5996 6070 5995 6070 6069 5996 5997 6071 5996 6071 6070 5997 5998 6072 5997 6072 6071 5998 5999 6073 5998 6073 6072 5999 6000 6074 5999 6074 6073 6000 6001 6075 6000 6075 6074 6001 6002 6076 6001 6076 6075 6002 6003 6077 6002 6077 6076 6003 6004 6078 6003 6078 6077 6004 6005 6079 6004 6079 6078 6005 6006 6080 6005 6080 6079 6006 6007 6081 6006 6081 6080 6007 6008 6082 6007 6082 6081 6008 6009 6083 6008 6083 6082 6009 6010 6084 6009 6084 6083 6010 6011 6085 6010 6085 6084 6011 6012 6086 6011 6086 6085 6015 6014 6087 6015 6087 6088 6014 6016 6089 6014 6089 6087 6016 6017 6090 6016 6090 6089 6017 6018 6091 6017 6091 6090 6018 6019 6092 6018 6092 6091 6019 6020 6093 6019 6093 6092 6020 6021 6094 6020 6094 6093 6021 6022 6095 6021 6095 6094 6022 6023 6096 6022 6096 6095 6023 6024 6097 6023 6097 6096 6024 6025 6098 6024 6098 6097 6025 6026 6099 6025 6099 6098 6026 6027 6100 6026 6100 6099 6027 6028 6101 6027 6101 6100 6028 6029 6102 6028 6102 6101 6029 6030 6103 6029 6103 6102 6030 6031 6104 6030 6104 6103 6031 6032 6105 6031 6105 6104 6032 6033 6106 6032 6106 6105 6033 6034 6107 6033 6107 6106 6034 6035 6108 6034 6108 6107 6035 6036 6109 6035 6109 6108 6036 6037 6110 6036 6110 6109 6037 6038 6111 6037 6111 6110 6038 6039 6112 6038 6112 6111 6039 6040 6113 6039 6113 6112 6040 6041 6114 6040 6114 6113 6041 6042 6115 6041 6115 6114 6042 6043 6116 6042 6116 6115 6043 6044 6117 6043 6117 6116 6044 6045 6118 6044 6118 6117 6045 6046 6119 6045 6119 6118 6046 6047 6120 6046 6120 6119 6047 6048 6121 6047 6121 6120 6048 6049 6122 6048 6122 6121 6049 6050 6123 6049 6123 6122 6052 6051 6124 6052 6124 6125 6051 6053 6126 6051 6126 6124 6053 6054 6127 6053 6127 6126 6054 6055 6128 6054 6128 6127 6055 6056 6129 6055 6129 6128 6056 6057 6130 6056 6130 6129 6057 6058 6131 6057 6131 6130 6058 6059 6132 6058 6132 6131 6059 6060 6133 6059 6133 6132 6060 6061 6134 6060 6134 6133 6061 6062 6135 6061 6135 6134 6062 6063 6136 6062 6136 6135 6063 6064 6137 6063 6137 6136 6064 6065 6138 6064 6138 6137 6065 6066 6139 6065 6139 6138 6066 6067 6140 6066 6140 6139 6067 6068 6141 6067 6141 6140 6068 6069 6142 6068 6142 6141 6069 6070 6143 6069 6143 6142 6070 6071 6144 6070 6144 6143 6071 6072 6145 6071 6145 6144 6072 6073 6146 6072 6146 6145 6073 6074 6147 6073 6147 6146 6074 6075 6148 6074 6148 6147 6075 6076 6149 6075 6149 6148 6076 6077 6150 6076 6150 6149 6077 6078 6151 6077 6151 6150 6078 6079 6152 6078 6152 6151 6079 6080 6153 6079 6153 6152 6080 6081 6154 6080 6154 6153 6081 6082 6155 6081 6155 6154 6082 6083 6156 6082 6156 6155 6083 6084 6157 6083 6157 6156 6084 6085 6158 6084 6158 6157 6085 6086 6159 6085 6159 6158 6087 6089 6160 6087 6160 6161 6089 6090 6162 6089 6162 6160 6090 6091 6163 6090 6163 6162 6091 6092 6164 6091 6164 6163 6092 6093 6165 6092 6165 6164 6093 6094 6166 6093 6166 6165 6094 6095 6167 6094 6167 6166 6095 6096 6168 6095 6168 6167 6096 6097 6169 6096 6169 6168 6097 6098 6170 6097 6170 6169 6098 6099 6171 6098 6171 6170 6099 6100 6172 6099 6172 6171 6100 6101 6173 6100 6173 6172 6101 6102 6174 6101 6174 6173 6102 6103 6175 6102 6175 6174 6103 6104 6176 6103 6176 6175 6104 6105 6177 6104 6177 6176 6105 6106 6178 6105 6178 6177 6106 6107 6179 6106 6179 6178 6107 6108 6180 6107 6180 6179 6108 6109 6181 6108 6181 6180 6109 6110 6182 6109 6182 6181 6110 6111 6183 6110 6183 6182 6111 6112 6184 6111 6184 6183 6112 6113 6185 6112 6185 6184 6113 6114 6186 6113 6186 6185 6114 6115 6187 6114 6187 6186 6115 6116 6188 6115 6188 6187 6116 6117 6189 6116 6189 6188 6117 6118 6190 6117 6190 6189 6118 6119 6191 6118 6191 6190 6119 6120 6192 6119 6192 6191 6120 6121 6193 6120 6193 6192 6121 6122 6194 6121 6194 6193 6122 6123 6195 6122 6195 6194 6125 6124 6196 6125 6196 6197 6124 6126 6198 6124 6198 6196 6126 6127 6199 6126 6199 6198 6127 6128 6200 6127 6200 6199 6128 6129 6201 6128 6201 6200 6129 6130 6202 6129 6202 6201 6130 6131 6203 6130 6203 6202 6131 6132 6204 6131 6204 6203 6132 6133 6205 6132 6205 6204 6133 6134 6206 6133 6206 6205 6134 6135 6207 6134 6207 6206 6135 6136 6208 6135 6208 6207 6136 6137 6209 6136 6209 6208 6137 6138 6210 6137 6210 6209 6138 6139 6211 6138 6211 6210 6139 6140 6212 6139 6212 6211 6140 6141 6213 6140 6213 6212 6141 6142 6214 6141 6214 6213 6142 6143 6215 6142 6215 6214 6143 6144 6216 6143 6216 6215 6144 6145 6217 6144 6217 6216 6145 6146 6218 6145 6218 6217 6146 6147 6219 6146 6219 6218 6147 6148 6220 6147 6220 6219 6148 6149 6221 6148 6221 6220 6149 6150 6222 6149 6222 6221 6150 6151 6223 6150 6223 6222 6151 6152 6224 6151 6224 6223 6152 6153 6225 6152 6225 6224 6153 6154 6226 6153 6226 6225 6154 6155 6227 6154 6227 6226 6155 6156 6228 6155 6228 6227 6156 6157 6229 6156 6229 6228 6157 6158 6230 6157 6230 6229 6160 6162 6231 6160 6231 6232 6162 6163 6233 6162 6233 6231 6163 6164 6234 6163 6234 6233 6164 6165 6235 6164 6235 6234 6165 6166 6236 6165 6236 6235 6166 6167 6237 6166 6237 6236 6167 6168 6238 6167 6238 6237 6168 6169 6239 6168 6239 6238 6169 6170 6240 6169 6240 6239 6170 6171 6241 6170 6241 6240 6171 6172 6242 6171 6242 6241 6172 6173 6243 6172 6243 6242 6173 6174 6244 6173 6244 6243 6174 6175 6245 6174 6245 6244 6175 6176 6246 6175 6246 6245 6176 6177 6247 6176 6247 6246 6177 6178 6248 6177 6248 6247 6178 6179 6249 6178 6249 6248 6179 6180 6250 6179 6250 6249 6180 6181 6251 6180 6251 6250 6181 6182 6252 6181 6252 6251 6182 6183 6253 6182 6253 6252 6183 6184 6254 6183 6254 6253 6184 6185 6255 6184 6255 6254 6185 6186 6256 6185 6256 6255 6186 6187 6257 6186 6257 6256 6187 6188 6258 6187 6258 6257 6188 6189 6259 6188 6259 6258 6189 6190 6260 6189 6260 6259 6190 6191 6261 6190 6261 6260 6191 6192 6262 6191 6262 6261 6192 6193 6263 6192 6263 6262 6193 6194 6264 6193 6264 6263 6194 6195 6265 6194 6265 6264 6197 6196 6266 6197 6266 6267 6196 6198 6268 6196 6268 6266 6198 6199 6269 6198 6269 6268 6199 6200 6270 6199 6270 6269 6200 6201 6271 6200 6271 6270 6201 6202 6272 6201 6272 6271 6202 6203 6273 6202 6273 6272 6203 6204 6274 6203 6274 6273 6204 6205 6275 6204 6275 6274 6205 6206 6276 6205 6276 6275 6206 6207 6277 6206 6277 6276 6207 6208 6278 6207 6278 6277 6208 6209 6279 6208 6279 6278 6209 6210 6280 6209 6280 6279 6210 6211 6281 6210 6281 6280 6211 6212 6282 6211 6282 6281 6212 6213 6283 6212 6283 6282 6213 6214 6284 6213 6284 6283 6214 6215 6285 6214 6285 6284 6215 6216 6286 6215 6286 6285 6216 6217 6287 6216 6287 6286 6217 6218 6288 6217 6288 6287 6218 6219 6289 6218 6289 6288 6219 6220 6290 6219 6290 6289 6220 6221 6291 6220 6291 6290 6221 6222 6292 6221 6292 6291 6222 6223 6293 6222 6293 6292 6223 6224 6294 6223 6294 6293 6224 6225 6295 6224 6295 6294 6225 6226 6296 6225 6296 6295 6226 6227 6297 6226 6297 6296 6227 6228 6298 6227 6298 6297 6228 6229 6299 6228 6299 6298 6229 6230 6300 6229 6300 6299 6235 6236 6301 6235 6301 6302 6236 6237 6303 6236 6303 6301 6237 6238 6304 6237 6304 6303 6238 6239 6305 6238 6305 6304 6239 6240 6306 6239 6306 6305 6240 6241 6307 6240 6307 6306 6241 6242 6308 6241 6308 6307 6242 6243 6309 6242 6309 6308 6243 6244 6310 6243 6310 6309 6244 6245 6311 6244 6311 6310 6245 6246 6312 6245 6312 6311 6246 6247 6313 6246 6313 6312 6247 6248 6314 6247 6314 6313 6248 6249 6315 6248 6315 6314 6249 6250 6316 6249 6316 6315 6250 6251 6317 6250 6317 6316 6251 6252 6318 6251 6318 6317 6252 6253 6319 6252 6319 6318 6253 6254 6320 6253 6320 6319 6254 6255 6321 6254 6321 6320 6255 6256 6322 6255 6322 6321 6256 6257 6323 6256 6323 6322 6257 6258 6324 6257 6324 6323 6258 6259 6325 6258 6325 6324 6259 6260 6326 6259 6326 6325 6260 6261 6327 6260 6327 6326 6261 6262 6328 6261 6328 6327 6262 6263 6329 6262 6329 6328 6263 6264 6330 6263 6330 6329 6264 6265 6331 6264 6331 6330 6267 6266 6332 6267 6332 6333 6266 6268 6334 6266 6334 6332 6268 6269 6335 6268 6335 6334 6269 6270 6336 6269 6336 6335 6270 6271 6337 6270 6337 6336 6271 6272 6338 6271 6338 6337 6272 6273 6339 6272 6339 6338 6273 6274 6340 6273 6340 6339 6274 6275 6341 6274 6341 6340 6275 6276 6342 6275 6342 6341 6276 6277 6343 6276 6343 6342 6277 6278 6344 6277 6344 6343 6278 6279 6345 6278 6345 6344 6279 6280 6346 6279 6346 6345 6280 6281 6347 6280 6347 6346 6281 6282 6348 6281 6348 6347 6282 6283 6349 6282 6349 6348 6283 6284 6350 6283 6350 6349 6284 6285 6351 6284 6351 6350 6285 6286 6352 6285 6352 6351 6286 6287 6353 6286 6353 6352 6287 6288 6354 6287 6354 6353 6288 6289 6355 6288 6355 6354 6289 6290 6356 6289 6356 6355 6290 6291 6357 6290 6357 6356 6291 6292 6358 6291 6358 6357 6292 6293 6359 6292 6359 6358 6293 6294 6360 6293 6360 6359 6294 6295 6361 6294 6361 6360 6295 6296 6362 6295 6362 6361 6296 6297 6363 6296 6363 6362 6297 6298 6364 6297 6364 6363 6298 6299 6365 6298 6365 6364 6305 6306 6366 6305 6366 6367 6306 6307 6368 6306 6368 6366 6307 6308 6369 6307 6369 6368 6308 6309 6370 6308 6370 6369 6309 6310 6371 6309 6371 6370 6310 6311 6372 6310 6372 6371 6311 6312 6373 6311 6373 6372 6312 6313 6374 6312 6374 6373 6313 6314 6375 6313 6375 6374 6314 6315 6376 6314 6376 6375 6315 6316 6377 6315 6377 6376 6316 6317 6378 6316 6378 6377 6317 6318 6379 6317 6379 6378 6318 6319 6380 6318 6380 6379 6319 6320 6381 6319 6381 6380 6320 6321 6382 6320 6382 6381 6321 6322 6383 6321 6383 6382 6322 6323 6384 6322 6384 6383 6323 6324 6385 6323 6385 6384 6324 6325 6386 6324 6386 6385 6325 6326 6387 6325 6387 6386 6326 6327 6388 6326 6388 6387 6327 6328 6389 6327 6389 6388 6328 6329 6390 6328 6390 6389 6329 6330 6391 6329 6391 6390 6330 6331 6392 6330 6392 6391 6333 6332 6393 6333 6393 6394 6332 6334 6395 6332 6395 6393 6334 6335 6396 6334 6396 6395 6335 6336 6397 6335 6397 6396 6336 6337 6398 6336 6398 6397 6337 6338 6399 6337 6399 6398 6338 6339 6400 6338 6400 6399 6339 6340 6401 6339 6401 6400 6340 6341 6402 6340 6402 6401 6341 6342 6403 6341 6403 6402 6342 6343 6404 6342 6404 6403 6343 6344 6405 6343 6405 6404 6344 6345 6406 6344 6406 6405 6345 6346 6407 6345 6407 6406 6346 6347 6408 6346 6408 6407 6347 6348 6409 6347 6409 6408 6348 6349 6410 6348 6410 6409 6349 6350 6411 6349 6411 6410 6350 6351 6412 6350 6412 6411 6351 6352 6413 6351 6413 6412 6352 6353 6414 6352 6414 6413 6353 6354 6415 6353 6415 6414 6354 6355 6416 6354 6416 6415 6355 6356 6417 6355 6417 6416 6356 6357 6418 6356 6418 6417 6357 6358 6419 6357 6419 6418 6358 6359 6420 6358 6420 6419 6359 6360 6421 6359 6421 6420 6360 6361 6422 6360 6422 6421 6361 6362 6423 6361 6423 6422 6362 6363 6424 6362 6424 6423 6363 6364 6425 6363 6425 6424 6364 6365 6426 6364 6426 6425 6366 6368 6427 6366 6427 6428 6368 6369 6429 6368 6429 6427 6369 6370 6430 6369 6430 6429 6370 6371 6431 6370 6431 6430 6371 6372 6432 6371 6432 6431 6372 6373 6433 6372 6433 6432 6373 6374 6434 6373 6434 6433 6374 6375 6435 6374 6435 6434 6375 6376 6436 6375 6436 6435 6376 6377 6437 6376 6437 6436 6377 6378 6438 6377 6438 6437 6378 6379 6439 6378 6439 6438 6379 6380 6440 6379 6440 6439 6380 6381 6441 6380 6441 6440 6381 6382 6442 6381 6442 6441 6382 6383 6443 6382 6443 6442 6383 6384 6444 6383 6444 6443 6384 6385 6445 6384 6445 6444 6385 6386 6446 6385 6446 6445 6386 6387 6447 6386 6447 6446 6387 6388 6448 6387 6448 6447 6388 6389 6449 6388 6449 6448 6389 6390 6450 6389 6450 6449 6390 6391 6451 6390 6451 6450 6391 6392 6452 6391 6452 6451 6394 6393 6453 6394 6453 6454 6393 6395 6455 6393 6455 6453 6395 6396 6456 6395 6456 6455 6396 6397 6457 6396 6457 6456 6397 6398 6458 6397 6458 6457 6398 6399 6459 6398 6459 6458 6399 6400 6460 6399 6460 6459 6400 6401 6461 6400 6461 6460 6401 6402 6462 6401 6462 6461 6402 6403 6463 6402 6463 6462 6403 6404 6464 6403 6464 6463 6404 6405 6465 6404 6465 6464 6405 6406 6466 6405 6466 6465 6406 6407 6467 6406 6467 6466 6407 6408 6468 6407 6468 6467 6408 6409 6469 6408 6469 6468 6409 6410 6470 6409 6470 6469 6410 6411 6471 6410 6471 6470 6411 6412 6472 6411 6472 6471 6412 6413 6473 6412 6473 6472 6413 6414 6474 6413 6474 6473 6414 6415 6475 6414 6475 6474 6415 6416 6476 6415 6476 6475 6416 6417 6477 6416 6477 6476 6417 6418 6478 6417 6478 6477 6418 6419 6479 6418 6479 6478 6419 6420 6480 6419 6480 6479 6420 6421 6481 6420 6481 6480 6421 6422 6482 6421 6482 6481 6422 6423 6483 6422 6483 6482 6423 6424 6484 6423 6484 6483 6424 6425 6485 6424 6485 6484 6425 6426 6486 6425 6486 6485 6428 6427 6487 6428 6487 6488 6427 6429 6489 6427 6489 6487 6429 6430 6490 6429 6490 6489 6430 6431 6491 6430 6491 6490 6431 6432 6492 6431 6492 6491 6432 6433 6493 6432 6493 6492 6433 6434 6494 6433 6494 6493 6434 6435 6495 6434 6495 6494 6435 6436 6496 6435 6496 6495 6436 6437 6497 6436 6497 6496 6437 6438 6498 6437 6498 6497 6438 6439 6499 6438 6499 6498 6439 6440 6500 6439 6500 6499 6440 6441 6501 6440 6501 6500 6441 6442 6502 6441 6502 6501 6442 6443 6503 6442 6503 6502 6443 6444 6504 6443 6504 6503 6444 6445 6505 6444 6505 6504 6445 6446 6506 6445 6506 6505 6446 6447 6507 6446 6507 6506 6447 6448 6508 6447 6508 6507 6448 6449 6509 6448 6509 6508 6449 6450 6510 6449 6510 6509 6450 6451 6511 6450 6511 6510 6451 6452 6512 6451 6512 6511 6454 6453 6513 6454 6513 6514 6453 6455 6515 6453 6515 6513 6455 6456 6516 6455 6516 6515 6456 6457 6517 6456 6517 6516 6457 6458 6518 6457 6518 6517 6458 6459 6519 6458 6519 6518 6459 6460 6520 6459 6520 6519 6460 6461 6521 6460 6521 6520 6461 6462 6522 6461 6522 6521 6462 6463 6523 6462 6523 6522 6463 6464 6524 6463 6524 6523 6464 6465 6525 6464 6525 6524 6465 6466 6526 6465 6526 6525 6466 6467 6527 6466 6527 6526 6467 6468 6528 6467 6528 6527 6468 6469 6529 6468 6529 6528 6469 6470 6530 6469 6530 6529 6470 6471 6531 6470 6531 6530 6471 6472 6532 6471 6532 6531 6472 6473 6533 6472 6533 6532 6473 6474 6534 6473 6534 6533 6474 6475 6535 6474 6535 6534 6475 6476 6536 6475 6536 6535 6476 6477 6537 6476 6537 6536 6477 6478 6538 6477 6538 6537 6478 6479 6539 6478 6539 6538 6479 6480 6540 6479 6540 6539 6480 6481 6541 6480 6541 6540 6481 6482 6542 6481 6542 6541 6482 6483 6543 6482 6543 6542 6483 6484 6544 6483 6544 6543 6484 6485 6545 6484 6545 6544 6487 6489 6546 6487 6546 6547 6489 6490 6548 6489 6548 6546 6490 6491 6549 6490 6549 6548 6491 6492 6550 6491 6550 6549 6492 6493 6551 6492 6551 6550 6493 6494 6552 6493 6552 6551 6494 6495 6553 6494 6553 6552 6495 6496 6554 6495 6554 6553 6496 6497 6555 6496 6555 6554 6497 6498 6556 6497 6556 6555 6498 6499 6557 6498 6557 6556 6499 6500 6558 6499 6558 6557 6500 6501 6559 6500 6559 6558 6501 6502 6560 6501 6560 6559 6502 6503 6561 6502 6561 6560 6503 6504 6562 6503 6562 6561 6504 6505 6563 6504 6563 6562 6505 6506 6564 6505 6564 6563 6506 6507 6565 6506 6565 6564 6507 6508 6566 6507 6566 6565 6508 6509 6567 6508 6567 6566 6509 6510 6568 6509 6568 6567 6510 6511 6569 6510 6569 6568 6511 6512 6570 6511 6570 6569 6514 6513 6571 6514 6571 6572 6513 6515 6573 6513 6573 6571 6515 6516 6574 6515 6574 6573 6516 6517 6575 6516 6575 6574 6517 6518 6576 6517 6576 6575 6518 6519 6577 6518 6577 6576 6519 6520 6578 6519 6578 6577 6520 6521 6579 6520 6579 6578 6521 6522 6580 6521 6580 6579 6522 6523 6581 6522 6581 6580 6523 6524 6582 6523 6582 6581 6524 6525 6583 6524 6583 6582 6525 6526 6584 6525 6584 6583 6526 6527 6585 6526 6585 6584 6527 6528 6586 6527 6586 6585 6528 6529 6587 6528 6587 6586 6529 6530 6588 6529 6588 6587 6530 6531 6589 6530 6589 6588 6531 6532 6590 6531 6590 6589 6532 6533 6591 6532 6591 6590 6533 6534 6592 6533 6592 6591 6534 6535 6593 6534 6593 6592 6535 6536 6594 6535 6594 6593 6536 6537 6595 6536 6595 6594 6537 6538 6596 6537 6596 6595 6538 6539 6597 6538 6597 6596 6539 6540 6598 6539 6598 6597 6540 6541 6599 6540 6599 6598 6541 6542 6600 6541 6600 6599 6542 6543 6601 6542 6601 6600 6543 6544 6602 6543 6602 6601 6544 6545 6603 6544 6603 6602 6547 6546 6604 6547 6604 6605 6546 6548 6606 6546 6606 6604 6548 6549 6607 6548 6607 6606 6549 6550 6608 6549 6608 6607 6550 6551 6609 6550 6609 6608 6551 6552 6610 6551 6610 6609 6552 6553 6611 6552 6611 6610 6553 6554 6612 6553 6612 6611 6554 6555 6613 6554 6613 6612 6555 6556 6614 6555 6614 6613 6556 6557 6615 6556 6615 6614 6557 6558 6616 6557 6616 6615 6558 6559 6617 6558 6617 6616 6559 6560 6618 6559 6618 6617 6560 6561 6619 6560 6619 6618 6561 6562 6620 6561 6620 6619 6562 6563 6621 6562 6621 6620 6563 6564 6622 6563 6622 6621 6564 6565 6623 6564 6623 6622 6565 6566 6624 6565 6624 6623 6566 6567 6625 6566 6625 6624 6567 6568 6626 6567 6626 6625 6568 6569 6627 6568 6627 6626 6569 6570 6628 6569 6628 6627 6572 6571 6629 6572 6629 6630 6571 6573 6631 6571 6631 6629 6573 6574 6632 6573 6632 6631 6574 6575 6633 6574 6633 6632 6575 6576 6634 6575 6634 6633 6576 6577 6635 6576 6635 6634 6577 6578 6636 6577 6636 6635 6578 6579 6637 6578 6637 6636 6579 6580 6638 6579 6638 6637 6580 6581 6639 6580 6639 6638 6581 6582 6640 6581 6640 6639 6582 6583 6641 6582 6641 6640 6583 6584 6642 6583 6642 6641 6584 6585 6643 6584 6643 6642 6585 6586 6644 6585 6644 6643 6586 6587 6645 6586 6645 6644 6587 6588 6646 6587 6646 6645 6588 6589 6647 6588 6647 6646 6589 6590 6648 6589 6648 6647 6590 6591 6649 6590 6649 6648 6591 6592 6650 6591 6650 6649 6592 6593 6651 6592 6651 6650 6593 6594 6652 6593 6652 6651 6594 6595 6653 6594 6653 6652 6595 6596 6654 6595 6654 6653 6596 6597 6655 6596 6655 6654 6597 6598 6656 6597 6656 6655 6598 6599 6657 6598 6657 6656 6599 6600 6658 6599 6658 6657 6600 6601 6659 6600 6659 6658 6601 6602 6660 6601 6660 6659 6604 6606 6661 6604 6661 6662 6606 6607 6663 6606 6663 6661 6607 6608 6664 6607 6664 6663 6608 6609 6665 6608 6665 6664 6609 6610 6666 6609 6666 6665 6610 6611 6667 6610 6667 6666 6611 6612 6668 6611 6668 6667 6612 6613 6669 6612 6669 6668 6613 6614 6670 6613 6670 6669 6614 6615 6671 6614 6671 6670 6615 6616 6672 6615 6672 6671 6616 6617 6673 6616 6673 6672 6617 6618 6674 6617 6674 6673 6618 6619 6675 6618 6675 6674 6619 6620 6676 6619 6676 6675 6620 6621 6677 6620 6677 6676 6621 6622 6678 6621 6678 6677 6622 6623 6679 6622 6679 6678 6623 6624 6680 6623 6680 6679 6624 6625 6681 6624 6681 6680 6625 6626 6682 6625 6682 6681 6626 6627 6683 6626 6683 6682 6627 6628 6684 6627 6684 6683 6630 6629 6685 6630 6685 6686 6629 6631 6687 6629 6687 6685 6631 6632 6688 6631 6688 6687 6632 6633 6689 6632 6689 6688 6633 6634 6690 6633 6690 6689 6634 6635 6691 6634 6691 6690 6635 6636 6692 6635 6692 6691 6636 6637 6693 6636 6693 6692 6637 6638 6694 6637 6694 6693 6638 6639 6695 6638 6695 6694 6639 6640 6696 6639 6696 6695 6640 6641 6697 6640 6697 6696 6641 6642 6698 6641 6698 6697 6642 6643 6699 6642 6699 6698 6643 6644 6700 6643 6700 6699 6644 6645 6701 6644 6701 6700 6645 6646 6702 6645 6702 6701 6646 6647 6703 6646 6703 6702 6647 6648 6704 6647 6704 6703 6648 6649 6705 6648 6705 6704 6649 6650 6706 6649 6706 6705 6650 6651 6707 6650 6707 6706 6651 6652 6708 6651 6708 6707 6652 6653 6709 6652 6709 6708 6653 6654 6710 6653 6710 6709 6654 6655 6711 6654 6711 6710 6655 6656 6712 6655 6712 6711 6656 6657 6713 6656 6713 6712 6657 6658 6714 6657 6714 6713 6658 6659 6715 6658 6715 6714 6659 6660 6716 6659 6716 6715 6662 6661 6717 6662 6717 6718 6661 6663 6719 6661 6719 6717 6663 6664 6720 6663 6720 6719 6664 6665 6721 6664 6721 6720 6665 6666 6722 6665 6722 6721 6666 6667 6723 6666 6723 6722 6667 6668 6724 6667 6724 6723 6668 6669 6725 6668 6725 6724 6669 6670 6726 6669 6726 6725 6670 6671 6727 6670 6727 6726 6671 6672 6728 6671 6728 6727 6672 6673 6729 6672 6729 6728 6673 6674 6730 6673 6730 6729 6674 6675 6731 6674 6731 6730 6675 6676 6732 6675 6732 6731 6676 6677 6733 6676 6733 6732 6677 6678 6734 6677 6734 6733 6678 6679 6735 6678 6735 6734 6679 6680 6736 6679 6736 6735 6680 6681 6737 6680 6737 6736 6681 6682 6738 6681 6738 6737 6682 6683 6739 6682 6739 6738 6683 6684 6740 6683 6740 6739 6686 6685 6741 6686 6741 6742 6685 6687 6743 6685 6743 6741 6687 6688 6744 6687 6744 6743 6688 6689 6745 6688 6745 6744 6689 6690 6746 6689 6746 6745 6690 6691 6747 6690 6747 6746 6691 6692 6748 6691 6748 6747 6692 6693 6749 6692 6749 6748 6693 6694 6750 6693 6750 6749 6694 6695 6751 6694 6751 6750 6695 6696 6752 6695 6752 6751 6696 6697 6753 6696 6753 6752 6697 6698 6754 6697 6754 6753 6698 6699 6755 6698 6755 6754 6699 6700 6756 6699 6756 6755 6700 6701 6757 6700 6757 6756 6701 6702 6758 6701 6758 6757 6702 6703 6759 6702 6759 6758 6703 6704 6760 6703 6760 6759 6704 6705 6761 6704 6761 6760 6705 6706 6762 6705 6762 6761 6706 6707 6763 6706 6763 6762 6707 6708 6764 6707 6764 6763 6708 6709 6765 6708 6765 6764 6709 6710 6766 6709 6766 6765 6710 6711 6767 6710 6767 6766 6711 6712 6768 6711 6768 6767 6712 6713 6769 6712 6769 6768 6713 6714 6770 6713 6770 6769 6714 6715 6771 6714 6771 6770 6717 6719 6772 6717 6772 6773 6719 6720 6774 6719 6774 6772 6720 6721 6775 6720 6775 6774 6721 6722 6776 6721 6776 6775 6722 6723 6777 6722 6777 6776 6723 6724 6778 6723 6778 6777 6724 6725 6779 6724 6779 6778 6725 6726 6780 6725 6780 6779 6726 6727 6781 6726 6781 6780 6727 6728 6782 6727 6782 6781 6728 6729 6783 6728 6783 6782 6729 6730 6784 6729 6784 6783 6730 6731 6785 6730 6785 6784 6731 6732 6786 6731 6786 6785 6732 6733 6787 6732 6787 6786 6733 6734 6788 6733 6788 6787 6734 6735 6789 6734 6789 6788 6735 6736 6790 6735 6790 6789 6736 6737 6791 6736 6791 6790 6737 6738 6792 6737 6792 6791 6738 6739 6793 6738 6793 6792 6739 6740 6794 6739 6794 6793 6742 6741 6795 6742 6795 6796 6741 6743 6797 6741 6797 6795 6743 6744 6798 6743 6798 6797 6744 6745 6799 6744 6799 6798 6745 6746 6800 6745 6800 6799 6746 6747 6801 6746 6801 6800 6747 6748 6802 6747 6802 6801 6748 6749 6803 6748 6803 6802 6749 6750 6804 6749 6804 6803 6750 6751 6805 6750 6805 6804 6751 6752 6806 6751 6806 6805 6752 6753 6807 6752 6807 6806 6753 6754 6808 6753 6808 6807 6754 6755 6809 6754 6809 6808 6755 6756 6810 6755 6810 6809 6756 6757 6811 6756 6811 6810 6757 6758 6812 6757 6812 6811 6758 6759 6813 6758 6813 6812 6759 6760 6814 6759 6814 6813 6760 6761 6815 6760 6815 6814 6761 6762 6816 6761 6816 6815 6762 6763 6817 6762 6817 6816 6763 6764 6818 6763 6818 6817 6764 6765 6819 6764 6819 6818 6765 6766 6820 6765 6820 6819 6766 6767 6821 6766 6821 6820 6767 6768 6822 6767 6822 6821 6768 6769 6823 6768 6823 6822 6769 6770 6824 6769 6824 6823 6770 6771 6825 6770 6825 6824 6773 6772 6826 6773 6826 6827 6772 6774 6828 6772 6828 6826 6774 6775 6829 6774 6829 6828 6775 6776 6830 6775 6830 6829 6776 6777 6831 6776 6831 6830 6777 6778 6832 6777 6832 6831 6778 6779 6833 6778 6833 6832 6779 6780 6834 6779 6834 6833 6780 6781 6835 6780 6835 6834 6781 6782 6836 6781 6836 6835 6782 6783 6837 6782 6837 6836 6783 6784 6838 6783 6838 6837 6784 6785 6839 6784 6839 6838 6785 6786 6840 6785 6840 6839 6786 6787 6841 6786 6841 6840 6787 6788 6842 6787 6842 6841 6788 6789 6843 6788 6843 6842 6789 6790 6844 6789 6844 6843 6790 6791 6845 6790 6845 6844 6791 6792 6846 6791 6846 6845 6792 6793 6847 6792 6847 6846 6793 6794 6848 6793 6848 6847 6796 6795 6849 6796 6849 6850 6795 6797 6851 6795 6851 6849 6797 6798 6852 6797 6852 6851 6798 6799 6853 6798 6853 6852 6799 6800 6854 6799 6854 6853 6800 6801 6855 6800 6855 6854 6801 6802 6856 6801 6856 6855 6802 6803 6857 6802 6857 6856 6803 6804 6858 6803 6858 6857 6804 6805 6859 6804 6859 6858 6805 6806 6860 6805 6860 6859 6806 6807 6861 6806 6861 6860 6807 6808 6862 6807 6862 6861 6808 6809 6863 6808 6863 6862 6809 6810 6864 6809 6864 6863 6810 6811 6865 6810 6865 6864 6811 6812 6866 6811 6866 6865 6812 6813 6867 6812 6867 6866 6813 6814 6868 6813 6868 6867 6814 6815 6869 6814 6869 6868 6815 6816 6870 6815 6870 6869 6816 6817 6871 6816 6871 6870 6817 6818 6872 6817 6872 6871 6818 6819 6873 6818 6873 6872 6819 6820 6874 6819 6874 6873 6820 6821 6875 6820 6875 6874 6821 6822 6876 6821 6876 6875 6822 6823 6877 6822 6877 6876 6823 6824 6878 6823 6878 6877 6826 6828 6879 6826 6879 6880 6828 6829 6881 6828 6881 6879 6829 6830 6882 6829 6882 6881 6830 6831 6883 6830 6883 6882 6831 6832 6884 6831 6884 6883 6832 6833 6885 6832 6885 6884 6833 6834 6886 6833 6886 6885 6834 6835 6887 6834 6887 6886 6835 6836 6888 6835 6888 6887 6836 6837 6889 6836 6889 6888 6837 6838 6890 6837 6890 6889 6838 6839 6891 6838 6891 6890 6839 6840 6892 6839 6892 6891 6840 6841 6893 6840 6893 6892 6841 6842 6894 6841 6894 6893 6842 6843 6895 6842 6895 6894 6843 6844 6896 6843 6896 6895 6844 6845 6897 6844 6897 6896 6845 6846 6898 6845 6898 6897 6846 6847 6899 6846 6899 6898 6847 6848 6900 6847 6900 6899 6850 6849 6901 6850 6901 6902 6849 6851 6903 6849 6903 6901 6851 6852 6904 6851 6904 6903 6852 6853 6905 6852 6905 6904 6853 6854 6906 6853 6906 6905 6854 6855 6907 6854 6907 6906 6855 6856 6908 6855 6908 6907 6856 6857 6909 6856 6909 6908 6857 6858 6910 6857 6910 6909 6858 6859 6911 6858 6911 6910 6859 6860 6912 6859 6912 6911 6860 6861 6913 6860 6913 6912 6861 6862 6914 6861 6914 6913 6862 6863 6915 6862 6915 6914 6863 6864 6916 6863 6916 6915 6864 6865 6917 6864 6917 6916 6865 6866 6918 6865 6918 6917 6866 6867 6919 6866 6919 6918 6867 6868 6920 6867 6920 6919 6868 6869 6921 6868 6921 6920 6869 6870 6922 6869 6922 6921 6870 6871 6923 6870 6923 6922 6871 6872 6924 6871 6924 6923 6872 6873 6925 6872 6925 6924 6873 6874 6926 6873 6926 6925 6874 6875 6927 6874 6927 6926 6875 6876 6928 6875 6928 6927 6876 6877 6929 6876 6929 6928 6877 6878 6930 6877 6930 6929 6880 6879 6931 6880 6931 6932 6879 6881 6933 6879 6933 6931 6881 6882 6934 6881 6934 6933 6882 6883 6935 6882 6935 6934 6883 6884 6936 6883 6936 6935 6884 6885 6937 6884 6937 6936 6885 6886 6938 6885 6938 6937 6886 6887 6939 6886 6939 6938 6887 6888 6940 6887 6940 6939 6888 6889 6941 6888 6941 6940 6889 6890 6942 6889 6942 6941 6890 6891 6943 6890 6943 6942 6891 6892 6944 6891 6944 6943 6892 6893 6945 6892 6945 6944 6893 6894 6946 6893 6946 6945 6894 6895 6947 6894 6947 6946 6895 6896 6948 6895 6948 6947 6896 6897 6949 6896 6949 6948 6897 6898 6950 6897 6950 6949 6898 6899 6951 6898 6951 6950 6899 6900 6952 6899 6952 6951 6902 6901 6953 6902 6953 6954 6901 6903 6955 6901 6955 6953 6903 6904 6956 6903 6956 6955 6904 6905 6957 6904 6957 6956 6905 6906 6958 6905 6958 6957 6906 6907 6959 6906 6959 6958 6907 6908 6960 6907 6960 6959 6908 6909 6961 6908 6961 6960 6909 6910 6962 6909 6962 6961 6910 6911 6963 6910 6963 6962 6911 6912 6964 6911 6964 6963 6912 6913 6965 6912 6965 6964 6913 6914 6966 6913 6966 6965 6914 6915 6967 6914 6967 6966 6915 6916 6968 6915 6968 6967 6916 6917 6969 6916 6969 6968 6917 6918 6970 6917 6970 6969 6918 6919 6971 6918 6971 6970 6919 6920 6972 6919 6972 6971 6920 6921 6973 6920 6973 6972 6921 6922 6974 6921 6974 6973 6922 6923 6975 6922 6975 6974 6923 6924 6976 6923 6976 6975 6924 6925 6977 6924 6977 6976 6925 6926 6978 6925 6978 6977 6926 6927 6979 6926 6979 6978 6927 6928 6980 6927 6980 6979 6928 6929 6981 6928 6981 6980 6982 6983 6984 6982 6984 6985 6983 6986 6987 6983 6987 6984 6986 6988 6989 6986 6989 6987 6988 6990 6991 6988 6991 6989 6990 6992 6993 6990 6993 6991 6992 6994 6995 6992 6995 6993 6994 6996 6997 6994 6997 6995 6996 6932 6998 6996 6998 6997 6932 6931 6999 6932 6999 6998 6931 6933 7000 6931 7000 6999 6933 6934 7001 6933 7001 7000 6934 6935 7002 6934 7002 7001 6935 6936 7003 6935 7003 7002 6936 6937 7004 6936 7004 7003 6937 6938 7005 6937 7005 7004 6938 6939 7006 6938 7006 7005 6939 6940 7007 6939 7007 7006 6940 6941 7008 6940 7008 7007 6941 6942 7009 6941 7009 7008 6942 6943 7010 6942 7010 7009 6943 6944 7011 6943 7011 7010 6944 6945 7012 6944 7012 7011 6945 6946 7013 6945 7013 7012 6946 6947 7014 6946 7014 7013 6947 6948 7015 6947 7015 7014 6948 6949 7016 6948 7016 7015 6949 6950 7017 6949 7017 7016 6950 6951 7018 6950 7018 7017 6951 6952 7019 6951 7019 7018 6954 6953 7020 6954 7020 7021 6953 6955 7022 6953 7022 7020 6955 6956 7023 6955 7023 7022 6956 6957 7024 6956 7024 7023 6957 6958 7025 6957 7025 7024 6958 6959 7026 6958 7026 7025 6959 6960 7027 6959 7027 7026 6960 6961 7028 6960 7028 7027 6961 6962 7029 6961 7029 7028 6962 6963 7030 6962 7030 7029 6963 6964 7031 6963 7031 7030 6964 6965 7032 6964 7032 7031 6965 6966 7033 6965 7033 7032 6966 6967 7034 6966 7034 7033 6967 6968 7035 6967 7035 7034 6968 6969 7036 6968 7036 7035 6969 6970 7037 6969 7037 7036 6970 6971 7038 6970 7038 7037 6971 6972 7039 6971 7039 7038 6972 6973 7040 6972 7040 7039 6973 6974 7041 6973 7041 7040 6974 6975 7042 6974 7042 7041 6975 6976 7043 6975 7043 7042 6976 6977 7044 6976 7044 7043 6977 6978 7045 6977 7045 7044 6978 6979 7046 6978 7046 7045 6979 6980 7047 6979 7047 7046 6980 6981 7048 6980 7048 7047 7049 7050 7051 7049 7051 7052 7050 7053 7054 7050 7054 7051 7053 7055 7056 7053 7056 7054 7055 7057 7058 7055 7058 7056 7057 7059 7060 7057 7060 7058 7059 7061 7062 7059 7062 7060 7061 7063 7064 7061 7064 7062 7063 7065 7066 7063 7066 7064 7065 7067 7068 7065 7068 7066 7067 7069 7070 7067 7070 7068 7069 6985 7071 7069 7071 7070 6985 6984 7072 6985 7072 7071 6984 6987 7073 6984 7073 7072 6987 6989 7074 6987 7074 7073 6989 6991 7075 6989 7075 7074 6991 6993 7076 6991 7076 7075 6993 6995 7077 6993 7077 7076 6995 6997 7078 6995 7078 7077 6997 6998 7079 6997 7079 7078 6998 6999 7080 6998 7080 7079 6999 7000 7081 6999 7081 7080 7000 7001 7082 7000 7082 7081 7001 7002 7083 7001 7083 7082 7002 7003 7084 7002 7084 7083 7003 7004 7085 7003 7085 7084 7004 7005 7086 7004 7086 7085 7005 7006 7087 7005 7087 7086 7006 7007 7088 7006 7088 7087 7007 7008 7089 7007 7089 7088 7008 7009 7090 7008 7090 7089 7009 7010 7091 7009 7091 7090 7010 7011 7092 7010 7092 7091 7011 7012 7093 7011 7093 7092 7012 7013 7094 7012 7094 7093 7013 7014 7095 7013 7095 7094 7014 7015 7096 7014 7096 7095 7015 7016 7097 7015 7097 7096 7016 7017 7098 7016 7098 7097 7017 7018 7099 7017 7099 7098 7018 7019 7100 7018 7100 7099 7021 7020 7101 7021 7101 7102 7020 7022 7103 7020 7103 7101 7022 7023 7104 7022 7104 7103 7023 7024 7105 7023 7105 7104 7024 7025 7106 7024 7106 7105 7025 7026 7107 7025 7107 7106 7026 7027 7108 7026 7108 7107 7027 7028 7109 7027 7109 7108 7028 7029 7110 7028 7110 7109 7029 7030 7111 7029 7111 7110 7030 7031 7112 7030 7112 7111 7031 7032 7113 7031 7113 7112 7032 7033 7114 7032 7114 7113 7033 7034 7115 7033 7115 7114 7034 7035 7116 7034 7116 7115 7035 7036 7117 7035 7117 7116 7036 7037 7118 7036 7118 7117 7037 7038 7119 7037 7119 7118 7038 7039 7120 7038 7120 7119 7039 7040 7121 7039 7121 7120 7040 7041 7122 7040 7122 7121 7041 7042 7123 7041 7123 7122 7042 7043 7124 7042 7124 7123 7043 7044 7125 7043 7125 7124 7044 7045 7126 7044 7126 7125 7045 7046 7127 7045 7127 7126 7046 7047 7128 7046 7128 7127 7129 7130 7131 7129 7131 7132 7130 7133 7134 7130 7134 7131 7133 7135 7136 7133 7136 7134 7135 7137 7138 7135 7138 7136 7137 7139 7140 7137 7140 7138 7139 7141 7142 7139 7142 7140 7141 7143 7144 7141 7144 7142 7143 7145 7146 7143 7146 7144 7145 7147 7148 7145 7148 7146 7147 7149 7150 7147 7150 7148 7149 7052 7151 7149 7151 7150 7052 7051 7152 7052 7152 7151 7051 7054 7153 7051 7153 7152 7054 7056 7154 7054 7154 7153 7056 7058 7155 7056 7155 7154 7058 7060 7156 7058 7156 7155 7060 7062 7157 7060 7157 7156 7062 7064 7158 7062 7158 7157 7064 7066 7159 7064 7159 7158 7066 7068 7160 7066 7160 7159 7068 7070 7161 7068 7161 7160 7070 7071 7162 7070 7162 7161 7071 7072 7163 7071 7163 7162 7072 7073 7164 7072 7164 7163 7073 7074 7165 7073 7165 7164 7074 7075 7166 7074 7166 7165 7075 7076 7167 7075 7167 7166 7076 7077 7168 7076 7168 7167 7077 7078 7169 7077 7169 7168 7078 7079 7170 7078 7170 7169 7079 7080 7171 7079 7171 7170 7080 7081 7172 7080 7172 7171 7081 7082 7173 7081 7173 7172 7082 7083 7174 7082 7174 7173 7083 7084 7175 7083 7175 7174 7084 7085 7176 7084 7176 7175 7085 7086 7177 7085 7177 7176 7086 7087 7178 7086 7178 7177 7087 7088 7179 7087 7179 7178 7088 7089 7180 7088 7180 7179 7089 7090 7181 7089 7181 7180 7090 7091 7182 7090 7182 7181 7091 7092 7183 7091 7183 7182 7092 7093 7184 7092 7184 7183 7093 7094 7185 7093 7185 7184 7094 7095 7186 7094 7186 7185 7095 7096 7187 7095 7187 7186 7096 7097 7188 7096 7188 7187 7097 7098 7189 7097 7189 7188 7098 7099 7190 7098 7190 7189 7099 7100 7191 7099 7191 7190 7102 7101 7192 7102 7192 7193 7101 7103 7194 7101 7194 7192 7103 7104 7195 7103 7195 7194 7104 7105 7196 7104 7196 7195 7105 7106 7197 7105 7197 7196 7106 7107 7198 7106 7198 7197 7107 7108 7199 7107 7199 7198 7108 7109 7200 7108 7200 7199 7109 7110 7201 7109 7201 7200 7110 7111 7202 7110 7202 7201 7111 7112 7203 7111 7203 7202 7112 7113 7204 7112 7204 7203 7113 7114 7205 7113 7205 7204 7114 7115 7206 7114 7206 7205 7115 7116 7207 7115 7207 7206 7116 7117 7208 7116 7208 7207 7117 7118 7209 7117 7209 7208 7118 7119 7210 7118 7210 7209 7119 7120 7211 7119 7211 7210 7120 7121 7212 7120 7212 7211 7121 7122 7213 7121 7213 7212 7122 7123 7214 7122 7214 7213 7123 7124 7215 7123 7215 7214 7124 7125 7216 7124 7216 7215 7125 7126 7217 7125 7217 7216 7126 7127 7218 7126 7218 7217 7127 7128 7219 7127 7219 7218 7220 7221 7222 7220 7222 7223 7221 7224 7225 7221 7225 7222 7224 7226 7227 7224 7227 7225 7226 7228 7229 7226 7229 7227 7228 7230 7231 7228 7231 7229 7230 7232 7233 7230 7233 7231 7232 7234 7235 7232 7235 7233 7234 7236 7237 7234 7237 7235 7236 7238 7239 7236 7239 7237 7238 7240 7241 7238 7241 7239 7240 7132 7242 7240 7242 7241 7132 7131 7243 7132 7243 7242 7131 7134 7244 7131 7244 7243 7134 7136 7245 7134 7245 7244 7136 7138 7246 7136 7246 7245 7138 7140 7247 7138 7247 7246 7140 7142 7248 7140 7248 7247 7142 7144 7249 7142 7249 7248 7144 7146 7250 7144 7250 7249 7146 7148 7251 7146 7251 7250 7148 7150 7252 7148 7252 7251 7150 7151 7253 7150 7253 7252 7151 7152 7254 7151 7254 7253 7152 7153 7255 7152 7255 7254 7153 7154 7256 7153 7256 7255 7154 7155 7257 7154 7257 7256 7155 7156 7258 7155 7258 7257 7156 7157 7259 7156 7259 7258 7157 7158 7260 7157 7260 7259 7158 7159 7261 7158 7261 7260 7159 7160 7262 7159 7262 7261 7160 7161 7263 7160 7263 7262 7161 7162 7264 7161 7264 7263 7162 7163 7265 7162 7265 7264 7163 7164 7266 7163 7266 7265 7164 7165 7267 7164 7267 7266 7165 7166 7268 7165 7268 7267 7166 7167 7269 7166 7269 7268 7167 7168 7270 7167 7270 7269 7168 7169 7271 7168 7271 7270 7169 7170 7272 7169 7272 7271 7170 7171 7273 7170 7273 7272 7171 7172 7274 7171 7274 7273 7172 7173 7275 7172 7275 7274 7173 7174 7276 7173 7276 7275 7174 7175 7277 7174 7277 7276 7175 7176 7278 7175 7278 7277 7176 7177 7279 7176 7279 7278 7177 7178 7280 7177 7280 7279 7178 7179 7281 7178 7281 7280 7179 7180 7282 7179 7282 7281 7180 7181 7283 7180 7283 7282 7181 7182 7284 7181 7284 7283 7182 7183 7285 7182 7285 7284 7183 7184 7286 7183 7286 7285 7184 7185 7287 7184 7287 7286 7185 7186 7288 7185 7288 7287 7186 7187 7289 7186 7289 7288 7187 7188 7290 7187 7290 7289 7188 7189 7291 7188 7291 7290 7189 7190 7292 7189 7292 7291 7190 7191 7293 7190 7293 7292 7193 7192 7294 7193 7294 7295 7192 7194 7296 7192 7296 7294 7194 7195 7297 7194 7297 7296 7195 7196 7298 7195 7298 7297 7196 7197 7299 7196 7299 7298 7197 7198 7300 7197 7300 7299 7198 7199 7301 7198 7301 7300 7199 7200 7302 7199 7302 7301 7200 7201 7303 7200 7303 7302 7201 7202 7304 7201 7304 7303 7202 7203 7305 7202 7305 7304 7203 7204 7306 7203 7306 7305 7204 7205 7307 7204 7307 7306 7205 7206 7308 7205 7308 7307 7206 7207 7309 7206 7309 7308 7207 7208 7310 7207 7310 7309 7208 7209 7311 7208 7311 7310 7209 7210 7312 7209 7312 7311 7210 7211 7313 7210 7313 7312 7211 7212 7314 7211 7314 7313 7212 7213 7315 7212 7315 7314 7213 7214 7316 7213 7316 7315 7214 7215 7317 7214 7317 7316 7215 7216 7318 7215 7318 7317 7216 7217 7319 7216 7319 7318 7217 7218 7320 7217 7320 7319 7321 7322 7323 7321 7323 7324 7322 7325 7326 7322 7326 7323 7325 7327 7328 7325 7328 7326 7327 7329 7330 7327 7330 7328 7329 7331 7332 7329 7332 7330 7331 7333 7334 7331 7334 7332 7333 7335 7336 7333 7336 7334 7335 7337 7338 7335 7338 7336 7337 7339 7340 7337 7340 7338 7339 7341 7342 7339 7342 7340 7341 7223 7343 7341 7343 7342 7223 7222 7344 7223 7344 7343 7222 7225 7345 7222 7345 7344 7225 7227 7346 7225 7346 7345 7227 7229 7347 7227 7347 7346 7229 7231 7348 7229 7348 7347 7231 7233 7349 7231 7349 7348 7233 7235 7350 7233 7350 7349 7235 7237 7351 7235 7351 7350 7237 7239 7352 7237 7352 7351 7239 7241 7353 7239 7353 7352 7241 7242 7354 7241 7354 7353 7242 7243 7355 7242 7355 7354 7243 7244 7356 7243 7356 7355 7244 7245 7357 7244 7357 7356 7245 7246 7358 7245 7358 7357 7246 7247 7359 7246 7359 7358 7247 7248 7360 7247 7360 7359 7248 7249 7361 7248 7361 7360 7249 7250 7362 7249 7362 7361 7250 7251 7363 7250 7363 7362 7251 7252 7364 7251 7364 7363 7252 7253 7365 7252 7365 7364 7253 7254 7366 7253 7366 7365 7254 7255 7367 7254 7367 7366 7255 7256 7368 7255 7368 7367 7256 7257 7369 7256 7369 7368 7257 7258 7370 7257 7370 7369 7258 7259 7371 7258 7371 7370 7259 7260 7372 7259 7372 7371 7260 7261 7373 7260 7373 7372 7261 7262 7374 7261 7374 7373 7262 7263 7375 7262 7375 7374 7263 7264 7376 7263 7376 7375 7264 7265 7377 7264 7377 7376 7265 7266 7378 7265 7378 7377 7266 7267 7379 7266 7379 7378 7267 7268 7380 7267 7380 7379 7268 7269 7381 7268 7381 7380 7269 7270 7382 7269 7382 7381 7270 7271 7383 7270 7383 7382 7271 7272 7384 7271 7384 7383 7272 7273 7385 7272 7385 7384 7273 7274 7386 7273 7386 7385 7274 7275 7387 7274 7387 7386 7275 7276 7388 7275 7388 7387 7276 7277 7389 7276 7389 7388 7277 7278 7390 7277 7390 7389 7278 7279 7391 7278 7391 7390 7279 7280 7392 7279 7392 7391 7280 7281 7393 7280 7393 7392 7281 7282 7394 7281 7394 7393 7282 7283 7395 7282 7395 7394 7283 7284 7396 7283 7396 7395 7284 7285 7397 7284 7397 7396 7285 7286 7398 7285 7398 7397 7286 7287 7399 7286 7399 7398 7287 7288 7400 7287 7400 7399 7288 7289 7401 7288 7401 7400 7289 7290 7402 7289 7402 7401 7290 7291 7403 7290 7403 7402 7291 7292 7404 7291 7404 7403 7292 7293 7405 7292 7405 7404 7295 7294 7406 7295 7406 7407 7294 7296 7408 7294 7408 7406 7296 7297 7409 7296 7409 7408 7297 7298 7410 7297 7410 7409 7298 7299 7411 7298 7411 7410 7299 7300 7412 7299 7412 7411 7300 7301 7413 7300 7413 7412 7301 7302 7414 7301 7414 7413 7302 7303 7415 7302 7415 7414 7303 7304 7416 7303 7416 7415 7304 7305 7417 7304 7417 7416 7305 7306 7418 7305 7418 7417 7306 7307 7419 7306 7419 7418 7307 7308 7420 7307 7420 7419 7308 7309 7421 7308 7421 7420 7309 7310 7422 7309 7422 7421 7310 7311 7423 7310 7423 7422 7311 7312 7424 7311 7424 7423 7312 7313 7425 7312 7425 7424 7313 7314 7426 7313 7426 7425 7314 7315 7427 7314 7427 7426 7315 7316 7428 7315 7428 7427 7316 7317 7429 7316 7429 7428 7317 7318 7430 7317 7430 7429 7318 7319 7431 7318 7431 7430 7319 7320 7432 7319 7432 7431 7433 7434 7435 7433 7435 7436 7434 7437 7438 7434 7438 7435 7437 7439 7440 7437 7440 7438 7439 7441 7442 7439 7442 7440 7441 7443 7444 7441 7444 7442 7443 7445 7446 7443 7446 7444 7445 7447 7448 7445 7448 7446 7447 7449 7450 7447 7450 7448 7449 7451 7452 7449 7452 7450 7451 7324 7453 7451 7453 7452 7324 7323 7454 7324 7454 7453 7323 7326 7455 7323 7455 7454 7326 7328 7456 7326 7456 7455 7328 7330 7457 7328 7457 7456 7330 7332 7458 7330 7458 7457 7332 7334 7459 7332 7459 7458 7334 7336 7460 7334 7460 7459 7336 7338 7461 7336 7461 7460 7338 7340 7462 7338 7462 7461 7340 7342 7463 7340 7463 7462 7342 7343 7464 7342 7464 7463 7343 7344 7465 7343 7465 7464 7344 7345 7466 7344 7466 7465 7345 7346 7467 7345 7467 7466 7346 7347 7468 7346 7468 7467 7347 7348 7469 7347 7469 7468 7348 7349 7470 7348 7470 7469 7349 7350 7471 7349 7471 7470 7350 7351 7472 7350 7472 7471 7351 7352 7473 7351 7473 7472 7352 7353 7474 7352 7474 7473 7353 7354 7475 7353 7475 7474 7354 7355 7476 7354 7476 7475 7355 7356 7477 7355 7477 7476 7356 7357 7478 7356 7478 7477 7357 7358 7479 7357 7479 7478 7358 7359 7480 7358 7480 7479 7359 7360 7481 7359 7481 7480 7360 7361 7482 7360 7482 7481 7361 7362 7483 7361 7483 7482 7362 7363 7484 7362 7484 7483 7363 7364 7485 7363 7485 7484 7364 7365 7486 7364 7486 7485 7365 7366 7487 7365 7487 7486 7366 7367 7488 7366 7488 7487 7367 7368 7489 7367 7489 7488 7368 7369 7490 7368 7490 7489 7369 7370 7491 7369 7491 7490 7370 7371 7492 7370 7492 7491 7371 7372 7493 7371 7493 7492 7372 7373 7494 7372 7494 7493 7373 7374 7495 7373 7495 7494 7374 7375 7496 7374 7496 7495 7375 7376 7497 7375 7497 7496 7376 7377 7498 7376 7498 7497 7377 7378 7499 7377 7499 7498 7378 7379 7500 7378 7500 7499 7379 7380 7501 7379 7501 7500 7380 7381 7502 7380 7502 7501 7381 7382 7503 7381 7503 7502 7382 7383 7504 7382 7504 7503 7383 7384 7505 7383 7505 7504 7384 7385 7506 7384 7506 7505 7385 7386 7507 7385 7507 7506 7386 7387 7508 7386 7508 7507 7387 7388 7509 7387 7509 7508 7388 7389 7510 7388 7510 7509 7389 7390 7511 7389 7511 7510 7390 7391 7512 7390 7512 7511 7391 7392 7513 7391 7513 7512 7392 7393 7514 7392 7514 7513 7393 7394 7515 7393 7515 7514 7394 7395 7516 7394 7516 7515 7395 7396 7517 7395 7517 7516 7396 7397 7518 7396 7518 7517 7397 7398 7519 7397 7519 7518 7398 7399 7520 7398 7520 7519 7399 7400 7521 7399 7521 7520 7400 7401 7522 7400 7522 7521 7401 7402 7523 7401 7523 7522 7402 7403 7524 7402 7524 7523 7403 7404 7525 7403 7525 7524 7404 7405 7526 7404 7526 7525 7407 7406 7527 7407 7527 7528 7406 7408 7529 7406 7529 7527 7408 7409 7530 7408 7530 7529 7409 7410 7531 7409 7531 7530 7410 7411 7532 7410 7532 7531 7411 7412 7533 7411 7533 7532 7412 7413 7534 7412 7534 7533 7413 7414 7535 7413 7535 7534 7414 7415 7536 7414 7536 7535 7415 7416 7537 7415 7537 7536 7416 7417 7538 7416 7538 7537 7417 7418 7539 7417 7539 7538 7418 7419 7540 7418 7540 7539 7419 7420 7541 7419 7541 7540 7420 7421 7542 7420 7542 7541 7421 7422 7543 7421 7543 7542 7422 7423 7544 7422 7544 7543 7423 7424 7545 7423 7545 7544 7424 7425 7546 7424 7546 7545 7425 7426 7547 7425 7547 7546 7426 7427 7548 7426 7548 7547 7427 7428 7549 7427 7549 7548 7428 7429 7550 7428 7550 7549 7429 7430 7551 7429 7551 7550 7430 7431 7552 7430 7552 7551 7553 7554 7555 7553 7555 7556 7554 7557 7558 7554 7558 7555 7557 7559 7560 7557 7560 7558 7559 7561 7562 7559 7562 7560 7561 7563 7564 7561 7564 7562 7563 7565 7566 7563 7566 7564 7565 7567 7568 7565 7568 7566 7567 7569 7570 7567 7570 7568 7569 7571 7572 7569 7572 7570 7571 7573 7574 7571 7574 7572 7573 7436 7575 7573 7575 7574 7436 7435 7576 7436 7576 7575 7435 7438 7577 7435 7577 7576 7438 7440 7578 7438 7578 7577 7440 7442 7579 7440 7579 7578 7442 7444 7580 7442 7580 7579 7444 7446 7581 7444 7581 7580 7446 7448 7582 7446 7582 7581 7448 7450 7583 7448 7583 7582 7450 7452 7584 7450 7584 7583 7452 7453 7585 7452 7585 7584 7453 7454 7586 7453 7586 7585 7454 7455 7587 7454 7587 7586 7455 7456 7588 7455 7588 7587 7456 7457 7589 7456 7589 7588 7457 7458 7590 7457 7590 7589 7458 7459 7591 7458 7591 7590 7459 7460 7592 7459 7592 7591 7460 7461 7593 7460 7593 7592 7461 7462 7594 7461 7594 7593 7462 7463 7595 7462 7595 7594 7463 7464 7596 7463 7596 7595 7464 7465 7597 7464 7597 7596 7465 7466 7598 7465 7598 7597 7466 7467 7599 7466 7599 7598 7467 7468 7600 7467 7600 7599 7468 7469 7601 7468 7601 7600 7469 7470 7602 7469 7602 7601 7470 7471 7603 7470 7603 7602 7471 7472 7604 7471 7604 7603 7472 7473 7605 7472 7605 7604 7473 7474 7606 7473 7606 7605 7474 7475 7607 7474 7607 7606 7475 7476 7608 7475 7608 7607 7476 7477 7609 7476 7609 7608 7477 7478 7610 7477 7610 7609 7478 7479 7611 7478 7611 7610 7479 7480 7612 7479 7612 7611 7480 7481 7613 7480 7613 7612 7481 7482 7614 7481 7614 7613 7482 7483 7615 7482 7615 7614 7483 7484 7616 7483 7616 7615 7484 7485 7617 7484 7617 7616 7485 7486 7618 7485 7618 7617 7486 7487 7619 7486 7619 7618 7487 7488 7620 7487 7620 7619 7488 7489 7621 7488 7621 7620 7489 7490 7622 7489 7622 7621 7490 7491 7623 7490 7623 7622 7491 7492 7624 7491 7624 7623 7492 7493 7625 7492 7625 7624 7493 7494 7626 7493 7626 7625 7494 7495 7627 7494 7627 7626 7495 7496 7628 7495 7628 7627 7496 7497 7629 7496 7629 7628 7497 7498 7630 7497 7630 7629 7498 7499 7631 7498 7631 7630 7499 7500 7632 7499 7632 7631 7500 7501 7633 7500 7633 7632 7501 7502 7634 7501 7634 7633 7502 7503 7635 7502 7635 7634 7503 7504 7636 7503 7636 7635 7504 7505 7637 7504 7637 7636 7505 7506 7638 7505 7638 7637 7506 7507 7639 7506 7639 7638 7507 7508 7640 7507 7640 7639 7508 7509 7641 7508 7641 7640 7509 7510 7642 7509 7642 7641 7510 7511 7643 7510 7643 7642 7511 7512 7644 7511 7644 7643 7512 7513 7645 7512 7645 7644 7513 7514 7646 7513 7646 7645 7514 7515 7647 7514 7647 7646 7515 7516 7648 7515 7648 7647 7516 7517 7649 7516 7649 7648 7517 7518 7650 7517 7650 7649 7518 7519 7651 7518 7651 7650 7519 7520 7652 7519 7652 7651 7520 7521 7653 7520 7653 7652 7521 7522 7654 7521 7654 7653 7522 7523 7655 7522 7655 7654 7523 7524 7656 7523 7656 7655 7524 7525 7657 7524 7657 7656 7525 7526 7658 7525 7658 7657 7528 7527 7659 7528 7659 7660 7527 7529 7661 7527 7661 7659 7529 7530 7662 7529 7662 7661 7530 7531 7663 7530 7663 7662 7531 7532 7664 7531 7664 7663 7532 7533 7665 7532 7665 7664 7533 7534 7666 7533 7666 7665 7534 7535 7667 7534 7667 7666 7535 7536 7668 7535 7668 7667 7536 7537 7669 7536 7669 7668 7537 7538 7670 7537 7670 7669 7538 7539 7671 7538 7671 7670 7539 7540 7672 7539 7672 7671 7540 7541 7673 7540 7673 7672 7541 7542 7674 7541 7674 7673 7542 7543 7675 7542 7675 7674 7543 7544 7676 7543 7676 7675 7544 7545 7677 7544 7677 7676 7545 7546 7678 7545 7678 7677 7546 7547 7679 7546 7679 7678 7547 7548 7680 7547 7680 7679 7548 7549 7681 7548 7681 7680 7549 7550 7682 7549 7682 7681 7550 7551 7683 7550 7683 7682 7551 7552 7684 7551 7684 7683 7685 7686 7687 7685 7687 7688 7686 7689 7690 7686 7690 7687 7689 7691 7692 7689 7692 7690 7691 7693 7694 7691 7694 7692 7693 7695 7696 7693 7696 7694 7695 7697 7698 7695 7698 7696 7697 7699 7700 7697 7700 7698 7699 7701 7702 7699 7702 7700 7701 7703 7704 7701 7704 7702 7703 7705 7706 7703 7706 7704 7705 7556 7707 7705 7707 7706 7556 7555 7708 7556 7708 7707 7555 7558 7709 7555 7709 7708 7558 7560 7710 7558 7710 7709 7560 7562 7711 7560 7711 7710 7562 7564 7712 7562 7712 7711 7564 7566 7713 7564 7713 7712 7566 7568 7714 7566 7714 7713 7568 7570 7715 7568 7715 7714 7570 7572 7716 7570 7716 7715 7572 7574 7717 7572 7717 7716 7574 7575 7718 7574 7718 7717 7575 7576 7719 7575 7719 7718 7576 7577 7720 7576 7720 7719 7577 7578 7721 7577 7721 7720 7578 7579 7722 7578 7722 7721 7579 7580 7723 7579 7723 7722 7580 7581 7724 7580 7724 7723 7581 7582 7725 7581 7725 7724 7582 7583 7726 7582 7726 7725 7583 7584 7727 7583 7727 7726 7584 7585 7728 7584 7728 7727 7585 7586 7729 7585 7729 7728 7586 7587 7730 7586 7730 7729 7587 7588 7731 7587 7731 7730 7588 7589 7732 7588 7732 7731 7589 7590 7733 7589 7733 7732 7590 7591 7734 7590 7734 7733 7591 7592 7735 7591 7735 7734 7592 7593 7736 7592 7736 7735 7593 7594 7737 7593 7737 7736 7594 7595 7738 7594 7738 7737 7595 7596 7739 7595 7739 7738 7596 7597 7740 7596 7740 7739 7597 7598 7741 7597 7741 7740 7598 7599 7742 7598 7742 7741 7599 7600 7743 7599 7743 7742 7600 7601 7744 7600 7744 7743 7601 7602 7745 7601 7745 7744 7602 7603 7746 7602 7746 7745 7603 7604 7747 7603 7747 7746 7604 7605 7748 7604 7748 7747 7605 7606 7749 7605 7749 7748 7606 7607 7750 7606 7750 7749 7607 7608 7751 7607 7751 7750 7608 7609 7752 7608 7752 7751 7609 7610 7753 7609 7753 7752 7610 7611 7754 7610 7754 7753 7611 7612 7755 7611 7755 7754 7612 7613 7756 7612 7756 7755 7613 7614 7757 7613 7757 7756 7614 7615 7758 7614 7758 7757 7615 7616 7759 7615 7759 7758 7616 7617 7760 7616 7760 7759 7617 7618 7761 7617 7761 7760 7618 7619 7762 7618 7762 7761 7619 7620 7763 7619 7763 7762 7620 7621 7764 7620 7764 7763 7621 7622 7765 7621 7765 7764 7622 7623 7766 7622 7766 7765 7623 7624 7767 7623 7767 7766 7624 7625 7768 7624 7768 7767 7625 7626 7769 7625 7769 7768 7626 7627 7770 7626 7770 7769 7627 7628 7771 7627 7771 7770 7628 7629 7772 7628 7772 7771 7629 7630 7773 7629 7773 7772 7630 7631 7774 7630 7774 7773 7631 7632 7775 7631 7775 7774 7632 7633 7776 7632 7776 7775 7633 7634 7777 7633 7777 7776 7634 7635 7778 7634 7778 7777 7635 7636 7779 7635 7779 7778 7636 7637 7780 7636 7780 7779 7637 7638 7781 7637 7781 7780 7638 7639 7782 7638 7782 7781 7639 7640 7783 7639 7783 7782 7640 7641 7784 7640 7784 7783 7641 7642 7785 7641 7785 7784 7642 7643 7786 7642 7786 7785 7643 7644 7787 7643 7787 7786 7644 7645 7788 7644 7788 7787 7645 7646 7789 7645 7789 7788 7646 7647 7790 7646 7790 7789 7647 7648 7791 7647 7791 7790 7648 7649 7792 7648 7792 7791 7649 7650 7793 7649 7793 7792 7650 7651 7794 7650 7794 7793 7651 7652 7795 7651 7795 7794 7652 7653 7796 7652 7796 7795 7653 7654 7797 7653 7797 7796 7654 7655 7798 7654 7798 7797 7655 7656 7799 7655 7799 7798 7656 7657 7800 7656 7800 7799 7657 7658 7801 7657 7801 7800 7660 7659 7802 7660 7802 7803 7659 7661 7804 7659 7804 7802 7661 7662 7805 7661 7805 7804 7662 7663 7806 7662 7806 7805 7663 7664 7807 7663 7807 7806 7664 7665 7808 7664 7808 7807 7665 7666 7809 7665 7809 7808 7666 7667 7810 7666 7810 7809 7667 7668 7811 7667 7811 7810 7668 7669 7812 7668 7812 7811 7669 7670 7813 7669 7813 7812 7670 7671 7814 7670 7814 7813 7671 7672 7815 7671 7815 7814 7672 7673 7816 7672 7816 7815 7673 7674 7817 7673 7817 7816 7674 7675 7818 7674 7818 7817 7675 7676 7819 7675 7819 7818 7676 7677 7820 7676 7820 7819 7677 7678 7821 7677 7821 7820 7678 7679 7822 7678 7822 7821 7679 7680 7823 7679 7823 7822 7680 7681 7824 7680 7824 7823 7681 7682 7825 7681 7825 7824 7682 7683 7826 7682 7826 7825 7827 7828 7829 7827 7829 7830 7828 7831 7832 7828 7832 7829 7831 7833 7834 7831 7834 7832 7833 7835 7836 7833 7836 7834 7835 7837 7838 7835 7838 7836 7837 7839 7840 7837 7840 7838 7839 7841 7842 7839 7842 7840 7841 7843 7844 7841 7844 7842 7843 7845 7846 7843 7846 7844 7845 7847 7848 7845 7848 7846 7847 7849 7850 7847 7850 7848 7849 7688 7851 7849 7851 7850 7688 7687 7852 7688 7852 7851 7687 7690 7853 7687 7853 7852 7690 7692 7854 7690 7854 7853 7692 7694 7855 7692 7855 7854 7694 7696 7856 7694 7856 7855 7696 7698 7857 7696 7857 7856 7698 7700 7858 7698 7858 7857 7700 7702 7859 7700 7859 7858 7702 7704 7860 7702 7860 7859 7704 7706 7861 7704 7861 7860 7706 7707 7862 7706 7862 7861 7707 7708 7863 7707 7863 7862 7708 7709 7864 7708 7864 7863 7709 7710 7865 7709 7865 7864 7710 7711 7866 7710 7866 7865 7711 7712 7867 7711 7867 7866 7712 7713 7868 7712 7868 7867 7713 7714 7869 7713 7869 7868 7714 7715 7870 7714 7870 7869 7715 7716 7871 7715 7871 7870 7716 7717 7872 7716 7872 7871 7717 7718 7873 7717 7873 7872 7718 7719 7874 7718 7874 7873 7719 7720 7875 7719 7875 7874 7720 7721 7876 7720 7876 7875 7721 7722 7877 7721 7877 7876 7722 7723 7878 7722 7878 7877 7723 7724 7879 7723 7879 7878 7724 7725 7880 7724 7880 7879 7725 7726 7881 7725 7881 7880 7726 7727 7882 7726 7882 7881 7727 7728 7883 7727 7883 7882 7728 7729 7884 7728 7884 7883 7729 7730 7885 7729 7885 7884 7730 7731 7886 7730 7886 7885 7731 7732 7887 7731 7887 7886 7732 7733 7888 7732 7888 7887 7733 7734 7889 7733 7889 7888 7734 7735 7890 7734 7890 7889 7735 7736 7891 7735 7891 7890 7736 7737 7892 7736 7892 7891 7737 7738 7893 7737 7893 7892 7738 7739 7894 7738 7894 7893 7739 7740 7895 7739 7895 7894 7740 7741 7896 7740 7896 7895 7741 7742 7897 7741 7897 7896 7742 7743 7898 7742 7898 7897 7743 7744 7899 7743 7899 7898 7744 7745 7900 7744 7900 7899 7745 7746 7901 7745 7901 7900 7746 7747 7902 7746 7902 7901 7747 7748 7903 7747 7903 7902 7748 7749 7904 7748 7904 7903 7749 7750 7905 7749 7905 7904 7750 7751 7906 7750 7906 7905 7751 7752 7907 7751 7907 7906 7752 7753 7908 7752 7908 7907 7753 7754 7909 7753 7909 7908 7754 7755 7910 7754 7910 7909 7755 7756 7911 7755 7911 7910 7756 7757 7912 7756 7912 7911 7757 7758 7913 7757 7913 7912 7758 7759 7914 7758 7914 7913 7759 7760 7915 7759 7915 7914 7760 7761 7916 7760 7916 7915 7761 7762 7917 7761 7917 7916 7762 7763 7918 7762 7918 7917 7763 7764 7919 7763 7919 7918 7764 7765 7920 7764 7920 7919 7765 7766 7921 7765 7921 7920 7766 7767 7922 7766 7922 7921 7767 7768 7923 7767 7923 7922 7768 7769 7924 7768 7924 7923 7769 7770 7925 7769 7925 7924 7770 7771 7926 7770 7926 7925 7771 7772 7927 7771 7927 7926 7772 7773 7928 7772 7928 7927 7773 7774 7929 7773 7929 7928 7774 7775 7930 7774 7930 7929 7775 7776 7931 7775 7931 7930 7776 7777 7932 7776 7932 7931 7777 7778 7933 7777 7933 7932 7778 7779 7934 7778 7934 7933 7779 7780 7935 7779 7935 7934 7780 7781 7936 7780 7936 7935 7781 7782 7937 7781 7937 7936 7782 7783 7938 7782 7938 7937 7783 7784 7939 7783 7939 7938 7784 7785 7940 7784 7940 7939 7785 7786 7941 7785 7941 7940 7786 7787 7942 7786 7942 7941 7787 7788 7943 7787 7943 7942 7788 7789 7944 7788 7944 7943 7789 7790 7945 7789 7945 7944 7790 7791 7946 7790 7946 7945 7791 7792 7947 7791 7947 7946 7792 7793 7948 7792 7948 7947 7793 7794 7949 7793 7949 7948 7794 7795 7950 7794 7950 7949 7795 7796 7951 7795 7951 7950 7796 7797 7952 7796 7952 7951 7797 7798 7953 7797 7953 7952 7798 7799 7954 7798 7954 7953 7799 7800 7955 7799 7955 7954 7800 7801 7956 7800 7956 7955 7803 7802 7957 7803 7957 7958 7802 7804 7959 7802 7959 7957 7804 7805 7960 7804 7960 7959 7805 7806 7961 7805 7961 7960 7806 7807 7962 7806 7962 7961 7807 7808 7963 7807 7963 7962 7808 7809 7964 7808 7964 7963 7809 7810 7965 7809 7965 7964 7810 7811 7966 7810 7966 7965 7811 7812 7967 7811 7967 7966 7812 7813 7968 7812 7968 7967 7813 7814 7969 7813 7969 7968 7814 7815 7970 7814 7970 7969 7815 7816 7971 7815 7971 7970 7816 7817 7972 7816 7972 7971 7817 7818 7973 7817 7973 7972 7818 7819 7974 7818 7974 7973 7819 7820 7975 7819 7975 7974 7820 7821 7976 7820 7976 7975 7821 7822 7977 7821 7977 7976 7822 7823 7978 7822 7978 7977 7823 7824 7979 7823 7979 7978 7824 7825 7980 7824 7980 7979 7825 7826 7981 7825 7981 7980 7826 7982 7983 7826 7983 7981 7982 7984 7985 7982 7985 7983 7984 7830 7986 7984 7986 7985 7830 7829 7987 7830 7987 7986 7829 7832 7988 7829 7988 7987 7832 7834 7989 7832 7989 7988 7834 7836 7990 7834 7990 7989 7836 7838 7991 7836 7991 7990 7838 7840 7992 7838 7992 7991 7840 7842 7993 7840 7993 7992 7842 7844 7994 7842 7994 7993 7844 7846 7995 7844 7995 7994 7846 7848 7996 7846 7996 7995 7848 7850 7997 7848 7997 7996 7850 7851 7998 7850 7998 7997 7851 7852 7999 7851 7999 7998 7852 7853 8000 7852 8000 7999 7853 7854 8001 7853 8001 8000 7854 7855 8002 7854 8002 8001 7855 7856 8003 7855 8003 8002 7856 7857 8004 7856 8004 8003 7857 7858 8005 7857 8005 8004 7858 7859 8006 7858 8006 8005 7859 7860 8007 7859 8007 8006 7860 7861 8008 7860 8008 8007 7861 7862 8009 7861 8009 8008 7862 7863 8010 7862 8010 8009 7863 7864 8011 7863 8011 8010 7864 7865 8012 7864 8012 8011 7865 7866 8013 7865 8013 8012 7866 7867 8014 7866 8014 8013 7867 7868 8015 7867 8015 8014 7868 7869 8016 7868 8016 8015 7869 7870 8017 7869 8017 8016 7870 7871 8018 7870 8018 8017 7871 7872 8019 7871 8019 8018 7872 7873 8020 7872 8020 8019 7873 7874 8021 7873 8021 8020 7874 7875 8022 7874 8022 8021 7875 7876 8023 7875 8023 8022 7876 7877 8024 7876 8024 8023 7877 7878 8025 7877 8025 8024 7878 7879 8026 7878 8026 8025 7879 7880 8027 7879 8027 8026 7880 7881 8028 7880 8028 8027 7881 7882 8029 7881 8029 8028 7882 7883 8030 7882 8030 8029 7883 7884 8031 7883 8031 8030 7884 7885 8032 7884 8032 8031 7885 7886 8033 7885 8033 8032 7886 7887 8034 7886 8034 8033 7887 7888 8035 7887 8035 8034 7888 7889 8036 7888 8036 8035 7889 7890 8037 7889 8037 8036 7890 7891 8038 7890 8038 8037 7891 7892 8039 7891 8039 8038 7892 7893 8040 7892 8040 8039 7893 7894 8041 7893 8041 8040 7894 7895 8042 7894 8042 8041 7895 7896 8043 7895 8043 8042 7896 7897 8044 7896 8044 8043 7897 7898 8045 7897 8045 8044 7898 7899 8046 7898 8046 8045 7899 7900 8047 7899 8047 8046 7900 7901 8048 7900 8048 8047 7901 7902 8049 7901 8049 8048 7902 7903 8050 7902 8050 8049 7903 7904 8051 7903 8051 8050 7904 7905 8052 7904 8052 8051 7905 7906 8053 7905 8053 8052 7906 7907 8054 7906 8054 8053 7907 7908 8055 7907 8055 8054 7908 7909 8056 7908 8056 8055 7909 7910 8057 7909 8057 8056 7910 7911 8058 7910 8058 8057 7911 7912 8059 7911 8059 8058 7912 7913 8060 7912 8060 8059 7913 7914 8061 7913 8061 8060 7914 7915 8062 7914 8062 8061 7915 7916 8063 7915 8063 8062 7916 7917 8064 7916 8064 8063 7917 7918 8065 7917 8065 8064 7918 7919 8066 7918 8066 8065 7919 7920 8067 7919 8067 8066 7920 7921 8068 7920 8068 8067 7921 7922 8069 7921 8069 8068 7922 7923 8070 7922 8070 8069 7923 7924 8071 7923 8071 8070 7924 7925 8072 7924 8072 8071 7925 7926 8073 7925 8073 8072 7926 7927 8074 7926 8074 8073 7927 7928 8075 7927 8075 8074 7928 7929 8076 7928 8076 8075 7929 7930 8077 7929 8077 8076 7930 7931 8078 7930 8078 8077 7931 7932 8079 7931 8079 8078 7932 7933 8080 7932 8080 8079 7933 7934 8081 7933 8081 8080 7934 7935 8082 7934 8082 8081 7935 7936 8083 7935 8083 8082 7936 7937 8084 7936 8084 8083 7937 7938 8085 7937 8085 8084 7938 7939 8086 7938 8086 8085 7939 7940 8087 7939 8087 8086 7940 7941 8088 7940 8088 8087 7941 7942 8089 7941 8089 8088 7942 7943 8090 7942 8090 8089 7943 7944 8091 7943 8091 8090 7944 7945 8092 7944 8092 8091 7945 7946 8093 7945 8093 8092 7946 7947 8094 7946 8094 8093 7947 7948 8095 7947 8095 8094 7948 7949 8096 7948 8096 8095 7949 7950 8097 7949 8097 8096 7950 7951 8098 7950 8098 8097 7951 7952 8099 7951 8099 8098 7952 7953 8100 7952 8100 8099 7953 7954 8101 7953 8101 8100 7954 7955 8102 7954 8102 8101 7955 7956 8103 7955 8103 8102 7958 7957 8104 7958 8104 8105 7957 7959 8106 7957 8106 8104 7959 7960 8107 7959 8107 8106 7960 7961 8108 7960 8108 8107 7961 7962 8109 7961 8109 8108 7962 7963 8110 7962 8110 8109 7963 7964 8111 7963 8111 8110 7964 7965 8112 7964 8112 8111 7965 7966 8113 7965 8113 8112 7966 7967 8114 7966 8114 8113 7967 7968 8115 7967 8115 8114 7968 7969 8116 7968 8116 8115 7969 7970 8117 7969 8117 8116 7970 7971 8118 7970 8118 8117 7971 7972 8119 7971 8119 8118 7972 7973 8120 7972 8120 8119 7973 7974 8121 7973 8121 8120 7974 7975 8122 7974 8122 8121 7975 7976 8123 7975 8123 8122 7976 7977 8124 7976 8124 8123 7977 7978 8125 7977 8125 8124 7978 7979 8126 7978 8126 8125 7979 7980 8127 7979 8127 8126 7980 7981 8128 7980 8128 8127 7981 7983 8129 7981 8129 8128 7983 7985 8130 7983 8130 8129 7985 7986 8131 7985 8131 8130 7986 7987 8132 7986 8132 8131 7987 7988 8133 7987 8133 8132 7988 7989 8134 7988 8134 8133 7989 7990 8135 7989 8135 8134 7990 7991 8136 7990 8136 8135 7991 7992 8137 7991 8137 8136 7992 7993 8138 7992 8138 8137 7993 7994 8139 7993 8139 8138 7994 7995 8140 7994 8140 8139 7995 7996 8141 7995 8141 8140 7996 7997 8142 7996 8142 8141 7997 7998 8143 7997 8143 8142 7998 7999 8144 7998 8144 8143 7999 8000 8145 7999 8145 8144 8000 8001 8146 8000 8146 8145 8001 8002 8147 8001 8147 8146 8002 8003 8148 8002 8148 8147 8003 8004 8149 8003 8149 8148 8004 8005 8150 8004 8150 8149 8005 8006 8151 8005 8151 8150 8006 8007 8152 8006 8152 8151 8007 8008 8153 8007 8153 8152 8008 8009 8154 8008 8154 8153 8009 8010 8155 8009 8155 8154 8010 8011 8156 8010 8156 8155 8011 8012 8157 8011 8157 8156 8012 8013 8158 8012 8158 8157 8013 8014 8159 8013 8159 8158 8014 8015 8160 8014 8160 8159 8015 8016 8161 8015 8161 8160 8016 8017 8162 8016 8162 8161 8017 8018 8163 8017 8163 8162 8018 8019 8164 8018 8164 8163 8019 8020 8165 8019 8165 8164 8020 8021 8166 8020 8166 8165 8021 8022 8167 8021 8167 8166 8022 8023 8168 8022 8168 8167 8023 8024 8169 8023 8169 8168 8024 8025 8170 8024 8170 8169 8025 8026 8171 8025 8171 8170 8026 8027 8172 8026 8172 8171 8027 8028 8173 8027 8173 8172 8028 8029 8174 8028 8174 8173 8029 8030 8175 8029 8175 8174 8030 8031 8176 8030 8176 8175 8031 8032 8177 8031 8177 8176 8032 8033 8178 8032 8178 8177 8033 8034 8179 8033 8179 8178 8034 8035 8180 8034 8180 8179 8035 8036 8181 8035 8181 8180 8036 8037 8182 8036 8182 8181 8037 8038 8183 8037 8183 8182 8038 8039 8184 8038 8184 8183 8039 8040 8185 8039 8185 8184 8040 8041 8186 8040 8186 8185 8041 8042 8187 8041 8187 8186 8042 8043 8188 8042 8188 8187 8043 8044 8189 8043 8189 8188 8044 8045 8190 8044 8190 8189 8045 8046 8191 8045 8191 8190 8046 8047 8192 8046 8192 8191 8047 8048 8193 8047 8193 8192 8048 8049 8194 8048 8194 8193 8049 8050 8195 8049 8195 8194 8050 8051 8196 8050 8196 8195 8051 8052 8197 8051 8197 8196 8052 8053 8198 8052 8198 8197 8053 8054 8199 8053 8199 8198 8054 8055 8200 8054 8200 8199 8055 8056 8201 8055 8201 8200 8056 8057 8202 8056 8202 8201 8057 8058 8203 8057 8203 8202 8058 8059 8204 8058 8204 8203 8059 8060 8205 8059 8205 8204 8060 8061 8206 8060 8206 8205 8061 8062 8207 8061 8207 8206 8062 8063 8208 8062 8208 8207 8063 8064 8209 8063 8209 8208 8064 8065 8210 8064 8210 8209 8065 8066 8211 8065 8211 8210 8066 8067 8212 8066 8212 8211 8067 8068 8213 8067 8213 8212 8068 8069 8214 8068 8214 8213 8069 8070 8215 8069 8215 8214 8070 8071 8216 8070 8216 8215 8071 8072 8217 8071 8217 8216 8072 8073 8218 8072 8218 8217 8073 8074 8219 8073 8219 8218 8074 8075 8220 8074 8220 8219 8075 8076 8221 8075 8221 8220 8076 8077 8222 8076 8222 8221 8077 8078 8223 8077 8223 8222 8078 8079 8224 8078 8224 8223 8079 8080 8225 8079 8225 8224 8080 8081 8226 8080 8226 8225 8081 8082 8227 8081 8227 8226 8082 8083 8228 8082 8228 8227 8083 8084 8229 8083 8229 8228 8084 8085 8230 8084 8230 8229 8085 8086 8231 8085 8231 8230 8086 8087 8232 8086 8232 8231 8087 8088 8233 8087 8233 8232 8088 8089 8234 8088 8234 8233 8089 8090 8235 8089 8235 8234 8090 8091 8236 8090 8236 8235 8091 8092 8237 8091 8237 8236 8092 8093 8238 8092 8238 8237 8093 8094 8239 8093 8239 8238 8094 8095 8240 8094 8240 8239 8095 8096 8241 8095 8241 8240 8096 8097 8242 8096 8242 8241 8097 8098 8243 8097 8243 8242 8098 8099 8244 8098 8244 8243 8099 8100 8245 8099 8245 8244 8100 8101 8246 8100 8246 8245 8101 8102 8247 8101 8247 8246 8102 8103 8248 8102 8248 8247 8105 8104 8249 8105 8249 8250 8104 8106 8251 8104 8251 8249 8106 8107 8252 8106 8252 8251 8107 8108 8253 8107 8253 8252 8108 8109 8254 8108 8254 8253 8109 8110 8255 8109 8255 8254 8110 8111 8256 8110 8256 8255 8111 8112 8257 8111 8257 8256 8112 8113 8258 8112 8258 8257 8113 8114 8259 8113 8259 8258 8114 8115 8260 8114 8260 8259 8115 8116 8261 8115 8261 8260 8116 8117 8262 8116 8262 8261 8117 8118 8263 8117 8263 8262 8118 8119 8264 8118 8264 8263 8119 8120 8265 8119 8265 8264 8120 8121 8266 8120 8266 8265 8121 8122 8267 8121 8267 8266 8122 8123 8268 8122 8268 8267 8123 8124 8269 8123 8269 8268 8124 8125 8270 8124 8270 8269 8125 8126 8271 8125 8271 8270 8126 8127 8272 8126 8272 8271 8127 8128 8273 8127 8273 8272 8128 8129 8274 8128 8274 8273 8129 8130 8275 8129 8275 8274 8130 8131 8276 8130 8276 8275 8131 8132 8277 8131 8277 8276 8132 8133 8278 8132 8278 8277 8133 8134 8279 8133 8279 8278 8134 8135 8280 8134 8280 8279 8135 8136 8281 8135 8281 8280 8136 8137 8282 8136 8282 8281 8137 8138 8283 8137 8283 8282 8138 8139 8284 8138 8284 8283 8139 8140 8285 8139 8285 8284 8140 8141 8286 8140 8286 8285 8141 8142 8287 8141 8287 8286 8142 8143 8288 8142 8288 8287 8143 8144 8289 8143 8289 8288 8144 8145 8290 8144 8290 8289 8145 8146 8291 8145 8291 8290 8146 8147 8292 8146 8292 8291 8147 8148 8293 8147 8293 8292 8148 8149 8294 8148 8294 8293 8149 8150 8295 8149 8295 8294 8150 8151 8296 8150 8296 8295 8151 8152 8297 8151 8297 8296 8152 8153 8298 8152 8298 8297 8153 8154 8299 8153 8299 8298 8154 8155 8300 8154 8300 8299 8155 8156 8301 8155 8301 8300 8156 8157 8302 8156 8302 8301 8157 8158 8303 8157 8303 8302 8158 8159 8304 8158 8304 8303 8159 8160 8305 8159 8305 8304 8160 8161 8306 8160 8306 8305 8161 8162 8307 8161 8307 8306 8162 8163 8308 8162 8308 8307 8163 8164 8309 8163 8309 8308 8164 8165 8310 8164 8310 8309 8165 8166 8311 8165 8311 8310 8166 8167 8312 8166 8312 8311 8167 8168 8313 8167 8313 8312 8168 8169 8314 8168 8314 8313 8169 8170 8315 8169 8315 8314 8170 8171 8316 8170 8316 8315 8171 8172 8317 8171 8317 8316 8172 8173 8318 8172 8318 8317 8173 8174 8319 8173 8319 8318 8174 8175 8320 8174 8320 8319 8175 8176 8321 8175 8321 8320 8176 8177 8322 8176 8322 8321 8177 8178 8323 8177 8323 8322 8178 8179 8324 8178 8324 8323 8179 8180 8325 8179 8325 8324 8180 8181 8326 8180 8326 8325 8181 8182 8327 8181 8327 8326 8182 8183 8328 8182 8328 8327 8183 8184 8329 8183 8329 8328 8184 8185 8330 8184 8330 8329 8185 8186 8331 8185 8331 8330 8186 8187 8332 8186 8332 8331 8187 8188 8333 8187 8333 8332 8188 8189 8334 8188 8334 8333 8189 8190 8335 8189 8335 8334 8190 8191 8336 8190 8336 8335 8191 8192 8337 8191 8337 8336 8192 8193 8338 8192 8338 8337 8193 8194 8339 8193 8339 8338 8194 8195 8340 8194 8340 8339 8195 8196 8341 8195 8341 8340 8196 8197 8342 8196 8342 8341 8197 8198 8343 8197 8343 8342 8198 8199 8344 8198 8344 8343 8199 8200 8345 8199 8345 8344 8200 8201 8346 8200 8346 8345 8201 8202 8347 8201 8347 8346 8202 8203 8348 8202 8348 8347 8203 8204 8349 8203 8349 8348 8204 8205 8350 8204 8350 8349 8205 8206 8351 8205 8351 8350 8206 8207 8352 8206 8352 8351 8207 8208 8353 8207 8353 8352 8208 8209 8354 8208 8354 8353 8209 8210 8355 8209 8355 8354 8210 8211 8356 8210 8356 8355 8211 8212 8357 8211 8357 8356 8212 8213 8358 8212 8358 8357 8213 8214 8359 8213 8359 8358 8214 8215 8360 8214 8360 8359 8215 8216 8361 8215 8361 8360 8216 8217 8362 8216 8362 8361 8217 8218 8363 8217 8363 8362 8218 8219 8364 8218 8364 8363 8219 8220 8365 8219 8365 8364 8220 8221 8366 8220 8366 8365 8221 8222 8367 8221 8367 8366 8222 8223 8368 8222 8368 8367 8223 8224 8369 8223 8369 8368 8224 8225 8370 8224 8370 8369 8225 8226 8371 8225 8371 8370 8226 8227 8372 8226 8372 8371 8227 8228 8373 8227 8373 8372 8228 8229 8374 8228 8374 8373 8229 8230 8375 8229 8375 8374 8230 8231 8376 8230 8376 8375 8231 8232 8377 8231 8377 8376 8232 8233 8378 8232 8378 8377 8233 8234 8379 8233 8379 8378 8234 8235 8380 8234 8380 8379 8235 8236 8381 8235 8381 8380 8236 8237 8382 8236 8382 8381 8237 8238 8383 8237 8383 8382 8238 8239 8384 8238 8384 8383 8239 8240 8385 8239 8385 8384 8240 8241 8386 8240 8386 8385 8241 8242 8387 8241 8387 8386 8242 8243 8388 8242 8388 8387 8243 8244 8389 8243 8389 8388 8244 8245 8390 8244 8390 8389 8245 8246 8391 8245 8391 8390 8246 8247 8392 8246 8392 8391 8247 8248 8393 8247 8393 8392 8250 8249 8394 8250 8394 8395 8249 8251 8396 8249 8396 8394 8251 8252 8397 8251 8397 8396 8252 8253 8398 8252 8398 8397 8253 8254 8399 8253 8399 8398 8254 8255 8400 8254 8400 8399 8255 8256 8401 8255 8401 8400 8256 8257 8402 8256 8402 8401 8257 8258 8403 8257 8403 8402 8258 8259 8404 8258 8404 8403 8259 8260 8405 8259 8405 8404 8260 8261 8406 8260 8406 8405 8261 8262 8407 8261 8407 8406 8262 8263 8408 8262 8408 8407 8263 8264 8409 8263 8409 8408 8264 8265 8410 8264 8410 8409 8265 8266 8411 8265 8411 8410 8266 8267 8412 8266 8412 8411 8267 8268 8413 8267 8413 8412 8268 8269 8414 8268 8414 8413 8269 8270 8415 8269 8415 8414 8270 8271 8416 8270 8416 8415 8271 8272 8417 8271 8417 8416 8272 8273 8418 8272 8418 8417 8273 8274 8419 8273 8419 8418 8274 8275 8420 8274 8420 8419 8275 8276 8421 8275 8421 8420 8276 8277 8422 8276 8422 8421 8277 8278 8423 8277 8423 8422 8278 8279 8424 8278 8424 8423 8279 8280 8425 8279 8425 8424 8280 8281 8426 8280 8426 8425 8281 8282 8427 8281 8427 8426 8282 8283 8428 8282 8428 8427 8283 8284 8429 8283 8429 8428 8284 8285 8430 8284 8430 8429 8285 8286 8431 8285 8431 8430 8286 8287 8432 8286 8432 8431 8287 8288 8433 8287 8433 8432 8288 8289 8434 8288 8434 8433 8289 8290 8435 8289 8435 8434 8290 8291 8436 8290 8436 8435 8291 8292 8437 8291 8437 8436 8292 8293 8438 8292 8438 8437 8293 8294 8439 8293 8439 8438 8294 8295 8440 8294 8440 8439 8295 8296 8441 8295 8441 8440 8296 8297 8442 8296 8442 8441 8297 8298 8443 8297 8443 8442 8298 8299 8444 8298 8444 8443 8299 8300 8445 8299 8445 8444 8300 8301 8446 8300 8446 8445 8301 8302 8447 8301 8447 8446 8302 8303 8448 8302 8448 8447 8303 8304 8449 8303 8449 8448 8304 8305 8450 8304 8450 8449 8305 8306 8451 8305 8451 8450 8306 8307 8452 8306 8452 8451 8307 8308 8453 8307 8453 8452 8308 8309 8454 8308 8454 8453 8309 8310 8455 8309 8455 8454 8310 8311 8456 8310 8456 8455 8311 8312 8457 8311 8457 8456 8312 8313 8458 8312 8458 8457 8313 8314 8459 8313 8459 8458 8314 8315 8460 8314 8460 8459 8315 8316 8461 8315 8461 8460 8316 8317 8462 8316 8462 8461 8317 8318 8463 8317 8463 8462 8318 8319 8464 8318 8464 8463 8319 8320 8465 8319 8465 8464 8320 8321 8466 8320 8466 8465 8321 8322 8467 8321 8467 8466 8322 8323 8468 8322 8468 8467 8323 8324 8469 8323 8469 8468 8324 8325 8470 8324 8470 8469 8325 8326 8471 8325 8471 8470 8326 8327 8472 8326 8472 8471 8327 8328 8473 8327 8473 8472 8328 8329 8474 8328 8474 8473 8329 8330 8475 8329 8475 8474 8330 8331 8476 8330 8476 8475 8331 8332 8477 8331 8477 8476 8332 8333 8478 8332 8478 8477 8333 8334 8479 8333 8479 8478 8334 8335 8480 8334 8480 8479 8335 8336 8481 8335 8481 8480 8336 8337 8482 8336 8482 8481 8337 8338 8483 8337 8483 8482 8338 8339 8484 8338 8484 8483 8339 8340 8485 8339 8485 8484 8340 8341 8486 8340 8486 8485 8341 8342 8487 8341 8487 8486 8342 8343 8488 8342 8488 8487 8343 8344 8489 8343 8489 8488 8344 8345 8490 8344 8490 8489 8345 8346 8491 8345 8491 8490 8346 8347 8492 8346 8492 8491 8347 8348 8493 8347 8493 8492 8348 8349 8494 8348 8494 8493 8349 8350 8495 8349 8495 8494 8350 8351 8496 8350 8496 8495 8351 8352 8497 8351 8497 8496 8352 8353 8498 8352 8498 8497 8353 8354 8499 8353 8499 8498 8354 8355 8500 8354 8500 8499 8355 8356 8501 8355 8501 8500 8356 8357 8502 8356 8502 8501 8357 8358 8503 8357 8503 8502 8358 8359 8504 8358 8504 8503 8359 8360 8505 8359 8505 8504 8360 8361 8506 8360 8506 8505 8361 8362 8507 8361 8507 8506 8362 8363 8508 8362 8508 8507 8363 8364 8509 8363 8509 8508 8364 8365 8510 8364 8510 8509 8365 8366 8511 8365 8511 8510 8366 8367 8512 8366 8512 8511 8367 8368 8513 8367 8513 8512 8368 8369 8514 8368 8514 8513 8369 8370 8515 8369 8515 8514 8370 8371 8516 8370 8516 8515 8371 8372 8517 8371 8517 8516 8372 8373 8518 8372 8518 8517 8373 8374 8519 8373 8519 8518 8374 8375 8520 8374 8520 8519 8375 8376 8521 8375 8521 8520 8376 8377 8522 8376 8522 8521 8377 8378 8523 8377 8523 8522 8378 8379 8524 8378 8524 8523 8379 8380 8525 8379 8525 8524 8380 8381 8526 8380 8526 8525 8381 8382 8527 8381 8527 8526 8382 8383 8528 8382 8528 8527 8383 8384 8529 8383 8529 8528 8384 8385 8530 8384 8530 8529 8385 8386 8531 8385 8531 8530 8386 8387 8532 8386 8532 8531 8387 8388 8533 8387 8533 8532 8388 8389 8534 8388 8534 8533 8389 8390 8535 8389 8535 8534 8390 8391 8536 8390 8536 8535 8391 8392 8537 8391 8537 8536 8392 8393 8538 8392 8538 8537 8395 8394 8539 8395 8539 8540 8394 8396 8541 8394 8541 8539 8396 8397 8542 8396 8542 8541 8397 8398 8543 8397 8543 8542 8398 8399 8544 8398 8544 8543 8399 8400 8545 8399 8545 8544 8400 8401 8546 8400 8546 8545 8401 8402 8547 8401 8547 8546 8402 8403 8548 8402 8548 8547 8403 8404 8549 8403 8549 8548 8404 8405 8550 8404 8550 8549 8405 8406 8551 8405 8551 8550 8406 8407 8552 8406 8552 8551 8407 8408 8553 8407 8553 8552 8408 8409 8554 8408 8554 8553 8409 8410 8555 8409 8555 8554 8410 8411 8556 8410 8556 8555 8411 8412 8557 8411 8557 8556 8412 8413 8558 8412 8558 8557 8413 8414 8559 8413 8559 8558 8414 8415 8560 8414 8560 8559 8415 8416 8561 8415 8561 8560 8416 8417 8562 8416 8562 8561 8417 8418 8563 8417 8563 8562 8418 8419 8564 8418 8564 8563 8419 8420 8565 8419 8565 8564 8420 8421 8566 8420 8566 8565 8421 8422 8567 8421 8567 8566 8422 8423 8568 8422 8568 8567 8423 8424 8569 8423 8569 8568 8424 8425 8570 8424 8570 8569 8425 8426 8571 8425 8571 8570 8426 8427 8572 8426 8572 8571 8427 8428 8573 8427 8573 8572 8428 8429 8574 8428 8574 8573 8429 8430 8575 8429 8575 8574 8430 8431 8576 8430 8576 8575 8431 8432 8577 8431 8577 8576 8432 8433 8578 8432 8578 8577 8433 8434 8579 8433 8579 8578 8434 8435 8580 8434 8580 8579 8435 8436 8581 8435 8581 8580 8436 8437 8582 8436 8582 8581 8437 8438 8583 8437 8583 8582 8438 8439 8584 8438 8584 8583 8439 8440 8585 8439 8585 8584 8440 8441 8586 8440 8586 8585 8441 8442 8587 8441 8587 8586 8442 8443 8588 8442 8588 8587 8443 8444 8589 8443 8589 8588 8444 8445 8590 8444 8590 8589 8445 8446 8591 8445 8591 8590 8446 8447 8592 8446 8592 8591 8447 8448 8593 8447 8593 8592 8448 8449 8594 8448 8594 8593 8449 8450 8595 8449 8595 8594 8450 8451 8596 8450 8596 8595 8451 8452 8597 8451 8597 8596 8452 8453 8598 8452 8598 8597 8453 8454 8599 8453 8599 8598 8454 8455 8600 8454 8600 8599 8455 8456 8601 8455 8601 8600 8456 8457 8602 8456 8602 8601 8457 8458 8603 8457 8603 8602 8458 8459 8604 8458 8604 8603 8459 8460 8605 8459 8605 8604 8460 8461 8606 8460 8606 8605 8461 8462 8607 8461 8607 8606 8462 8463 8608 8462 8608 8607 8463 8464 8609 8463 8609 8608 8464 8465 8610 8464 8610 8609 8465 8466 8611 8465 8611 8610 8466 8467 8612 8466 8612 8611 8467 8468 8613 8467 8613 8612 8468 8469 8614 8468 8614 8613 8469 8470 8615 8469 8615 8614 8470 8471 8616 8470 8616 8615 8471 8472 8617 8471 8617 8616 8472 8473 8618 8472 8618 8617 8473 8474 8619 8473 8619 8618 8474 8475 8620 8474 8620 8619 8475 8476 8621 8475 8621 8620 8476 8477 8622 8476 8622 8621 8477 8478 8623 8477 8623 8622 8478 8479 8624 8478 8624 8623 8479 8480 8625 8479 8625 8624 8480 8481 8626 8480 8626 8625 8481 8482 8627 8481 8627 8626 8482 8483 8628 8482 8628 8627 8483 8484 8629 8483 8629 8628 8484 8485 8630 8484 8630 8629 8485 8486 8631 8485 8631 8630 8486 8487 8632 8486 8632 8631 8487 8488 8633 8487 8633 8632 8488 8489 8634 8488 8634 8633 8489 8490 8635 8489 8635 8634 8490 8491 8636 8490 8636 8635 8491 8492 8637 8491 8637 8636 8492 8493 8638 8492 8638 8637 8493 8494 8639 8493 8639 8638 8494 8495 8640 8494 8640 8639 8495 8496 8641 8495 8641 8640 8496 8497 8642 8496 8642 8641 8497 8498 8643 8497 8643 8642 8498 8499 8644 8498 8644 8643 8499 8500 8645 8499 8645 8644 8500 8501 8646 8500 8646 8645 8501 8502 8647 8501 8647 8646 8502 8503 8648 8502 8648 8647 8503 8504 8649 8503 8649 8648 8504 8505 8650 8504 8650 8649 8505 8506 8651 8505 8651 8650 8506 8507 8652 8506 8652 8651 8507 8508 8653 8507 8653 8652 8508 8509 8654 8508 8654 8653 8509 8510 8655 8509 8655 8654 8510 8511 8656 8510 8656 8655 8511 8512 8657 8511 8657 8656 8512 8513 8658 8512 8658 8657 8513 8514 8659 8513 8659 8658 8514 8515 8660 8514 8660 8659 8515 8516 8661 8515 8661 8660 8516 8517 8662 8516 8662 8661 8517 8518 8663 8517 8663 8662 8518 8519 8664 8518 8664 8663 8519 8520 8665 8519 8665 8664 8520 8521 8666 8520 8666 8665 8521 8522 8667 8521 8667 8666 8522 8523 8668 8522 8668 8667 8523 8524 8669 8523 8669 8668 8524 8525 8670 8524 8670 8669 8525 8526 8671 8525 8671 8670 8526 8527 8672 8526 8672 8671 8527 8528 8673 8527 8673 8672 8528 8529 8674 8528 8674 8673 8529 8530 8675 8529 8675 8674 8530 8531 8676 8530 8676 8675 8531 8532 8677 8531 8677 8676 8532 8533 8678 8532 8678 8677 8533 8534 8679 8533 8679 8678 8534 8535 8680 8534 8680 8679 8535 8536 8681 8535 8681 8680 8536 8537 8682 8536 8682 8681 8537 8538 8683 8537 8683 8682 8540 8539 8684 8540 8684 8685 8539 8541 8686 8539 8686 8684 8541 8542 8687 8541 8687 8686 8542 8543 8688 8542 8688 8687 8543 8544 8689 8543 8689 8688 8544 8545 8690 8544 8690 8689 8545 8546 8691 8545 8691 8690 8546 8547 8692 8546 8692 8691 8547 8548 8693 8547 8693 8692 8548 8549 8694 8548 8694 8693 8549 8550 8695 8549 8695 8694 8550 8551 8696 8550 8696 8695 8551 8552 8697 8551 8697 8696 8552 8553 8698 8552 8698 8697 8553 8554 8699 8553 8699 8698 8554 8555 8700 8554 8700 8699 8555 8556 8701 8555 8701 8700 8556 8557 8702 8556 8702 8701 8557 8558 8703 8557 8703 8702 8558 8559 8704 8558 8704 8703 8559 8560 8705 8559 8705 8704 8560 8561 8706 8560 8706 8705 8561 8562 8707 8561 8707 8706 8562 8563 8708 8562 8708 8707 8563 8564 8709 8563 8709 8708 8564 8565 8710 8564 8710 8709 8565 8566 8711 8565 8711 8710 8566 8567 8712 8566 8712 8711 8567 8568 8713 8567 8713 8712 8568 8569 8714 8568 8714 8713 8569 8570 8715 8569 8715 8714 8570 8571 8716 8570 8716 8715 8571 8572 8717 8571 8717 8716 8572 8573 8718 8572 8718 8717 8573 8574 8719 8573 8719 8718 8574 8575 8720 8574 8720 8719 8575 8576 8721 8575 8721 8720 8576 8577 8722 8576 8722 8721 8577 8578 8723 8577 8723 8722 8578 8579 8724 8578 8724 8723 8579 8580 8725 8579 8725 8724 8580 8581 8726 8580 8726 8725 8581 8582 8727 8581 8727 8726 8582 8583 8728 8582 8728 8727 8583 8584 8729 8583 8729 8728 8584 8585 8730 8584 8730 8729 8585 8586 8731 8585 8731 8730 8586 8587 8732 8586 8732 8731 8587 8588 8733 8587 8733 8732 8588 8589 8734 8588 8734 8733 8589 8590 8735 8589 8735 8734 8590 8591 8736 8590 8736 8735 8591 8592 8737 8591 8737 8736 8592 8593 8738 8592 8738 8737 8593 8594 8739 8593 8739 8738 8594 8595 8740 8594 8740 8739 8595 8596 8741 8595 8741 8740 8596 8597 8742 8596 8742 8741 8597 8598 8743 8597 8743 8742 8598 8599 8744 8598 8744 8743 8599 8600 8745 8599 8745 8744 8600 8601 8746 8600 8746 8745 8601 8602 8747 8601 8747 8746 8602 8603 8748 8602 8748 8747 8603 8604 8749 8603 8749 8748 8604 8605 8750 8604 8750 8749 8605 8606 8751 8605 8751 8750 8606 8607 8752 8606 8752 8751 8607 8608 8753 8607 8753 8752 8608 8609 8754 8608 8754 8753 8609 8610 8755 8609 8755 8754 8610 8611 8756 8610 8756 8755 8611 8612 8757 8611 8757 8756 8612 8613 8758 8612 8758 8757 8613 8614 8759 8613 8759 8758 8614 8615 8760 8614 8760 8759 8615 8616 8761 8615 8761 8760 8616 8617 8762 8616 8762 8761 8617 8618 8763 8617 8763 8762 8618 8619 8764 8618 8764 8763 8619 8620 8765 8619 8765 8764 8620 8621 8766 8620 8766 8765 8621 8622 8767 8621 8767 8766 8622 8623 8768 8622 8768 8767 8623 8624 8769 8623 8769 8768 8624 8625 8770 8624 8770 8769 8625 8626 8771 8625 8771 8770 8626 8627 8772 8626 8772 8771 8627 8628 8773 8627 8773 8772 8628 8629 8774 8628 8774 8773 8629 8630 8775 8629 8775 8774 8630 8631 8776 8630 8776 8775 8631 8632 8777 8631 8777 8776 8632 8633 8778 8632 8778 8777 8633 8634 8779 8633 8779 8778 8634 8635 8780 8634 8780 8779 8635 8636 8781 8635 8781 8780 8636 8637 8782 8636 8782 8781 8637 8638 8783 8637 8783 8782 8638 8639 8784 8638 8784 8783 8639 8640 8785 8639 8785 8784 8640 8641 8786 8640 8786 8785 8641 8642 8787 8641 8787 8786 8642 8643 8788 8642 8788 8787 8643 8644 8789 8643 8789 8788 8644 8645 8790 8644 8790 8789 8645 8646 8791 8645 8791 8790 8646 8647 8792 8646 8792 8791 8647 8648 8793 8647 8793 8792 8648 8649 8794 8648 8794 8793 8649 8650 8795 8649 8795 8794 8650 8651 8796 8650 8796 8795 8651 8652 8797 8651 8797 8796 8652 8653 8798 8652 8798 8797 8653 8654 8799 8653 8799 8798 8654 8655 8800 8654 8800 8799 8655 8656 8801 8655 8801 8800 8656 8657 8802 8656 8802 8801 8657 8658 8803 8657 8803 8802 8658 8659 8804 8658 8804 8803 8659 8660 8805 8659 8805 8804 8660 8661 8806 8660 8806 8805 8661 8662 8807 8661 8807 8806 8662 8663 8808 8662 8808 8807 8663 8664 8809 8663 8809 8808 8664 8665 8810 8664 8810 8809 8665 8666 8811 8665 8811 8810 8666 8667 8812 8666 8812 8811 8667 8668 8813 8667 8813 8812 8668 8669 8814 8668 8814 8813 8669 8670 8815 8669 8815 8814 8670 8671 8816 8670 8816 8815 8671 8672 8817 8671 8817 8816 8672 8673 8818 8672 8818 8817 8673 8674 8819 8673 8819 8818 8674 8675 8820 8674 8820 8819 8675 8676 8821 8675 8821 8820 8676 8677 8822 8676 8822 8821 8677 8678 8823 8677 8823 8822 8678 8679 8824 8678 8824 8823 8679 8680 8825 8679 8825 8824 8680 8681 8826 8680 8826 8825 8681 8682 8827 8681 8827 8826 8682 8683 8828 8682 8828 8827 8685 8684 8829 8685 8829 8830 8684 8686 8831 8684 8831 8829 8686 8687 8832 8686 8832 8831 8687 8688 8833 8687 8833 8832 8688 8689 8834 8688 8834 8833 8689 8690 8835 8689 8835 8834 8690 8691 8836 8690 8836 8835 8691 8692 8837 8691 8837 8836 8692 8693 8838 8692 8838 8837 8693 8694 8839 8693 8839 8838 8694 8695 8840 8694 8840 8839 8695 8696 8841 8695 8841 8840 8696 8697 8842 8696 8842 8841 8697 8698 8843 8697 8843 8842 8698 8699 8844 8698 8844 8843 8699 8700 8845 8699 8845 8844 8700 8701 8846 8700 8846 8845 8701 8702 8847 8701 8847 8846 8702 8703 8848 8702 8848 8847 8703 8704 8849 8703 8849 8848 8704 8705 8850 8704 8850 8849 8705 8706 8851 8705 8851 8850 8706 8707 8852 8706 8852 8851 8707 8708 8853 8707 8853 8852 8708 8709 8854 8708 8854 8853 8709 8710 8855 8709 8855 8854 8710 8711 8856 8710 8856 8855 8711 8712 8857 8711 8857 8856 8712 8713 8858 8712 8858 8857 8713 8714 8859 8713 8859 8858 8714 8715 8860 8714 8860 8859 8715 8716 8861 8715 8861 8860 8716 8717 8862 8716 8862 8861 8717 8718 8863 8717 8863 8862 8718 8719 8864 8718 8864 8863 8719 8720 8865 8719 8865 8864 8720 8721 8866 8720 8866 8865 8721 8722 8867 8721 8867 8866 8722 8723 8868 8722 8868 8867 8723 8724 8869 8723 8869 8868 8724 8725 8870 8724 8870 8869 8725 8726 8871 8725 8871 8870 8726 8727 8872 8726 8872 8871 8727 8728 8873 8727 8873 8872 8728 8729 8874 8728 8874 8873 8729 8730 8875 8729 8875 8874 8730 8731 8876 8730 8876 8875 8731 8732 8877 8731 8877 8876 8732 8733 8878 8732 8878 8877 8733 8734 8879 8733 8879 8878 8734 8735 8880 8734 8880 8879 8735 8736 8881 8735 8881 8880 8736 8737 8882 8736 8882 8881 8737 8738 8883 8737 8883 8882 8738 8739 8884 8738 8884 8883 8739 8740 8885 8739 8885 8884 8740 8741 8886 8740 8886 8885 8741 8742 8887 8741 8887 8886 8742 8743 8888 8742 8888 8887 8743 8744 8889 8743 8889 8888 8744 8745 8890 8744 8890 8889 8745 8746 8891 8745 8891 8890 8746 8747 8892 8746 8892 8891 8747 8748 8893 8747 8893 8892 8748 8749 8894 8748 8894 8893 8749 8750 8895 8749 8895 8894 8750 8751 8896 8750 8896 8895 8751 8752 8897 8751 8897 8896 8752 8753 8898 8752 8898 8897 8753 8754 8899 8753 8899 8898 8754 8755 8900 8754 8900 8899 8755 8756 8901 8755 8901 8900 8756 8757 8902 8756 8902 8901 8757 8758 8903 8757 8903 8902 8758 8759 8904 8758 8904 8903 8759 8760 8905 8759 8905 8904 8760 8761 8906 8760 8906 8905 8761 8762 8907 8761 8907 8906 8762 8763 8908 8762 8908 8907 8763 8764 8909 8763 8909 8908 8764 8765 8910 8764 8910 8909 8765 8766 8911 8765 8911 8910 8766 8767 8912 8766 8912 8911 8767 8768 8913 8767 8913 8912 8768 8769 8914 8768 8914 8913 8769 8770 8915 8769 8915 8914 8770 8771 8916 8770 8916 8915 8771 8772 8917 8771 8917 8916 8772 8773 8918 8772 8918 8917 8773 8774 8919 8773 8919 8918 8774 8775 8920 8774 8920 8919 8775 8776 8921 8775 8921 8920 8776 8777 8922 8776 8922 8921 8777 8778 8923 8777 8923 8922 8778 8779 8924 8778 8924 8923 8779 8780 8925 8779 8925 8924 8780 8781 8926 8780 8926 8925 8781 8782 8927 8781 8927 8926 8782 8783 8928 8782 8928 8927 8783 8784 8929 8783 8929 8928 8784 8785 8930 8784 8930 8929 8785 8786 8931 8785 8931 8930 8786 8787 8932 8786 8932 8931 8787 8788 8933 8787 8933 8932 8788 8789 8934 8788 8934 8933 8789 8790 8935 8789 8935 8934 8790 8791 8936 8790 8936 8935 8791 8792 8937 8791 8937 8936 8792 8793 8938 8792 8938 8937 8793 8794 8939 8793 8939 8938 8794 8795 8940 8794 8940 8939 8795 8796 8941 8795 8941 8940 8796 8797 8942 8796 8942 8941 8797 8798 8943 8797 8943 8942 8798 8799 8944 8798 8944 8943 8799 8800 8945 8799 8945 8944 8800 8801 8946 8800 8946 8945 8801 8802 8947 8801 8947 8946 8802 8803 8948 8802 8948 8947 8803 8804 8949 8803 8949 8948 8804 8805 8950 8804 8950 8949 8805 8806 8951 8805 8951 8950 8806 8807 8952 8806 8952 8951 8807 8808 8953 8807 8953 8952 8808 8809 8954 8808 8954 8953 8809 8810 8955 8809 8955 8954 8810 8811 8956 8810 8956 8955 8811 8812 8957 8811 8957 8956 8812 8813 8958 8812 8958 8957 8813 8814 8959 8813 8959 8958 8814 8815 8960 8814 8960 8959 8815 8816 8961 8815 8961 8960 8816 8817 8962 8816 8962 8961 8817 8818 8963 8817 8963 8962 8818 8819 8964 8818 8964 8963 8819 8820 8965 8819 8965 8964 8820 8821 8966 8820 8966 8965 8821 8822 8967 8821 8967 8966 8822 8823 8968 8822 8968 8967 8823 8824 8969 8823 8969 8968 8824 8825 8970 8824 8970 8969 8825 8826 8971 8825 8971 8970 8826 8827 8972 8826 8972 8971 8827 8828 8973 8827 8973 8972 8830 8829 8974 8830 8974 8975 8829 8831 8976 8829 8976 8974 8831 8832 8977 8831 8977 8976 8832 8833 8978 8832 8978 8977 8833 8834 8979 8833 8979 8978 8834 8835 8980 8834 8980 8979 8835 8836 8981 8835 8981 8980 8836 8837 8982 8836 8982 8981 8837 8838 8983 8837 8983 8982 8838 8839 8984 8838 8984 8983 8839 8840 8985 8839 8985 8984 8840 8841 8986 8840 8986 8985 8841 8842 8987 8841 8987 8986 8842 8843 8988 8842 8988 8987 8843 8844 8989 8843 8989 8988 8844 8845 8990 8844 8990 8989 8845 8846 8991 8845 8991 8990 8846 8847 8992 8846 8992 8991 8847 8848 8993 8847 8993 8992 8848 8849 8994 8848 8994 8993 8849 8850 8995 8849 8995 8994 8850 8851 8996 8850 8996 8995 8851 8852 8997 8851 8997 8996 8852 8853 8998 8852 8998 8997 8853 8854 8999 8853 8999 8998 8854 8855 9000 8854 9000 8999 8855 8856 9001 8855 9001 9000 8856 8857 9002 8856 9002 9001 8857 8858 9003 8857 9003 9002 8858 8859 9004 8858 9004 9003 8859 8860 9005 8859 9005 9004 8860 8861 9006 8860 9006 9005 8861 8862 9007 8861 9007 9006 8862 8863 9008 8862 9008 9007 8863 8864 9009 8863 9009 9008 8864 8865 9010 8864 9010 9009 8865 8866 9011 8865 9011 9010 8866 8867 9012 8866 9012 9011 8867 8868 9013 8867 9013 9012 8868 8869 9014 8868 9014 9013 8869 8870 9015 8869 9015 9014 8870 8871 9016 8870 9016 9015 8871 8872 9017 8871 9017 9016 8872 8873 9018 8872 9018 9017 8873 8874 9019 8873 9019 9018 8874 8875 9020 8874 9020 9019 8875 8876 9021 8875 9021 9020 8876 8877 9022 8876 9022 9021 8877 8878 9023 8877 9023 9022 8878 8879 9024 8878 9024 9023 8879 8880 9025 8879 9025 9024 8880 8881 9026 8880 9026 9025 8881 8882 9027 8881 9027 9026 8882 8883 9028 8882 9028 9027 8883 8884 9029 8883 9029 9028 8884 8885 9030 8884 9030 9029 8885 8886 9031 8885 9031 9030 8886 8887 9032 8886 9032 9031 8887 8888 9033 8887 9033 9032 8888 8889 9034 8888 9034 9033 8889 8890 9035 8889 9035 9034 8890 8891 9036 8890 9036 9035 8891 8892 9037 8891 9037 9036 8892 8893 9038 8892 9038 9037 8893 8894 9039 8893 9039 9038 8894 8895 9040 8894 9040 9039 8895 8896 9041 8895 9041 9040 8896 8897 9042 8896 9042 9041 8897 8898 9043 8897 9043 9042 8898 8899 9044 8898 9044 9043 8899 8900 9045 8899 9045 9044 8900 8901 9046 8900 9046 9045 8901 8902 9047 8901 9047 9046 8902 8903 9048 8902 9048 9047 8903 8904 9049 8903 9049 9048 8904 8905 9050 8904 9050 9049 8905 8906 9051 8905 9051 9050 8906 8907 9052 8906 9052 9051 8907 8908 9053 8907 9053 9052 8908 8909 9054 8908 9054 9053 8909 8910 9055 8909 9055 9054 8910 8911 9056 8910 9056 9055 8911 8912 9057 8911 9057 9056 8912 8913 9058 8912 9058 9057 8913 8914 9059 8913 9059 9058 8914 8915 9060 8914 9060 9059 8915 8916 9061 8915 9061 9060 8916 8917 9062 8916 9062 9061 8917 8918 9063 8917 9063 9062 8918 8919 9064 8918 9064 9063 8919 8920 9065 8919 9065 9064 8920 8921 9066 8920 9066 9065 8921 8922 9067 8921 9067 9066 8922 8923 9068 8922 9068 9067 8923 8924 9069 8923 9069 9068 8924 8925 9070 8924 9070 9069 8925 8926 9071 8925 9071 9070 8926 8927 9072 8926 9072 9071 8927 8928 9073 8927 9073 9072 8928 8929 9074 8928 9074 9073 8929 8930 9075 8929 9075 9074 8930 8931 9076 8930 9076 9075 8931 8932 9077 8931 9077 9076 8932 8933 9078 8932 9078 9077 8933 8934 9079 8933 9079 9078 8934 8935 9080 8934 9080 9079 8935 8936 9081 8935 9081 9080 8936 8937 9082 8936 9082 9081 8937 8938 9083 8937 9083 9082 8938 8939 9084 8938 9084 9083 8939 8940 9085 8939 9085 9084 8940 8941 9086 8940 9086 9085 8941 8942 9087 8941 9087 9086 8942 8943 9088 8942 9088 9087 8943 8944 9089 8943 9089 9088 8944 8945 9090 8944 9090 9089 8945 8946 9091 8945 9091 9090 8946 8947 9092 8946 9092 9091 8947 8948 9093 8947 9093 9092 8948 8949 9094 8948 9094 9093 8949 8950 9095 8949 9095 9094 8950 8951 9096 8950 9096 9095 8951 8952 9097 8951 9097 9096 8952 8953 9098 8952 9098 9097 8953 8954 9099 8953 9099 9098 8954 8955 9100 8954 9100 9099 8955 8956 9101 8955 9101 9100 8956 8957 9102 8956 9102 9101 8957 8958 9103 8957 9103 9102 8958 8959 9104 8958 9104 9103 8959 8960 9105 8959 9105 9104 8960 8961 9106 8960 9106 9105 8961 8962 9107 8961 9107 9106 8962 8963 9108 8962 9108 9107 8963 8964 9109 8963 9109 9108 8964 8965 9110 8964 9110 9109 8965 8966 9111 8965 9111 9110 8966 8967 9112 8966 9112 9111 8967 8968 9113 8967 9113 9112 8968 8969 9114 8968 9114 9113 8969 8970 9115 8969 9115 9114 8970 8971 9116 8970 9116 9115 8971 8972 9117 8971 9117 9116 8972 8973 9118 8972 9118 9117 8975 8974 9119 8975 9119 9120 8974 8976 9121 8974 9121 9119 8976 8977 9122 8976 9122 9121 8977 8978 9123 8977 9123 9122 8978 8979 9124 8978 9124 9123 8979 8980 9125 8979 9125 9124 8980 8981 9126 8980 9126 9125 8981 8982 9127 8981 9127 9126 8982 8983 9128 8982 9128 9127 8983 8984 9129 8983 9129 9128 8984 8985 9130 8984 9130 9129 8985 8986 9131 8985 9131 9130 8986 8987 9132 8986 9132 9131 8987 8988 9133 8987 9133 9132 8988 8989 9134 8988 9134 9133 8989 8990 9135 8989 9135 9134 8990 8991 9136 8990 9136 9135 8991 8992 9137 8991 9137 9136 8992 8993 9138 8992 9138 9137 8993 8994 9139 8993 9139 9138 8994 8995 9140 8994 9140 9139 8995 8996 9141 8995 9141 9140 8996 8997 9142 8996 9142 9141 8997 8998 9143 8997 9143 9142 8998 8999 9144 8998 9144 9143 8999 9000 9145 8999 9145 9144 9000 9001 9146 9000 9146 9145 9001 9002 9147 9001 9147 9146 9002 9003 9148 9002 9148 9147 9003 9004 9149 9003 9149 9148 9004 9005 9150 9004 9150 9149 9005 9006 9151 9005 9151 9150 9006 9007 9152 9006 9152 9151 9007 9008 9153 9007 9153 9152 9008 9009 9154 9008 9154 9153 9009 9010 9155 9009 9155 9154 9010 9011 9156 9010 9156 9155 9011 9012 9157 9011 9157 9156 9012 9013 9158 9012 9158 9157 9013 9014 9159 9013 9159 9158 9014 9015 9160 9014 9160 9159 9015 9016 9161 9015 9161 9160 9016 9017 9162 9016 9162 9161 9017 9018 9163 9017 9163 9162 9018 9019 9164 9018 9164 9163 9019 9020 9165 9019 9165 9164 9020 9021 9166 9020 9166 9165 9021 9022 9167 9021 9167 9166 9022 9023 9168 9022 9168 9167 9023 9024 9169 9023 9169 9168 9024 9025 9170 9024 9170 9169 9025 9026 9171 9025 9171 9170 9026 9027 9172 9026 9172 9171 9027 9028 9173 9027 9173 9172 9028 9029 9174 9028 9174 9173 9029 9030 9175 9029 9175 9174 9030 9031 9176 9030 9176 9175 9031 9032 9177 9031 9177 9176 9032 9033 9178 9032 9178 9177 9033 9034 9179 9033 9179 9178 9034 9035 9180 9034 9180 9179 9035 9036 9181 9035 9181 9180 9036 9037 9182 9036 9182 9181 9037 9038 9183 9037 9183 9182 9038 9039 9184 9038 9184 9183 9039 9040 9185 9039 9185 9184 9040 9041 9186 9040 9186 9185 9041 9042 9187 9041 9187 9186 9042 9043 9188 9042 9188 9187 9043 9044 9189 9043 9189 9188 9044 9045 9190 9044 9190 9189 9045 9046 9191 9045 9191 9190 9046 9047 9192 9046 9192 9191 9047 9048 9193 9047 9193 9192 9048 9049 9194 9048 9194 9193 9049 9050 9195 9049 9195 9194 9050 9051 9196 9050 9196 9195 9051 9052 9197 9051 9197 9196 9052 9053 9198 9052 9198 9197 9053 9054 9199 9053 9199 9198 9054 9055 9200 9054 9200 9199 9055 9056 9201 9055 9201 9200 9056 9057 9202 9056 9202 9201 9057 9058 9203 9057 9203 9202 9058 9059 9204 9058 9204 9203 9059 9060 9205 9059 9205 9204 9060 9061 9206 9060 9206 9205 9061 9062 9207 9061 9207 9206 9062 9063 9208 9062 9208 9207 9063 9064 9209 9063 9209 9208 9064 9065 9210 9064 9210 9209 9065 9066 9211 9065 9211 9210 9066 9067 9212 9066 9212 9211 9067 9068 9213 9067 9213 9212 9068 9069 9214 9068 9214 9213 9069 9070 9215 9069 9215 9214 9070 9071 9216 9070 9216 9215 9071 9072 9217 9071 9217 9216 9072 9073 9218 9072 9218 9217 9073 9074 9219 9073 9219 9218 9074 9075 9220 9074 9220 9219 9075 9076 9221 9075 9221 9220 9076 9077 9222 9076 9222 9221 9077 9078 9223 9077 9223 9222 9078 9079 9224 9078 9224 9223 9079 9080 9225 9079 9225 9224 9080 9081 9226 9080 9226 9225 9081 9082 9227 9081 9227 9226 9082 9083 9228 9082 9228 9227 9083 9084 9229 9083 9229 9228 9084 9085 9230 9084 9230 9229 9085 9086 9231 9085 9231 9230 9086 9087 9232 9086 9232 9231 9087 9088 9233 9087 9233 9232 9088 9089 9234 9088 9234 9233 9089 9090 9235 9089 9235 9234 9090 9091 9236 9090 9236 9235 9091 9092 9237 9091 9237 9236 9092 9093 9238 9092 9238 9237 9093 9094 9239 9093 9239 9238 9094 9095 9240 9094 9240 9239 9095 9096 9241 9095 9241 9240 9096 9097 9242 9096 9242 9241 9097 9098 9243 9097 9243 9242 9098 9099 9244 9098 9244 9243 9099 9100 9245 9099 9245 9244 9100 9101 9246 9100 9246 9245 9101 9102 9247 9101 9247 9246 9102 9103 9248 9102 9248 9247 9103 9104 9249 9103 9249 9248 9104 9105 9250 9104 9250 9249 9105 9106 9251 9105 9251 9250 9106 9107 9252 9106 9252 9251 9107 9108 9253 9107 9253 9252 9108 9109 9254 9108 9254 9253 9109 9110 9255 9109 9255 9254 9110 9111 9256 9110 9256 9255 9111 9112 9257 9111 9257 9256 9112 9113 9258 9112 9258 9257 9113 9114 9259 9113 9259 9258 9114 9115 9260 9114 9260 9259 9115 9116 9261 9115 9261 9260 9116 9117 9262 9116 9262 9261 9117 9118 9263 9117 9263 9262 9120 9119 9264 9120 9264 9265 9119 9121 9266 9119 9266 9264 9121 9122 9267 9121 9267 9266 9122 9123 9268 9122 9268 9267 9123 9124 9269 9123 9269 9268 9124 9125 9270 9124 9270 9269 9125 9126 9271 9125 9271 9270 9126 9127 9272 9126 9272 9271 9127 9128 9273 9127 9273 9272 9128 9129 9274 9128 9274 9273 9129 9130 9275 9129 9275 9274 9130 9131 9276 9130 9276 9275 9131 9132 9277 9131 9277 9276 9132 9133 9278 9132 9278 9277 9133 9134 9279 9133 9279 9278 9134 9135 9280 9134 9280 9279 9135 9136 9281 9135 9281 9280 9136 9137 9282 9136 9282 9281 9137 9138 9283 9137 9283 9282 9138 9139 9284 9138 9284 9283 9139 9140 9285 9139 9285 9284 9140 9141 9286 9140 9286 9285 9141 9142 9287 9141 9287 9286 9142 9143 9288 9142 9288 9287 9143 9144 9289 9143 9289 9288 9144 9145 9290 9144 9290 9289 9145 9146 9291 9145 9291 9290 9146 9147 9292 9146 9292 9291 9147 9148 9293 9147 9293 9292 9148 9149 9294 9148 9294 9293 9149 9150 9295 9149 9295 9294 9150 9151 9296 9150 9296 9295 9151 9152 9297 9151 9297 9296 9152 9153 9298 9152 9298 9297 9153 9154 9299 9153 9299 9298 9154 9155 9300 9154 9300 9299 9155 9156 9301 9155 9301 9300 9156 9157 9302 9156 9302 9301 9157 9158 9303 9157 9303 9302 9158 9159 9304 9158 9304 9303 9159 9160 9305 9159 9305 9304 9160 9161 9306 9160 9306 9305 9161 9162 9307 9161 9307 9306 9162 9163 9308 9162 9308 9307 9163 9164 9309 9163 9309 9308 9164 9165 9310 9164 9310 9309 9165 9166 9311 9165 9311 9310 9166 9167 9312 9166 9312 9311 9167 9168 9313 9167 9313 9312 9168 9169 9314 9168 9314 9313 9169 9170 9315 9169 9315 9314 9170 9171 9316 9170 9316 9315 9171 9172 9317 9171 9317 9316 9172 9173 9318 9172 9318 9317 9173 9174 9319 9173 9319 9318 9174 9175 9320 9174 9320 9319 9175 9176 9321 9175 9321 9320 9176 9177 9322 9176 9322 9321 9177 9178 9323 9177 9323 9322 9178 9179 9324 9178 9324 9323 9179 9180 9325 9179 9325 9324 9180 9181 9326 9180 9326 9325 9181 9182 9327 9181 9327 9326 9182 9183 9328 9182 9328 9327 9183 9184 9329 9183 9329 9328 9184 9185 9330 9184 9330 9329 9185 9186 9331 9185 9331 9330 9186 9187 9332 9186 9332 9331 9187 9188 9333 9187 9333 9332 9188 9189 9334 9188 9334 9333 9189 9190 9335 9189 9335 9334 9190 9191 9336 9190 9336 9335 9191 9192 9337 9191 9337 9336 9192 9193 9338 9192 9338 9337 9193 9194 9339 9193 9339 9338 9194 9195 9340 9194 9340 9339 9195 9196 9341 9195 9341 9340 9196 9197 9342 9196 9342 9341 9197 9198 9343 9197 9343 9342 9198 9199 9344 9198 9344 9343 9199 9200 9345 9199 9345 9344 9200 9201 9346 9200 9346 9345 9201 9202 9347 9201 9347 9346 9202 9203 9348 9202 9348 9347 9203 9204 9349 9203 9349 9348 9204 9205 9350 9204 9350 9349 9205 9206 9351 9205 9351 9350 9206 9207 9352 9206 9352 9351 9207 9208 9353 9207 9353 9352 9208 9209 9354 9208 9354 9353 9209 9210 9355 9209 9355 9354 9210 9211 9356 9210 9356 9355 9211 9212 9357 9211 9357 9356 9212 9213 9358 9212 9358 9357 9213 9214 9359 9213 9359 9358 9214 9215 9360 9214 9360 9359 9215 9216 9361 9215 9361 9360 9216 9217 9362 9216 9362 9361 9217 9218 9363 9217 9363 9362 9218 9219 9364 9218 9364 9363 9219 9220 9365 9219 9365 9364 9220 9221 9366 9220 9366 9365 9221 9222 9367 9221 9367 9366 9222 9223 9368 9222 9368 9367 9223 9224 9369 9223 9369 9368 9224 9225 9370 9224 9370 9369 9225 9226 9371 9225 9371 9370 9226 9227 9372 9226 9372 9371 9227 9228 9373 9227 9373 9372 9228 9229 9374 9228 9374 9373 9229 9230 9375 9229 9375 9374 9230 9231 9376 9230 9376 9375 9231 9232 9377 9231 9377 9376 9232 9233 9378 9232 9378 9377 9233 9234 9379 9233 9379 9378 9234 9235 9380 9234 9380 9379 9235 9236 9381 9235 9381 9380 9236 9237 9382 9236 9382 9381 9237 9238 9383 9237 9383 9382 9238 9239 9384 9238 9384 9383 9239 9240 9385 9239 9385 9384 9240 9241 9386 9240 9386 9385 9241 9242 9387 9241 9387 9386 9242 9243 9388 9242 9388 9387 9243 9244 9389 9243 9389 9388 9244 9245 9390 9244 9390 9389 9245 9246 9391 9245 9391 9390 9246 9247 9392 9246 9392 9391 9247 9248 9393 9247 9393 9392 9248 9249 9394 9248 9394 9393 9249 9250 9395 9249 9395 9394 9250 9251 9396 9250 9396 9395 9251 9252 9397 9251 9397 9396 9252 9253 9398 9252 9398 9397 9253 9254 9399 9253 9399 9398 9254 9255 9400 9254 9400 9399 9255 9256 9401 9255 9401 9400 9256 9257 9402 9256 9402 9401 9257 9258 9403 9257 9403 9402 9258 9259 9404 9258 9404 9403 9259 9260 9405 9259 9405 9404 9260 9261 9406 9260 9406 9405 9261 9262 9407 9261 9407 9406 9262 9263 9408 9262 9408 9407 9265 9264 9409 9265 9409 9410 9264 9266 9411 9264 9411 9409 9266 9267 9412 9266 9412 9411 9267 9268 9413 9267 9413 9412 9268 9269 9414 9268 9414 9413 9269 9270 9415 9269 9415 9414 9270 9271 9416 9270 9416 9415 9271 9272 9417 9271 9417 9416 9272 9273 9418 9272 9418 9417 9273 9274 9419 9273 9419 9418 9274 9275 9420 9274 9420 9419 9275 9276 9421 9275 9421 9420 9276 9277 9422 9276 9422 9421 9277 9278 9423 9277 9423 9422 9278 9279 9424 9278 9424 9423 9279 9280 9425 9279 9425 9424 9280 9281 9426 9280 9426 9425 9281 9282 9427 9281 9427 9426 9282 9283 9428 9282 9428 9427 9283 9284 9429 9283 9429 9428 9284 9285 9430 9284 9430 9429 9285 9286 9431 9285 9431 9430 9286 9287 9432 9286 9432 9431 9287 9288 9433 9287 9433 9432 9288 9289 9434 9288 9434 9433 9289 9290 9435 9289 9435 9434 9290 9291 9436 9290 9436 9435 9291 9292 9437 9291 9437 9436 9292 9293 9438 9292 9438 9437 9293 9294 9439 9293 9439 9438 9294 9295 9440 9294 9440 9439 9295 9296 9441 9295 9441 9440 9296 9297 9442 9296 9442 9441 9297 9298 9443 9297 9443 9442 9298 9299 9444 9298 9444 9443 9299 9300 9445 9299 9445 9444 9300 9301 9446 9300 9446 9445 9301 9302 9447 9301 9447 9446 9302 9303 9448 9302 9448 9447 9303 9304 9449 9303 9449 9448 9304 9305 9450 9304 9450 9449 9305 9306 9451 9305 9451 9450 9306 9307 9452 9306 9452 9451 9307 9308 9453 9307 9453 9452 9308 9309 9454 9308 9454 9453 9309 9310 9455 9309 9455 9454 9310 9311 9456 9310 9456 9455 9311 9312 9457 9311 9457 9456 9312 9313 9458 9312 9458 9457 9313 9314 9459 9313 9459 9458 9314 9315 9460 9314 9460 9459 9315 9316 9461 9315 9461 9460 9316 9317 9462 9316 9462 9461 9317 9318 9463 9317 9463 9462 9318 9319 9464 9318 9464 9463 9319 9320 9465 9319 9465 9464 9320 9321 9466 9320 9466 9465 9321 9322 9467 9321 9467 9466 9322 9323 9468 9322 9468 9467 9323 9324 9469 9323 9469 9468 9324 9325 9470 9324 9470 9469 9325 9326 9471 9325 9471 9470 9326 9327 9472 9326 9472 9471 9327 9328 9473 9327 9473 9472 9328 9329 9474 9328 9474 9473 9329 9330 9475 9329 9475 9474 9330 9331 9476 9330 9476 9475 9331 9332 9477 9331 9477 9476 9332 9333 9478 9332 9478 9477 9333 9334 9479 9333 9479 9478 9334 9335 9480 9334 9480 9479 9335 9336 9481 9335 9481 9480 9336 9337 9482 9336 9482 9481 9337 9338 9483 9337 9483 9482 9338 9339 9484 9338 9484 9483 9339 9340 9485 9339 9485 9484 9340 9341 9486 9340 9486 9485 9341 9342 9487 9341 9487 9486 9342 9343 9488 9342 9488 9487 9343 9344 9489 9343 9489 9488 9344 9345 9490 9344 9490 9489 9345 9346 9491 9345 9491 9490 9346 9347 9492 9346 9492 9491 9347 9348 9493 9347 9493 9492 9348 9349 9494 9348 9494 9493 9349 9350 9495 9349 9495 9494 9350 9351 9496 9350 9496 9495 9351 9352 9497 9351 9497 9496 9352 9353 9498 9352 9498 9497 9353 9354 9499 9353 9499 9498 9354 9355 9500 9354 9500 9499 9355 9356 9501 9355 9501 9500 9356 9357 9502 9356 9502 9501 9357 9358 9503 9357 9503 9502 9358 9359 9504 9358 9504 9503 9359 9360 9505 9359 9505 9504 9360 9361 9506 9360 9506 9505 9361 9362 9507 9361 9507 9506 9362 9363 9508 9362 9508 9507 9363 9364 9509 9363 9509 9508 9364 9365 9510 9364 9510 9509 9365 9366 9511 9365 9511 9510 9366 9367 9512 9366 9512 9511 9367 9368 9513 9367 9513 9512 9368 9369 9514 9368 9514 9513 9369 9370 9515 9369 9515 9514 9370 9371 9516 9370 9516 9515 9371 9372 9517 9371 9517 9516 9372 9373 9518 9372 9518 9517 9373 9374 9519 9373 9519 9518 9374 9375 9520 9374 9520 9519 9375 9376 9521 9375 9521 9520 9376 9377 9522 9376 9522 9521 9377 9378 9523 9377 9523 9522 9378 9379 9524 9378 9524 9523 9379 9380 9525 9379 9525 9524 9380 9381 9526 9380 9526 9525 9381 9382 9527 9381 9527 9526 9382 9383 9528 9382 9528 9527 9383 9384 9529 9383 9529 9528 9384 9385 9530 9384 9530 9529 9385 9386 9531 9385 9531 9530 9386 9387 9532 9386 9532 9531 9387 9388 9533 9387 9533 9532 9388 9389 9534 9388 9534 9533 9389 9390 9535 9389 9535 9534 9390 9391 9536 9390 9536 9535 9391 9392 9537 9391 9537 9536 9392 9393 9538 9392 9538 9537 9393 9394 9539 9393 9539 9538 9394 9395 9540 9394 9540 9539 9395 9396 9541 9395 9541 9540 9396 9397 9542 9396 9542 9541 9397 9398 9543 9397 9543 9542 9398 9399 9544 9398 9544 9543 9399 9400 9545 9399 9545 9544 9400 9401 9546 9400 9546 9545 9401 9402 9547 9401 9547 9546 9402 9403 9548 9402 9548 9547 9403 9404 9549 9403 9549 9548 9404 9405 9550 9404 9550 9549 9405 9406 9551 9405 9551 9550 9406 9407 9552 9406 9552 9551 9407 9408 9553 9407 9553 9552 9410 9409 9554 9410 9554 9555 9409 9411 9556 9409 9556 9554 9411 9412 9557 9411 9557 9556 9412 9413 9558 9412 9558 9557 9413 9414 9559 9413 9559 9558 9414 9415 9560 9414 9560 9559 9415 9416 9561 9415 9561 9560 9416 9417 9562 9416 9562 9561 9417 9418 9563 9417 9563 9562 9418 9419 9564 9418 9564 9563 9419 9420 9565 9419 9565 9564 9420 9421 9566 9420 9566 9565 9421 9422 9567 9421 9567 9566 9422 9423 9568 9422 9568 9567 9423 9424 9569 9423 9569 9568 9424 9425 9570 9424 9570 9569 9425 9426 9571 9425 9571 9570 9426 9427 9572 9426 9572 9571 9427 9428 9573 9427 9573 9572 9428 9429 9574 9428 9574 9573 9429 9430 9575 9429 9575 9574 9430 9431 9576 9430 9576 9575 9431 9432 9577 9431 9577 9576 9432 9433 9578 9432 9578 9577 9433 9434 9579 9433 9579 9578 9434 9435 9580 9434 9580 9579 9435 9436 9581 9435 9581 9580 9436 9437 9582 9436 9582 9581 9437 9438 9583 9437 9583 9582 9438 9439 9584 9438 9584 9583 9439 9440 9585 9439 9585 9584 9440 9441 9586 9440 9586 9585 9441 9442 9587 9441 9587 9586 9442 9443 9588 9442 9588 9587 9443 9444 9589 9443 9589 9588 9444 9445 9590 9444 9590 9589 9445 9446 9591 9445 9591 9590 9446 9447 9592 9446 9592 9591 9447 9448 9593 9447 9593 9592 9448 9449 9594 9448 9594 9593 9449 9450 9595 9449 9595 9594 9450 9451 9596 9450 9596 9595 9451 9452 9597 9451 9597 9596 9452 9453 9598 9452 9598 9597 9453 9454 9599 9453 9599 9598 9454 9455 9600 9454 9600 9599 9455 9456 9601 9455 9601 9600 9456 9457 9602 9456 9602 9601 9457 9458 9603 9457 9603 9602 9458 9459 9604 9458 9604 9603 9459 9460 9605 9459 9605 9604 9460 9461 9606 9460 9606 9605 9461 9462 9607 9461 9607 9606 9462 9463 9608 9462 9608 9607 9463 9464 9609 9463 9609 9608 9464 9465 9610 9464 9610 9609 9465 9466 9611 9465 9611 9610 9466 9467 9612 9466 9612 9611 9467 9468 9613 9467 9613 9612 9468 9469 9614 9468 9614 9613 9469 9470 9615 9469 9615 9614 9470 9471 9616 9470 9616 9615 9471 9472 9617 9471 9617 9616 9472 9473 9618 9472 9618 9617 9473 9474 9619 9473 9619 9618 9474 9475 9620 9474 9620 9619 9475 9476 9621 9475 9621 9620 9476 9477 9622 9476 9622 9621 9477 9478 9623 9477 9623 9622 9478 9479 9624 9478 9624 9623 9479 9480 9625 9479 9625 9624 9480 9481 9626 9480 9626 9625 9481 9482 9627 9481 9627 9626 9482 9483 9628 9482 9628 9627 9483 9484 9629 9483 9629 9628 9484 9485 9630 9484 9630 9629 9485 9486 9631 9485 9631 9630 9486 9487 9632 9486 9632 9631 9487 9488 9633 9487 9633 9632 9488 9489 9634 9488 9634 9633 9489 9490 9635 9489 9635 9634 9490 9491 9636 9490 9636 9635 9491 9492 9637 9491 9637 9636 9492 9493 9638 9492 9638 9637 9493 9494 9639 9493 9639 9638 9494 9495 9640 9494 9640 9639 9495 9496 9641 9495 9641 9640 9496 9497 9642 9496 9642 9641 9497 9498 9643 9497 9643 9642 9498 9499 9644 9498 9644 9643 9499 9500 9645 9499 9645 9644 9500 9501 9646 9500 9646 9645 9501 9502 9647 9501 9647 9646 9502 9503 9648 9502 9648 9647 9503 9504 9649 9503 9649 9648 9504 9505 9650 9504 9650 9649 9505 9506 9651 9505 9651 9650 9506 9507 9652 9506 9652 9651 9507 9508 9653 9507 9653 9652 9508 9509 9654 9508 9654 9653 9509 9510 9655 9509 9655 9654 9510 9511 9656 9510 9656 9655 9511 9512 9657 9511 9657 9656 9512 9513 9658 9512 9658 9657 9513 9514 9659 9513 9659 9658 9514 9515 9660 9514 9660 9659 9515 9516 9661 9515 9661 9660 9516 9517 9662 9516 9662 9661 9517 9518 9663 9517 9663 9662 9518 9519 9664 9518 9664 9663 9519 9520 9665 9519 9665 9664 9520 9521 9666 9520 9666 9665 9521 9522 9667 9521 9667 9666 9522 9523 9668 9522 9668 9667 9523 9524 9669 9523 9669 9668 9524 9525 9670 9524 9670 9669 9525 9526 9671 9525 9671 9670 9526 9527 9672 9526 9672 9671 9527 9528 9673 9527 9673 9672 9528 9529 9674 9528 9674 9673 9529 9530 9675 9529 9675 9674 9530 9531 9676 9530 9676 9675 9531 9532 9677 9531 9677 9676 9532 9533 9678 9532 9678 9677 9533 9534 9679 9533 9679 9678 9534 9535 9680 9534 9680 9679 9535 9536 9681 9535 9681 9680 9536 9537 9682 9536 9682 9681 9537 9538 9683 9537 9683 9682 9538 9539 9684 9538 9684 9683 9539 9540 9685 9539 9685 9684 9540 9541 9686 9540 9686 9685 9541 9542 9687 9541 9687 9686 9542 9543 9688 9542 9688 9687 9543 9544 9689 9543 9689 9688 9544 9545 9690 9544 9690 9689 9545 9546 9691 9545 9691 9690 9546 9547 9692 9546 9692 9691 9547 9548 9693 9547 9693 9692 9548 9549 9694 9548 9694 9693 9549 9550 9695 9549 9695 9694 9550 9551 9696 9550 9696 9695 9551 9552 9697 9551 9697 9696 9552 9553 9698 9552 9698 9697 9555 9554 9699 9555 9699 9700 9554 9556 9701 9554 9701 9699 9556 9557 9702 9556 9702 9701 9557 9558 9703 9557 9703 9702 9558 9559 9704 9558 9704 9703 9559 9560 9705 9559 9705 9704 9560 9561 9706 9560 9706 9705 9561 9562 9707 9561 9707 9706 9562 9563 9708 9562 9708 9707 9563 9564 9709 9563 9709 9708 9564 9565 9710 9564 9710 9709 9565 9566 9711 9565 9711 9710 9566 9567 9712 9566 9712 9711 9567 9568 9713 9567 9713 9712 9568 9569 9714 9568 9714 9713 9569 9570 9715 9569 9715 9714 9570 9571 9716 9570 9716 9715 9571 9572 9717 9571 9717 9716 9572 9573 9718 9572 9718 9717 9573 9574 9719 9573 9719 9718 9574 9575 9720 9574 9720 9719 9575 9576 9721 9575 9721 9720 9576 9577 9722 9576 9722 9721 9577 9578 9723 9577 9723 9722 9578 9579 9724 9578 9724 9723 9579 9580 9725 9579 9725 9724 9580 9581 9726 9580 9726 9725 9581 9582 9727 9581 9727 9726 9582 9583 9728 9582 9728 9727 9583 9584 9729 9583 9729 9728 9584 9585 9730 9584 9730 9729 9585 9586 9731 9585 9731 9730 9586 9587 9732 9586 9732 9731 9587 9588 9733 9587 9733 9732 9588 9589 9734 9588 9734 9733 9589 9590 9735 9589 9735 9734 9590 9591 9736 9590 9736 9735 9591 9592 9737 9591 9737 9736 9592 9593 9738 9592 9738 9737 9593 9594 9739 9593 9739 9738 9594 9595 9740 9594 9740 9739 9595 9596 9741 9595 9741 9740 9596 9597 9742 9596 9742 9741 9597 9598 9743 9597 9743 9742 9598 9599 9744 9598 9744 9743 9599 9600 9745 9599 9745 9744 9600 9601 9746 9600 9746 9745 9601 9602 9747 9601 9747 9746 9602 9603 9748 9602 9748 9747 9603 9604 9749 9603 9749 9748 9604 9605 9750 9604 9750 9749 9605 9606 9751 9605 9751 9750 9606 9607 9752 9606 9752 9751 9607 9608 9753 9607 9753 9752 9608 9609 9754 9608 9754 9753 9609 9610 9755 9609 9755 9754 9610 9611 9756 9610 9756 9755 9611 9612 9757 9611 9757 9756 9612 9613 9758 9612 9758 9757 9613 9614 9759 9613 9759 9758 9614 9615 9760 9614 9760 9759 9615 9616 9761 9615 9761 9760 9616 9617 9762 9616 9762 9761 9617 9618 9763 9617 9763 9762 9618 9619 9764 9618 9764 9763 9619 9620 9765 9619 9765 9764 9620 9621 9766 9620 9766 9765 9621 9622 9767 9621 9767 9766 9622 9623 9768 9622 9768 9767 9623 9624 9769 9623 9769 9768 9624 9625 9770 9624 9770 9769 9625 9626 9771 9625 9771 9770 9626 9627 9772 9626 9772 9771 9627 9628 9773 9627 9773 9772 9628 9629 9774 9628 9774 9773 9629 9630 9775 9629 9775 9774 9630 9631 9776 9630 9776 9775 9631 9632 9777 9631 9777 9776 9632 9633 9778 9632 9778 9777 9633 9634 9779 9633 9779 9778 9634 9635 9780 9634 9780 9779 9635 9636 9781 9635 9781 9780 9636 9637 9782 9636 9782 9781 9637 9638 9783 9637 9783 9782 9638 9639 9784 9638 9784 9783 9639 9640 9785 9639 9785 9784 9640 9641 9786 9640 9786 9785 9641 9642 9787 9641 9787 9786 9642 9643 9788 9642 9788 9787 9643 9644 9789 9643 9789 9788 9644 9645 9790 9644 9790 9789 9645 9646 9791 9645 9791 9790 9646 9647 9792 9646 9792 9791 9647 9648 9793 9647 9793 9792 9648 9649 9794 9648 9794 9793 9649 9650 9795 9649 9795 9794 9650 9651 9796 9650 9796 9795 9651 9652 9797 9651 9797 9796 9652 9653 9798 9652 9798 9797 9653 9654 9799 9653 9799 9798 9654 9655 9800 9654 9800 9799 9655 9656 9801 9655 9801 9800 9656 9657 9802 9656 9802 9801 9657 9658 9803 9657 9803 9802 9658 9659 9804 9658 9804 9803 9659 9660 9805 9659 9805 9804 9660 9661 9806 9660 9806 9805 9661 9662 9807 9661 9807 9806 9662 9663 9808 9662 9808 9807 9663 9664 9809 9663 9809 9808 9664 9665 9810 9664 9810 9809 9665 9666 9811 9665 9811 9810 9666 9667 9812 9666 9812 9811 9667 9668 9813 9667 9813 9812 9668 9669 9814 9668 9814 9813 9669 9670 9815 9669 9815 9814 9670 9671 9816 9670 9816 9815 9671 9672 9817 9671 9817 9816 9672 9673 9818 9672 9818 9817 9673 9674 9819 9673 9819 9818 9674 9675 9820 9674 9820 9819 9675 9676 9821 9675 9821 9820 9676 9677 9822 9676 9822 9821 9677 9678 9823 9677 9823 9822 9678 9679 9824 9678 9824 9823 9679 9680 9825 9679 9825 9824 9680 9681 9826 9680 9826 9825 9681 9682 9827 9681 9827 9826 9682 9683 9828 9682 9828 9827 9683 9684 9829 9683 9829 9828 9684 9685 9830 9684 9830 9829 9685 9686 9831 9685 9831 9830 9686 9687 9832 9686 9832 9831 9687 9688 9833 9687 9833 9832 9688 9689 9834 9688 9834 9833 9689 9690 9835 9689 9835 9834 9690 9691 9836 9690 9836 9835 9691 9692 9837 9691 9837 9836 9692 9693 9838 9692 9838 9837 9693 9694 9839 9693 9839 9838 9694 9695 9840 9694 9840 9839 9695 9696 9841 9695 9841 9840 9696 9697 9842 9696 9842 9841 9697 9698 9843 9697 9843 9842 9700 9699 9844 9700 9844 9845 9699 9701 9846 9699 9846 9844 9701 9702 9847 9701 9847 9846 9702 9703 9848 9702 9848 9847 9703 9704 9849 9703 9849 9848 9704 9705 9850 9704 9850 9849 9705 9706 9851 9705 9851 9850 9706 9707 9852 9706 9852 9851 9707 9708 9853 9707 9853 9852 9708 9709 9854 9708 9854 9853 9709 9710 9855 9709 9855 9854 9710 9711 9856 9710 9856 9855 9711 9712 9857 9711 9857 9856 9712 9713 9858 9712 9858 9857 9713 9714 9859 9713 9859 9858 9714 9715 9860 9714 9860 9859 9715 9716 9861 9715 9861 9860 9716 9717 9862 9716 9862 9861 9717 9718 9863 9717 9863 9862 9718 9719 9864 9718 9864 9863 9719 9720 9865 9719 9865 9864 9720 9721 9866 9720 9866 9865 9721 9722 9867 9721 9867 9866 9722 9723 9868 9722 9868 9867 9723 9724 9869 9723 9869 9868 9724 9725 9870 9724 9870 9869 9725 9726 9871 9725 9871 9870 9726 9727 9872 9726 9872 9871 9727 9728 9873 9727 9873 9872 9728 9729 9874 9728 9874 9873 9729 9730 9875 9729 9875 9874 9730 9731 9876 9730 9876 9875 9731 9732 9877 9731 9877 9876 9732 9733 9878 9732 9878 9877 9733 9734 9879 9733 9879 9878 9734 9735 9880 9734 9880 9879 9735 9736 9881 9735 9881 9880 9736 9737 9882 9736 9882 9881 9737 9738 9883 9737 9883 9882 9738 9739 9884 9738 9884 9883 9739 9740 9885 9739 9885 9884 9740 9741 9886 9740 9886 9885 9741 9742 9887 9741 9887 9886 9742 9743 9888 9742 9888 9887 9743 9744 9889 9743 9889 9888 9744 9745 9890 9744 9890 9889 9745 9746 9891 9745 9891 9890 9746 9747 9892 9746 9892 9891 9747 9748 9893 9747 9893 9892 9748 9749 9894 9748 9894 9893 9749 9750 9895 9749 9895 9894 9750 9751 9896 9750 9896 9895 9751 9752 9897 9751 9897 9896 9752 9753 9898 9752 9898 9897 9753 9754 9899 9753 9899 9898 9754 9755 9900 9754 9900 9899 9755 9756 9901 9755 9901 9900 9756 9757 9902 9756 9902 9901 9757 9758 9903 9757 9903 9902 9758 9759 9904 9758 9904 9903 9759 9760 9905 9759 9905 9904 9760 9761 9906 9760 9906 9905 9761 9762 9907 9761 9907 9906 9762 9763 9908 9762 9908 9907 9763 9764 9909 9763 9909 9908 9764 9765 9910 9764 9910 9909 9765 9766 9911 9765 9911 9910 9766 9767 9912 9766 9912 9911 9767 9768 9913 9767 9913 9912 9768 9769 9914 9768 9914 9913 9769 9770 9915 9769 9915 9914 9770 9771 9916 9770 9916 9915 9771 9772 9917 9771 9917 9916 9772 9773 9918 9772 9918 9917 9773 9774 9919 9773 9919 9918 9774 9775 9920 9774 9920 9919 9775 9776 9921 9775 9921 9920 9776 9777 9922 9776 9922 9921 9777 9778 9923 9777 9923 9922 9778 9779 9924 9778 9924 9923 9779 9780 9925 9779 9925 9924 9780 9781 9926 9780 9926 9925 9781 9782 9927 9781 9927 9926 9782 9783 9928 9782 9928 9927 9783 9784 9929 9783 9929 9928 9784 9785 9930 9784 9930 9929 9785 9786 9931 9785 9931 9930 9786 9787 9932 9786 9932 9931 9787 9788 9933 9787 9933 9932 9788 9789 9934 9788 9934 9933 9789 9790 9935 9789 9935 9934 9790 9791 9936 9790 9936 9935 9791 9792 9937 9791 9937 9936 9792 9793 9938 9792 9938 9937 9793 9794 9939 9793 9939 9938 9794 9795 9940 9794 9940 9939 9795 9796 9941 9795 9941 9940 9796 9797 9942 9796 9942 9941 9797 9798 9943 9797 9943 9942 9798 9799 9944 9798 9944 9943 9799 9800 9945 9799 9945 9944 9800 9801 9946 9800 9946 9945 9801 9802 9947 9801 9947 9946 9802 9803 9948 9802 9948 9947 9803 9804 9949 9803 9949 9948 9804 9805 9950 9804 9950 9949 9805 9806 9951 9805 9951 9950 9806 9807 9952 9806 9952 9951 9807 9808 9953 9807 9953 9952 9808 9809 9954 9808 9954 9953 9809 9810 9955 9809 9955 9954 9810 9811 9956 9810 9956 9955 9811 9812 9957 9811 9957 9956 9812 9813 9958 9812 9958 9957 9813 9814 9959 9813 9959 9958 9814 9815 9960 9814 9960 9959 9815 9816 9961 9815 9961 9960 9816 9817 9962 9816 9962 9961 9817 9818 9963 9817 9963 9962 9818 9819 9964 9818 9964 9963 9819 9820 9965 9819 9965 9964 9820 9821 9966 9820 9966 9965 9821 9822 9967 9821 9967 9966 9822 9823 9968 9822 9968 9967 9823 9824 9969 9823 9969 9968 9824 9825 9970 9824 9970 9969 9825 9826 9971 9825 9971 9970 9826 9827 9972 9826 9972 9971 9827 9828 9973 9827 9973 9972 9828 9829 9974 9828 9974 9973 9829 9830 9975 9829 9975 9974 9830 9831 9976 9830 9976 9975 9831 9832 9977 9831 9977 9976 9832 9833 9978 9832 9978 9977 9833 9834 9979 9833 9979 9978 9834 9835 9980 9834 9980 9979 9835 9836 9981 9835 9981 9980 9836 9837 9982 9836 9982 9981 9837 9838 9983 9837 9983 9982 9838 9839 9984 9838 9984 9983 9839 9840 9985 9839 9985 9984 9840 9841 9986 9840 9986 9985 9841 9842 9987 9841 9987 9986 9842 9843 9988 9842 9988 9987 9845 9844 9989 9845 9989 9990 9844 9846 9991 9844 9991 9989 9846 9847 9992 9846 9992 9991 9847 9848 9993 9847 9993 9992 9848 9849 9994 9848 9994 9993 9849 9850 9995 9849 9995 9994 9850 9851 9996 9850 9996 9995 9851 9852 9997 9851 9997 9996 9852 9853 9998 9852 9998 9997 9853 9854 9999 9853 9999 9998 9854 9855 10000 9854 10000 9999 9855 9856 10001 9855 10001 10000 9856 9857 10002 9856 10002 10001 9857 9858 10003 9857 10003 10002 9858 9859 10004 9858 10004 10003 9859 9860 10005 9859 10005 10004 9860 9861 10006 9860 10006 10005 9861 9862 10007 9861 10007 10006 9862 9863 10008 9862 10008 10007 9863 9864 10009 9863 10009 10008 9864 9865 10010 9864 10010 10009 9865 9866 10011 9865 10011 10010 9866 9867 10012 9866 10012 10011 9867 9868 10013 9867 10013 10012 9868 9869 10014 9868 10014 10013 9869 9870 10015 9869 10015 10014 9870 9871 10016 9870 10016 10015 9871 9872 10017 9871 10017 10016 9872 9873 10018 9872 10018 10017 9873 9874 10019 9873 10019 10018 9874 9875 10020 9874 10020 10019 9875 9876 10021 9875 10021 10020 9876 9877 10022 9876 10022 10021 9877 9878 10023 9877 10023 10022 9878 9879 10024 9878 10024 10023 9879 9880 10025 9879 10025 10024 9880 9881 10026 9880 10026 10025 9881 9882 10027 9881 10027 10026 9882 9883 10028 9882 10028 10027 9883 9884 10029 9883 10029 10028 9884 9885 10030 9884 10030 10029 9885 9886 10031 9885 10031 10030 9886 9887 10032 9886 10032 10031 9887 9888 10033 9887 10033 10032 9888 9889 10034 9888 10034 10033 9889 9890 10035 9889 10035 10034 9890 9891 10036 9890 10036 10035 9891 9892 10037 9891 10037 10036 9892 9893 10038 9892 10038 10037 9893 9894 10039 9893 10039 10038 9894 9895 10040 9894 10040 10039 9895 9896 10041 9895 10041 10040 9896 9897 10042 9896 10042 10041 9897 9898 10043 9897 10043 10042 9898 9899 10044 9898 10044 10043 9899 9900 10045 9899 10045 10044 9900 9901 10046 9900 10046 10045 9901 9902 10047 9901 10047 10046 9902 9903 10048 9902 10048 10047 9903 9904 10049 9903 10049 10048 9904 9905 10050 9904 10050 10049 9905 9906 10051 9905 10051 10050 9906 9907 10052 9906 10052 10051 9907 9908 10053 9907 10053 10052 9908 9909 10054 9908 10054 10053 9909 9910 10055 9909 10055 10054 9910 9911 10056 9910 10056 10055 9911 9912 10057 9911 10057 10056 9912 9913 10058 9912 10058 10057 9913 9914 10059 9913 10059 10058 9914 9915 10060 9914 10060 10059 9915 9916 10061 9915 10061 10060 9916 9917 10062 9916 10062 10061 9917 9918 10063 9917 10063 10062 9918 9919 10064 9918 10064 10063 9919 9920 10065 9919 10065 10064 9920 9921 10066 9920 10066 10065 9921 9922 10067 9921 10067 10066 9922 9923 10068 9922 10068 10067 9923 9924 10069 9923 10069 10068 9924 9925 10070 9924 10070 10069 9925 9926 10071 9925 10071 10070 9926 9927 10072 9926 10072 10071 9927 9928 10073 9927 10073 10072 9928 9929 10074 9928 10074 10073 9929 9930 10075 9929 10075 10074 9930 9931 10076 9930 10076 10075 9931 9932 10077 9931 10077 10076 9932 9933 10078 9932 10078 10077 9933 9934 10079 9933 10079 10078 9934 9935 10080 9934 10080 10079 9935 9936 10081 9935 10081 10080 9936 9937 10082 9936 10082 10081 9937 9938 10083 9937 10083 10082 9938 9939 10084 9938 10084 10083 9939 9940 10085 9939 10085 10084 9940 9941 10086 9940 10086 10085 9941 9942 10087 9941 10087 10086 9942 9943 10088 9942 10088 10087 9943 9944 10089 9943 10089 10088 9944 9945 10090 9944 10090 10089 9945 9946 10091 9945 10091 10090 9946 9947 10092 9946 10092 10091 9947 9948 10093 9947 10093 10092 9948 9949 10094 9948 10094 10093 9949 9950 10095 9949 10095 10094 9950 9951 10096 9950 10096 10095 9951 9952 10097 9951 10097 10096 9952 9953 10098 9952 10098 10097 9953 9954 10099 9953 10099 10098 9954 9955 10100 9954 10100 10099 9955 9956 10101 9955 10101 10100 9956 9957 10102 9956 10102 10101 9957 9958 10103 9957 10103 10102 9958 9959 10104 9958 10104 10103 9959 9960 10105 9959 10105 10104 9960 9961 10106 9960 10106 10105 9961 9962 10107 9961 10107 10106 9962 9963 10108 9962 10108 10107 9963 9964 10109 9963 10109 10108 9964 9965 10110 9964 10110 10109 9965 9966 10111 9965 10111 10110 9966 9967 10112 9966 10112 10111 9967 9968 10113 9967 10113 10112 9968 9969 10114 9968 10114 10113 9969 9970 10115 9969 10115 10114 9970 9971 10116 9970 10116 10115 9971 9972 10117 9971 10117 10116 9972 9973 10118 9972 10118 10117 9973 9974 10119 9973 10119 10118 9974 9975 10120 9974 10120 10119 9975 9976 10121 9975 10121 10120 9976 9977 10122 9976 10122 10121 9977 9978 10123 9977 10123 10122 9978 9979 10124 9978 10124 10123 9979 9980 10125 9979 10125 10124 9980 9981 10126 9980 10126 10125 9981 9982 10127 9981 10127 10126 9982 9983 10128 9982 10128 10127 9983 9984 10129 9983 10129 10128 9984 9985 10130 9984 10130 10129 9985 9986 10131 9985 10131 10130 9986 9987 10132 9986 10132 10131 9987 9988 10133 9987 10133 10132 9990 9989 10134 9990 10134 10135 9989 9991 10136 9989 10136 10134 9991 9992 10137 9991 10137 10136 9992 9993 10138 9992 10138 10137 9993 9994 10139 9993 10139 10138 9994 9995 10140 9994 10140 10139 9995 9996 10141 9995 10141 10140 9996 9997 10142 9996 10142 10141 9997 9998 10143 9997 10143 10142 9998 9999 10144 9998 10144 10143 9999 10000 10145 9999 10145 10144 10000 10001 10146 10000 10146 10145 10001 10002 10147 10001 10147 10146 10002 10003 10148 10002 10148 10147 10003 10004 10149 10003 10149 10148 10004 10005 10150 10004 10150 10149 10005 10006 10151 10005 10151 10150 10006 10007 10152 10006 10152 10151 10007 10008 10153 10007 10153 10152 10008 10009 10154 10008 10154 10153 10009 10010 10155 10009 10155 10154 10010 10011 10156 10010 10156 10155 10011 10012 10157 10011 10157 10156 10012 10013 10158 10012 10158 10157 10013 10014 10159 10013 10159 10158 10014 10015 10160 10014 10160 10159 10015 10016 10161 10015 10161 10160 10016 10017 10162 10016 10162 10161 10017 10018 10163 10017 10163 10162 10018 10019 10164 10018 10164 10163 10019 10020 10165 10019 10165 10164 10020 10021 10166 10020 10166 10165 10021 10022 10167 10021 10167 10166 10022 10023 10168 10022 10168 10167 10023 10024 10169 10023 10169 10168 10024 10025 10170 10024 10170 10169 10025 10026 10171 10025 10171 10170 10026 10027 10172 10026 10172 10171 10027 10028 10173 10027 10173 10172 10028 10029 10174 10028 10174 10173 10029 10030 10175 10029 10175 10174 10030 10031 10176 10030 10176 10175 10031 10032 10177 10031 10177 10176 10032 10033 10178 10032 10178 10177 10033 10034 10179 10033 10179 10178 10034 10035 10180 10034 10180 10179 10035 10036 10181 10035 10181 10180 10036 10037 10182 10036 10182 10181 10037 10038 10183 10037 10183 10182 10038 10039 10184 10038 10184 10183 10039 10040 10185 10039 10185 10184 10040 10041 10186 10040 10186 10185 10041 10042 10187 10041 10187 10186 10042 10043 10188 10042 10188 10187 10043 10044 10189 10043 10189 10188 10044 10045 10190 10044 10190 10189 10045 10046 10191 10045 10191 10190 10046 10047 10192 10046 10192 10191 10047 10048 10193 10047 10193 10192 10048 10049 10194 10048 10194 10193 10049 10050 10195 10049 10195 10194 10050 10051 10196 10050 10196 10195 10051 10052 10197 10051 10197 10196 10052 10053 10198 10052 10198 10197 10053 10054 10199 10053 10199 10198 10054 10055 10200 10054 10200 10199 10055 10056 10201 10055 10201 10200 10056 10057 10202 10056 10202 10201 10057 10058 10203 10057 10203 10202 10058 10059 10204 10058 10204 10203 10059 10060 10205 10059 10205 10204 10060 10061 10206 10060 10206 10205 10061 10062 10207 10061 10207 10206 10062 10063 10208 10062 10208 10207 10063 10064 10209 10063 10209 10208 10064 10065 10210 10064 10210 10209 10065 10066 10211 10065 10211 10210 10066 10067 10212 10066 10212 10211 10067 10068 10213 10067 10213 10212 10068 10069 10214 10068 10214 10213 10069 10070 10215 10069 10215 10214 10070 10071 10216 10070 10216 10215 10071 10072 10217 10071 10217 10216 10072 10073 10218 10072 10218 10217 10073 10074 10219 10073 10219 10218 10074 10075 10220 10074 10220 10219 10075 10076 10221 10075 10221 10220 10076 10077 10222 10076 10222 10221 10077 10078 10223 10077 10223 10222 10078 10079 10224 10078 10224 10223 10079 10080 10225 10079 10225 10224 10080 10081 10226 10080 10226 10225 10081 10082 10227 10081 10227 10226 10082 10083 10228 10082 10228 10227 10083 10084 10229 10083 10229 10228 10084 10085 10230 10084 10230 10229 10085 10086 10231 10085 10231 10230 10086 10087 10232 10086 10232 10231 10087 10088 10233 10087 10233 10232 10088 10089 10234 10088 10234 10233 10089 10090 10235 10089 10235 10234 10090 10091 10236 10090 10236 10235 10091 10092 10237 10091 10237 10236 10092 10093 10238 10092 10238 10237 10093 10094 10239 10093 10239 10238 10094 10095 10240 10094 10240 10239 10095 10096 10241 10095 10241 10240 10096 10097 10242 10096 10242 10241 10097 10098 10243 10097 10243 10242 10098 10099 10244 10098 10244 10243 10099 10100 10245 10099 10245 10244 10100 10101 10246 10100 10246 10245 10101 10102 10247 10101 10247 10246 10102 10103 10248 10102 10248 10247 10103 10104 10249 10103 10249 10248 10104 10105 10250 10104 10250 10249 10105 10106 10251 10105 10251 10250 10106 10107 10252 10106 10252 10251 10107 10108 10253 10107 10253 10252 10108 10109 10254 10108 10254 10253 10109 10110 10255 10109 10255 10254 10110 10111 10256 10110 10256 10255 10111 10112 10257 10111 10257 10256 10112 10113 10258 10112 10258 10257 10113 10114 10259 10113 10259 10258 10114 10115 10260 10114 10260 10259 10115 10116 10261 10115 10261 10260 10116 10117 10262 10116 10262 10261 10117 10118 10263 10117 10263 10262 10118 10119 10264 10118 10264 10263 10119 10120 10265 10119 10265 10264 10120 10121 10266 10120 10266 10265 10121 10122 10267 10121 10267 10266 10122 10123 10268 10122 10268 10267 10123 10124 10269 10123 10269 10268 10124 10125 10270 10124 10270 10269 10125 10126 10271 10125 10271 10270 10126 10127 10272 10126 10272 10271 10127 10128 10273 10127 10273 10272 10128 10129 10274 10128 10274 10273 10129 10130 10275 10129 10275 10274 10130 10131 10276 10130 10276 10275 10131 10132 10277 10131 10277 10276 10132 10133 10278 10132 10278 10277 10135 10134 10279 10135 10279 10280 10134 10136 10281 10134 10281 10279 10136 10137 10282 10136 10282 10281 10137 10138 10283 10137 10283 10282 10138 10139 10284 10138 10284 10283 10139 10140 10285 10139 10285 10284 10140 10141 10286 10140 10286 10285 10141 10142 10287 10141 10287 10286 10142 10143 10288 10142 10288 10287 10143 10144 10289 10143 10289 10288 10144 10145 10290 10144 10290 10289 10145 10146 10291 10145 10291 10290 10146 10147 10292 10146 10292 10291 10147 10148 10293 10147 10293 10292 10148 10149 10294 10148 10294 10293 10149 10150 10295 10149 10295 10294 10150 10151 10296 10150 10296 10295 10151 10152 10297 10151 10297 10296 10152 10153 10298 10152 10298 10297 10153 10154 10299 10153 10299 10298 10154 10155 10300 10154 10300 10299 10155 10156 10301 10155 10301 10300 10156 10157 10302 10156 10302 10301 10157 10158 10303 10157 10303 10302 10158 10159 10304 10158 10304 10303 10159 10160 10305 10159 10305 10304 10160 10161 10306 10160 10306 10305 10161 10162 10307 10161 10307 10306 10162 10163 10308 10162 10308 10307 10163 10164 10309 10163 10309 10308 10164 10165 10310 10164 10310 10309 10165 10166 10311 10165 10311 10310 10166 10167 10312 10166 10312 10311 10167 10168 10313 10167 10313 10312 10168 10169 10314 10168 10314 10313 10169 10170 10315 10169 10315 10314 10170 10171 10316 10170 10316 10315 10171 10172 10317 10171 10317 10316 10172 10173 10318 10172 10318 10317 10173 10174 10319 10173 10319 10318 10174 10175 10320 10174 10320 10319 10175 10176 10321 10175 10321 10320 10176 10177 10322 10176 10322 10321 10177 10178 10323 10177 10323 10322 10178 10179 10324 10178 10324 10323 10179 10180 10325 10179 10325 10324 10180 10181 10326 10180 10326 10325 10181 10182 10327 10181 10327 10326 10182 10183 10328 10182 10328 10327 10183 10184 10329 10183 10329 10328 10184 10185 10330 10184 10330 10329 10185 10186 10331 10185 10331 10330 10186 10187 10332 10186 10332 10331 10187 10188 10333 10187 10333 10332 10188 10189 10334 10188 10334 10333 10189 10190 10335 10189 10335 10334 10190 10191 10336 10190 10336 10335 10191 10192 10337 10191 10337 10336 10192 10193 10338 10192 10338 10337 10193 10194 10339 10193 10339 10338 10194 10195 10340 10194 10340 10339 10195 10196 10341 10195 10341 10340 10196 10197 10342 10196 10342 10341 10197 10198 10343 10197 10343 10342 10198 10199 10344 10198 10344 10343 10199 10200 10345 10199 10345 10344 10200 10201 10346 10200 10346 10345 10201 10202 10347 10201 10347 10346 10202 10203 10348 10202 10348 10347 10203 10204 10349 10203 10349 10348 10204 10205 10350 10204 10350 10349 10205 10206 10351 10205 10351 10350 10206 10207 10352 10206 10352 10351 10207 10208 10353 10207 10353 10352 10208 10209 10354 10208 10354 10353 10209 10210 10355 10209 10355 10354 10210 10211 10356 10210 10356 10355 10211 10212 10357 10211 10357 10356 10212 10213 10358 10212 10358 10357 10213 10214 10359 10213 10359 10358 10214 10215 10360 10214 10360 10359 10215 10216 10361 10215 10361 10360 10216 10217 10362 10216 10362 10361 10217 10218 10363 10217 10363 10362 10218 10219 10364 10218 10364 10363 10219 10220 10365 10219 10365 10364 10220 10221 10366 10220 10366 10365 10221 10222 10367 10221 10367 10366 10222 10223 10368 10222 10368 10367 10223 10224 10369 10223 10369 10368 10224 10225 10370 10224 10370 10369 10225 10226 10371 10225 10371 10370 10226 10227 10372 10226 10372 10371 10227 10228 10373 10227 10373 10372 10228 10229 10374 10228 10374 10373 10229 10230 10375 10229 10375 10374 10230 10231 10376 10230 10376 10375 10231 10232 10377 10231 10377 10376 10232 10233 10378 10232 10378 10377 10233 10234 10379 10233 10379 10378 10234 10235 10380 10234 10380 10379 10235 10236 10381 10235 10381 10380 10236 10237 10382 10236 10382 10381 10237 10238 10383 10237 10383 10382 10238 10239 10384 10238 10384 10383 10239 10240 10385 10239 10385 10384 10240 10241 10386 10240 10386 10385 10241 10242 10387 10241 10387 10386 10242 10243 10388 10242 10388 10387 10243 10244 10389 10243 10389 10388 10244 10245 10390 10244 10390 10389 10245 10246 10391 10245 10391 10390 10246 10247 10392 10246 10392 10391 10247 10248 10393 10247 10393 10392 10248 10249 10394 10248 10394 10393 10249 10250 10395 10249 10395 10394 10250 10251 10396 10250 10396 10395 10251 10252 10397 10251 10397 10396 10252 10253 10398 10252 10398 10397 10253 10254 10399 10253 10399 10398 10254 10255 10400 10254 10400 10399 10255 10256 10401 10255 10401 10400 10256 10257 10402 10256 10402 10401 10257 10258 10403 10257 10403 10402 10258 10259 10404 10258 10404 10403 10259 10260 10405 10259 10405 10404 10260 10261 10406 10260 10406 10405 10261 10262 10407 10261 10407 10406 10262 10263 10408 10262 10408 10407 10263 10264 10409 10263 10409 10408 10264 10265 10410 10264 10410 10409 10265 10266 10411 10265 10411 10410 10266 10267 10412 10266 10412 10411 10267 10268 10413 10267 10413 10412 10268 10269 10414 10268 10414 10413 10269 10270 10415 10269 10415 10414 10270 10271 10416 10270 10416 10415 10271 10272 10417 10271 10417 10416 10272 10273 10418 10272 10418 10417 10273 10274 10419 10273 10419 10418 10274 10275 10420 10274 10420 10419 10275 10276 10421 10275 10421 10420 10276 10277 10422 10276 10422 10421 10277 10278 10423 10277 10423 10422 10280 10279 10424 10280 10424 10425 10279 10281 10426 10279 10426 10424 10281 10282 10427 10281 10427 10426 10282 10283 10428 10282 10428 10427 10283 10284 10429 10283 10429 10428 10284 10285 10430 10284 10430 10429 10285 10286 10431 10285 10431 10430 10286 10287 10432 10286 10432 10431 10287 10288 10433 10287 10433 10432 10288 10289 10434 10288 10434 10433 10289 10290 10435 10289 10435 10434 10290 10291 10436 10290 10436 10435 10291 10292 10437 10291 10437 10436 10292 10293 10438 10292 10438 10437 10293 10294 10439 10293 10439 10438 10294 10295 10440 10294 10440 10439 10295 10296 10441 10295 10441 10440 10296 10297 10442 10296 10442 10441 10297 10298 10443 10297 10443 10442 10298 10299 10444 10298 10444 10443 10299 10300 10445 10299 10445 10444 10300 10301 10446 10300 10446 10445 10301 10302 10447 10301 10447 10446 10302 10303 10448 10302 10448 10447 10303 10304 10449 10303 10449 10448 10304 10305 10450 10304 10450 10449 10305 10306 10451 10305 10451 10450 10306 10307 10452 10306 10452 10451 10307 10308 10453 10307 10453 10452 10308 10309 10454 10308 10454 10453 10309 10310 10455 10309 10455 10454 10310 10311 10456 10310 10456 10455 10311 10312 10457 10311 10457 10456 10312 10313 10458 10312 10458 10457 10313 10314 10459 10313 10459 10458 10314 10315 10460 10314 10460 10459 10315 10316 10461 10315 10461 10460 10316 10317 10462 10316 10462 10461 10317 10318 10463 10317 10463 10462 10318 10319 10464 10318 10464 10463 10319 10320 10465 10319 10465 10464 10320 10321 10466 10320 10466 10465 10321 10322 10467 10321 10467 10466 10322 10323 10468 10322 10468 10467 10323 10324 10469 10323 10469 10468 10324 10325 10470 10324 10470 10469 10325 10326 10471 10325 10471 10470 10326 10327 10472 10326 10472 10471 10327 10328 10473 10327 10473 10472 10328 10329 10474 10328 10474 10473 10329 10330 10475 10329 10475 10474 10330 10331 10476 10330 10476 10475 10331 10332 10477 10331 10477 10476 10332 10333 10478 10332 10478 10477 10333 10334 10479 10333 10479 10478 10334 10335 10480 10334 10480 10479 10335 10336 10481 10335 10481 10480 10336 10337 10482 10336 10482 10481 10337 10338 10483 10337 10483 10482 10338 10339 10484 10338 10484 10483 10339 10340 10485 10339 10485 10484 10340 10341 10486 10340 10486 10485 10341 10342 10487 10341 10487 10486 10342 10343 10488 10342 10488 10487 10343 10344 10489 10343 10489 10488 10344 10345 10490 10344 10490 10489 10345 10346 10491 10345 10491 10490 10346 10347 10492 10346 10492 10491 10347 10348 10493 10347 10493 10492 10348 10349 10494 10348 10494 10493 10349 10350 10495 10349 10495 10494 10350 10351 10496 10350 10496 10495 10351 10352 10497 10351 10497 10496 10352 10353 10498 10352 10498 10497 10353 10354 10499 10353 10499 10498 10354 10355 10500 10354 10500 10499 10355 10356 10501 10355 10501 10500 10356 10357 10502 10356 10502 10501 10357 10358 10503 10357 10503 10502 10358 10359 10504 10358 10504 10503 10359 10360 10505 10359 10505 10504 10360 10361 10506 10360 10506 10505 10361 10362 10507 10361 10507 10506 10362 10363 10508 10362 10508 10507 10363 10364 10509 10363 10509 10508 10364 10365 10510 10364 10510 10509 10365 10366 10511 10365 10511 10510 10366 10367 10512 10366 10512 10511 10367 10368 10513 10367 10513 10512 10368 10369 10514 10368 10514 10513 10369 10370 10515 10369 10515 10514 10370 10371 10516 10370 10516 10515 10371 10372 10517 10371 10517 10516 10372 10373 10518 10372 10518 10517 10373 10374 10519 10373 10519 10518 10374 10375 10520 10374 10520 10519 10375 10376 10521 10375 10521 10520 10376 10377 10522 10376 10522 10521 10377 10378 10523 10377 10523 10522 10378 10379 10524 10378 10524 10523 10379 10380 10525 10379 10525 10524 10380 10381 10526 10380 10526 10525 10381 10382 10527 10381 10527 10526 10382 10383 10528 10382 10528 10527 10383 10384 10529 10383 10529 10528 10384 10385 10530 10384 10530 10529 10385 10386 10531 10385 10531 10530 10386 10387 10532 10386 10532 10531 10387 10388 10533 10387 10533 10532 10388 10389 10534 10388 10534 10533 10389 10390 10535 10389 10535 10534 10390 10391 10536 10390 10536 10535 10391 10392 10537 10391 10537 10536 10392 10393 10538 10392 10538 10537 10393 10394 10539 10393 10539 10538 10394 10395 10540 10394 10540 10539 10395 10396 10541 10395 10541 10540 10396 10397 10542 10396 10542 10541 10397 10398 10543 10397 10543 10542 10398 10399 10544 10398 10544 10543 10399 10400 10545 10399 10545 10544 10400 10401 10546 10400 10546 10545 10401 10402 10547 10401 10547 10546 10402 10403 10548 10402 10548 10547 10403 10404 10549 10403 10549 10548 10404 10405 10550 10404 10550 10549 10405 10406 10551 10405 10551 10550 10406 10407 10552 10406 10552 10551 10407 10408 10553 10407 10553 10552 10408 10409 10554 10408 10554 10553 10409 10410 10555 10409 10555 10554 10410 10411 10556 10410 10556 10555 10411 10412 10557 10411 10557 10556 10412 10413 10558 10412 10558 10557 10413 10414 10559 10413 10559 10558 10414 10415 10560 10414 10560 10559 10415 10416 10561 10415 10561 10560 10416 10417 10562 10416 10562 10561 10417 10418 10563 10417 10563 10562 10418 10419 10564 10418 10564 10563 10419 10420 10565 10419 10565 10564 10420 10421 10566 10420 10566 10565 10421 10422 10567 10421 10567 10566 10422 10423 10568 10422 10568 10567 10425 10424 10569 10425 10569 10570 10424 10426 10571 10424 10571 10569 10426 10427 10572 10426 10572 10571 10427 10428 10573 10427 10573 10572 10428 10429 10574 10428 10574 10573 10429 10430 10575 10429 10575 10574 10430 10431 10576 10430 10576 10575 10431 10432 10577 10431 10577 10576 10432 10433 10578 10432 10578 10577 10433 10434 10579 10433 10579 10578 10434 10435 10580 10434 10580 10579 10435 10436 10581 10435 10581 10580 10436 10437 10582 10436 10582 10581 10437 10438 10583 10437 10583 10582 10438 10439 10584 10438 10584 10583 10439 10440 10585 10439 10585 10584 10440 10441 10586 10440 10586 10585 10441 10442 10587 10441 10587 10586 10442 10443 10588 10442 10588 10587 10443 10444 10589 10443 10589 10588 10444 10445 10590 10444 10590 10589 10445 10446 10591 10445 10591 10590 10446 10447 10592 10446 10592 10591 10447 10448 10593 10447 10593 10592 10448 10449 10594 10448 10594 10593 10449 10450 10595 10449 10595 10594 10450 10451 10596 10450 10596 10595 10451 10452 10597 10451 10597 10596 10452 10453 10598 10452 10598 10597 10453 10454 10599 10453 10599 10598 10454 10455 10600 10454 10600 10599 10455 10456 10601 10455 10601 10600 10456 10457 10602 10456 10602 10601 10457 10458 10603 10457 10603 10602 10458 10459 10604 10458 10604 10603 10459 10460 10605 10459 10605 10604 10460 10461 10606 10460 10606 10605 10461 10462 10607 10461 10607 10606 10462 10463 10608 10462 10608 10607 10463 10464 10609 10463 10609 10608 10464 10465 10610 10464 10610 10609 10465 10466 10611 10465 10611 10610 10466 10467 10612 10466 10612 10611 10467 10468 10613 10467 10613 10612 10468 10469 10614 10468 10614 10613 10469 10470 10615 10469 10615 10614 10470 10471 10616 10470 10616 10615 10471 10472 10617 10471 10617 10616 10472 10473 10618 10472 10618 10617 10473 10474 10619 10473 10619 10618 10474 10475 10620 10474 10620 10619 10475 10476 10621 10475 10621 10620 10476 10477 10622 10476 10622 10621 10477 10478 10623 10477 10623 10622 10478 10479 10624 10478 10624 10623 10479 10480 10625 10479 10625 10624 10480 10481 10626 10480 10626 10625 10481 10482 10627 10481 10627 10626 10482 10483 10628 10482 10628 10627 10483 10484 10629 10483 10629 10628 10484 10485 10630 10484 10630 10629 10485 10486 10631 10485 10631 10630 10486 10487 10632 10486 10632 10631 10487 10488 10633 10487 10633 10632 10488 10489 10634 10488 10634 10633 10489 10490 10635 10489 10635 10634 10490 10491 10636 10490 10636 10635 10491 10492 10637 10491 10637 10636 10492 10493 10638 10492 10638 10637 10493 10494 10639 10493 10639 10638 10494 10495 10640 10494 10640 10639 10495 10496 10641 10495 10641 10640 10496 10497 10642 10496 10642 10641 10497 10498 10643 10497 10643 10642 10498 10499 10644 10498 10644 10643 10499 10500 10645 10499 10645 10644 10500 10501 10646 10500 10646 10645 10501 10502 10647 10501 10647 10646 10502 10503 10648 10502 10648 10647 10503 10504 10649 10503 10649 10648 10504 10505 10650 10504 10650 10649 10505 10506 10651 10505 10651 10650 10506 10507 10652 10506 10652 10651 10507 10508 10653 10507 10653 10652 10508 10509 10654 10508 10654 10653 10509 10510 10655 10509 10655 10654 10510 10511 10656 10510 10656 10655 10511 10512 10657 10511 10657 10656 10512 10513 10658 10512 10658 10657 10513 10514 10659 10513 10659 10658 10514 10515 10660 10514 10660 10659 10515 10516 10661 10515 10661 10660 10516 10517 10662 10516 10662 10661 10517 10518 10663 10517 10663 10662 10518 10519 10664 10518 10664 10663 10519 10520 10665 10519 10665 10664 10520 10521 10666 10520 10666 10665 10521 10522 10667 10521 10667 10666 10522 10523 10668 10522 10668 10667 10523 10524 10669 10523 10669 10668 10524 10525 10670 10524 10670 10669 10525 10526 10671 10525 10671 10670 10526 10527 10672 10526 10672 10671 10527 10528 10673 10527 10673 10672 10528 10529 10674 10528 10674 10673 10529 10530 10675 10529 10675 10674 10530 10531 10676 10530 10676 10675 10531 10532 10677 10531 10677 10676 10532 10533 10678 10532 10678 10677 10533 10534 10679 10533 10679 10678 10534 10535 10680 10534 10680 10679 10535 10536 10681 10535 10681 10680 10536 10537 10682 10536 10682 10681 10537 10538 10683 10537 10683 10682 10538 10539 10684 10538 10684 10683 10539 10540 10685 10539 10685 10684 10540 10541 10686 10540 10686 10685 10541 10542 10687 10541 10687 10686 10542 10543 10688 10542 10688 10687 10543 10544 10689 10543 10689 10688 10544 10545 10690 10544 10690 10689 10545 10546 10691 10545 10691 10690 10546 10547 10692 10546 10692 10691 10547 10548 10693 10547 10693 10692 10548 10549 10694 10548 10694 10693 10549 10550 10695 10549 10695 10694 10550 10551 10696 10550 10696 10695 10551 10552 10697 10551 10697 10696 10552 10553 10698 10552 10698 10697 10553 10554 10699 10553 10699 10698 10554 10555 10700 10554 10700 10699 10555 10556 10701 10555 10701 10700 10556 10557 10702 10556 10702 10701 10557 10558 10703 10557 10703 10702 10558 10559 10704 10558 10704 10703 10559 10560 10705 10559 10705 10704 10560 10561 10706 10560 10706 10705 10561 10562 10707 10561 10707 10706 10562 10563 10708 10562 10708 10707 10563 10564 10709 10563 10709 10708 10564 10565 10710 10564 10710 10709 10565 10566 10711 10565 10711 10710 10566 10567 10712 10566 10712 10711 10567 10568 10713 10567 10713 10712 10570 10569 10714 10570 10714 10715 10569 10571 10716 10569 10716 10714 10571 10572 10717 10571 10717 10716 10572 10573 10718 10572 10718 10717 10573 10574 10719 10573 10719 10718 10574 10575 10720 10574 10720 10719 10575 10576 10721 10575 10721 10720 10576 10577 10722 10576 10722 10721 10577 10578 10723 10577 10723 10722 10578 10579 10724 10578 10724 10723 10579 10580 10725 10579 10725 10724 10580 10581 10726 10580 10726 10725 10581 10582 10727 10581 10727 10726 10582 10583 10728 10582 10728 10727 10583 10584 10729 10583 10729 10728 10584 10585 10730 10584 10730 10729 10585 10586 10731 10585 10731 10730 10586 10587 10732 10586 10732 10731 10587 10588 10733 10587 10733 10732 10588 10589 10734 10588 10734 10733 10589 10590 10735 10589 10735 10734 10590 10591 10736 10590 10736 10735 10591 10592 10737 10591 10737 10736 10592 10593 10738 10592 10738 10737 10593 10594 10739 10593 10739 10738 10594 10595 10740 10594 10740 10739 10595 10596 10741 10595 10741 10740 10596 10597 10742 10596 10742 10741 10597 10598 10743 10597 10743 10742 10598 10599 10744 10598 10744 10743 10599 10600 10745 10599 10745 10744 10600 10601 10746 10600 10746 10745 10601 10602 10747 10601 10747 10746 10602 10603 10748 10602 10748 10747 10603 10604 10749 10603 10749 10748 10604 10605 10750 10604 10750 10749 10605 10606 10751 10605 10751 10750 10606 10607 10752 10606 10752 10751 10607 10608 10753 10607 10753 10752 10608 10609 10754 10608 10754 10753 10609 10610 10755 10609 10755 10754 10610 10611 10756 10610 10756 10755 10611 10612 10757 10611 10757 10756 10612 10613 10758 10612 10758 10757 10613 10614 10759 10613 10759 10758 10614 10615 10760 10614 10760 10759 10615 10616 10761 10615 10761 10760 10616 10617 10762 10616 10762 10761 10617 10618 10763 10617 10763 10762 10618 10619 10764 10618 10764 10763 10619 10620 10765 10619 10765 10764 10620 10621 10766 10620 10766 10765 10621 10622 10767 10621 10767 10766 10622 10623 10768 10622 10768 10767 10623 10624 10769 10623 10769 10768 10624 10625 10770 10624 10770 10769 10625 10626 10771 10625 10771 10770 10626 10627 10772 10626 10772 10771 10627 10628 10773 10627 10773 10772 10628 10629 10774 10628 10774 10773 10629 10630 10775 10629 10775 10774 10630 10631 10776 10630 10776 10775 10631 10632 10777 10631 10777 10776 10632 10633 10778 10632 10778 10777 10633 10634 10779 10633 10779 10778 10634 10635 10780 10634 10780 10779 10635 10636 10781 10635 10781 10780 10636 10637 10782 10636 10782 10781 10637 10638 10783 10637 10783 10782 10638 10639 10784 10638 10784 10783 10639 10640 10785 10639 10785 10784 10640 10641 10786 10640 10786 10785 10641 10642 10787 10641 10787 10786 10642 10643 10788 10642 10788 10787 10643 10644 10789 10643 10789 10788 10644 10645 10790 10644 10790 10789 10645 10646 10791 10645 10791 10790 10646 10647 10792 10646 10792 10791 10647 10648 10793 10647 10793 10792 10648 10649 10794 10648 10794 10793 10649 10650 10795 10649 10795 10794 10650 10651 10796 10650 10796 10795 10651 10652 10797 10651 10797 10796 10652 10653 10798 10652 10798 10797 10653 10654 10799 10653 10799 10798 10654 10655 10800 10654 10800 10799 10655 10656 10801 10655 10801 10800 10656 10657 10802 10656 10802 10801 10657 10658 10803 10657 10803 10802 10658 10659 10804 10658 10804 10803 10659 10660 10805 10659 10805 10804 10660 10661 10806 10660 10806 10805 10661 10662 10807 10661 10807 10806 10662 10663 10808 10662 10808 10807 10663 10664 10809 10663 10809 10808 10664 10665 10810 10664 10810 10809 10665 10666 10811 10665 10811 10810 10666 10667 10812 10666 10812 10811 10667 10668 10813 10667 10813 10812 10668 10669 10814 10668 10814 10813 10669 10670 10815 10669 10815 10814 10670 10671 10816 10670 10816 10815 10671 10672 10817 10671 10817 10816 10672 10673 10818 10672 10818 10817 10673 10674 10819 10673 10819 10818 10674 10675 10820 10674 10820 10819 10675 10676 10821 10675 10821 10820 10676 10677 10822 10676 10822 10821 10677 10678 10823 10677 10823 10822 10678 10679 10824 10678 10824 10823 10679 10680 10825 10679 10825 10824 10680 10681 10826 10680 10826 10825 10681 10682 10827 10681 10827 10826 10682 10683 10828 10682 10828 10827 10683 10684 10829 10683 10829 10828 10684 10685 10830 10684 10830 10829 10685 10686 10831 10685 10831 10830 10686 10687 10832 10686 10832 10831 10687 10688 10833 10687 10833 10832 10688 10689 10834 10688 10834 10833 10689 10690 10835 10689 10835 10834 10690 10691 10836 10690 10836 10835 10691 10692 10837 10691 10837 10836 10692 10693 10838 10692 10838 10837 10693 10694 10839 10693 10839 10838 10694 10695 10840 10694 10840 10839 10695 10696 10841 10695 10841 10840 10696 10697 10842 10696 10842 10841 10697 10698 10843 10697 10843 10842 10698 10699 10844 10698 10844 10843 10699 10700 10845 10699 10845 10844 10700 10701 10846 10700 10846 10845 10701 10702 10847 10701 10847 10846 10702 10703 10848 10702 10848 10847 10703 10704 10849 10703 10849 10848 10704 10705 10850 10704 10850 10849 10705 10706 10851 10705 10851 10850 10706 10707 10852 10706 10852 10851 10707 10708 10853 10707 10853 10852 10708 10709 10854 10708 10854 10853 10709 10710 10855 10709 10855 10854 10710 10711 10856 10710 10856 10855 10711 10712 10857 10711 10857 10856 10712 10713 10858 10712 10858 10857 10715 10714 10859 10715 10859 10860 10714 10716 10861 10714 10861 10859 10716 10717 10862 10716 10862 10861 10717 10718 10863 10717 10863 10862 10718 10719 10864 10718 10864 10863 10719 10720 10865 10719 10865 10864 10720 10721 10866 10720 10866 10865 10721 10722 10867 10721 10867 10866 10722 10723 10868 10722 10868 10867 10723 10724 10869 10723 10869 10868 10724 10725 10870 10724 10870 10869 10725 10726 10871 10725 10871 10870 10726 10727 10872 10726 10872 10871 10727 10728 10873 10727 10873 10872 10728 10729 10874 10728 10874 10873 10729 10730 10875 10729 10875 10874 10730 10731 10876 10730 10876 10875 10731 10732 10877 10731 10877 10876 10732 10733 10878 10732 10878 10877 10733 10734 10879 10733 10879 10878 10734 10735 10880 10734 10880 10879 10735 10736 10881 10735 10881 10880 10736 10737 10882 10736 10882 10881 10737 10738 10883 10737 10883 10882 10738 10739 10884 10738 10884 10883 10739 10740 10885 10739 10885 10884 10740 10741 10886 10740 10886 10885 10741 10742 10887 10741 10887 10886 10742 10743 10888 10742 10888 10887 10743 10744 10889 10743 10889 10888 10744 10745 10890 10744 10890 10889 10745 10746 10891 10745 10891 10890 10746 10747 10892 10746 10892 10891 10747 10748 10893 10747 10893 10892 10748 10749 10894 10748 10894 10893 10749 10750 10895 10749 10895 10894 10750 10751 10896 10750 10896 10895 10751 10752 10897 10751 10897 10896 10752 10753 10898 10752 10898 10897 10753 10754 10899 10753 10899 10898 10754 10755 10900 10754 10900 10899 10755 10756 10901 10755 10901 10900 10756 10757 10902 10756 10902 10901 10757 10758 10903 10757 10903 10902 10758 10759 10904 10758 10904 10903 10759 10760 10905 10759 10905 10904 10760 10761 10906 10760 10906 10905 10761 10762 10907 10761 10907 10906 10762 10763 10908 10762 10908 10907 10763 10764 10909 10763 10909 10908 10764 10765 10910 10764 10910 10909 10765 10766 10911 10765 10911 10910 10766 10767 10912 10766 10912 10911 10767 10768 10913 10767 10913 10912 10768 10769 10914 10768 10914 10913 10769 10770 10915 10769 10915 10914 10770 10771 10916 10770 10916 10915 10771 10772 10917 10771 10917 10916 10772 10773 10918 10772 10918 10917 10773 10774 10919 10773 10919 10918 10774 10775 10920 10774 10920 10919 10775 10776 10921 10775 10921 10920 10776 10777 10922 10776 10922 10921 10777 10778 10923 10777 10923 10922 10778 10779 10924 10778 10924 10923 10779 10780 10925 10779 10925 10924 10780 10781 10926 10780 10926 10925 10781 10782 10927 10781 10927 10926 10782 10783 10928 10782 10928 10927 10783 10784 10929 10783 10929 10928 10784 10785 10930 10784 10930 10929 10785 10786 10931 10785 10931 10930 10786 10787 10932 10786 10932 10931 10787 10788 10933 10787 10933 10932 10788 10789 10934 10788 10934 10933 10789 10790 10935 10789 10935 10934 10790 10791 10936 10790 10936 10935 10791 10792 10937 10791 10937 10936 10792 10793 10938 10792 10938 10937 10793 10794 10939 10793 10939 10938 10794 10795 10940 10794 10940 10939 10795 10796 10941 10795 10941 10940 10796 10797 10942 10796 10942 10941 10797 10798 10943 10797 10943 10942 10798 10799 10944 10798 10944 10943 10799 10800 10945 10799 10945 10944 10800 10801 10946 10800 10946 10945 10801 10802 10947 10801 10947 10946 10802 10803 10948 10802 10948 10947 10803 10804 10949 10803 10949 10948 10804 10805 10950 10804 10950 10949 10805 10806 10951 10805 10951 10950 10806 10807 10952 10806 10952 10951 10807 10808 10953 10807 10953 10952 10808 10809 10954 10808 10954 10953 10809 10810 10955 10809 10955 10954 10810 10811 10956 10810 10956 10955 10811 10812 10957 10811 10957 10956 10812 10813 10958 10812 10958 10957 10813 10814 10959 10813 10959 10958 10814 10815 10960 10814 10960 10959 10815 10816 10961 10815 10961 10960 10816 10817 10962 10816 10962 10961 10817 10818 10963 10817 10963 10962 10818 10819 10964 10818 10964 10963 10819 10820 10965 10819 10965 10964 10820 10821 10966 10820 10966 10965 10821 10822 10967 10821 10967 10966 10822 10823 10968 10822 10968 10967 10823 10824 10969 10823 10969 10968 10824 10825 10970 10824 10970 10969 10825 10826 10971 10825 10971 10970 10826 10827 10972 10826 10972 10971 10827 10828 10973 10827 10973 10972 10828 10829 10974 10828 10974 10973 10829 10830 10975 10829 10975 10974 10830 10831 10976 10830 10976 10975 10831 10832 10977 10831 10977 10976 10832 10833 10978 10832 10978 10977 10833 10834 10979 10833 10979 10978 10834 10835 10980 10834 10980 10979 10835 10836 10981 10835 10981 10980 10836 10837 10982 10836 10982 10981 10837 10838 10983 10837 10983 10982 10838 10839 10984 10838 10984 10983 10839 10840 10985 10839 10985 10984 10840 10841 10986 10840 10986 10985 10841 10842 10987 10841 10987 10986 10842 10843 10988 10842 10988 10987 10843 10844 10989 10843 10989 10988 10844 10845 10990 10844 10990 10989 10845 10846 10991 10845 10991 10990 10846 10847 10992 10846 10992 10991 10847 10848 10993 10847 10993 10992 10848 10849 10994 10848 10994 10993 10849 10850 10995 10849 10995 10994 10850 10851 10996 10850 10996 10995 10851 10852 10997 10851 10997 10996 10852 10853 10998 10852 10998 10997 10853 10854 10999 10853 10999 10998 10854 10855 11000 10854 11000 10999 10855 10856 11001 10855 11001 11000 10856 10857 11002 10856 11002 11001 10857 10858 11003 10857 11003 11002 10860 10859 11004 10860 11004 11005 10859 10861 11006 10859 11006 11004 10861 10862 11007 10861 11007 11006 10862 10863 11008 10862 11008 11007 10863 10864 11009 10863 11009 11008 10864 10865 11010 10864 11010 11009 10865 10866 11011 10865 11011 11010 10866 10867 11012 10866 11012 11011 10867 10868 11013 10867 11013 11012 10868 10869 11014 10868 11014 11013 10869 10870 11015 10869 11015 11014 10870 10871 11016 10870 11016 11015 10871 10872 11017 10871 11017 11016 10872 10873 11018 10872 11018 11017 10873 10874 11019 10873 11019 11018 10874 10875 11020 10874 11020 11019 10875 10876 11021 10875 11021 11020 10876 10877 11022 10876 11022 11021 10877 10878 11023 10877 11023 11022 10878 10879 11024 10878 11024 11023 10879 10880 11025 10879 11025 11024 10880 10881 11026 10880 11026 11025 10881 10882 11027 10881 11027 11026 10882 10883 11028 10882 11028 11027 10883 10884 11029 10883 11029 11028 10884 10885 11030 10884 11030 11029 10885 10886 11031 10885 11031 11030 10886 10887 11032 10886 11032 11031 10887 10888 11033 10887 11033 11032 10888 10889 11034 10888 11034 11033 10889 10890 11035 10889 11035 11034 10890 10891 11036 10890 11036 11035 10891 10892 11037 10891 11037 11036 10892 10893 11038 10892 11038 11037 10893 10894 11039 10893 11039 11038 10894 10895 11040 10894 11040 11039 10895 10896 11041 10895 11041 11040 10896 10897 11042 10896 11042 11041 10897 10898 11043 10897 11043 11042 10898 10899 11044 10898 11044 11043 10899 10900 11045 10899 11045 11044 10900 10901 11046 10900 11046 11045 10901 10902 11047 10901 11047 11046 10902 10903 11048 10902 11048 11047 10903 10904 11049 10903 11049 11048 10904 10905 11050 10904 11050 11049 10905 10906 11051 10905 11051 11050 10906 10907 11052 10906 11052 11051 10907 10908 11053 10907 11053 11052 10908 10909 11054 10908 11054 11053 10909 10910 11055 10909 11055 11054 10910 10911 11056 10910 11056 11055 10911 10912 11057 10911 11057 11056 10912 10913 11058 10912 11058 11057 10913 10914 11059 10913 11059 11058 10914 10915 11060 10914 11060 11059 10915 10916 11061 10915 11061 11060 10916 10917 11062 10916 11062 11061 10917 10918 11063 10917 11063 11062 10918 10919 11064 10918 11064 11063 10919 10920 11065 10919 11065 11064 10920 10921 11066 10920 11066 11065 10921 10922 11067 10921 11067 11066 10922 10923 11068 10922 11068 11067 10923 10924 11069 10923 11069 11068 10924 10925 11070 10924 11070 11069 10925 10926 11071 10925 11071 11070 10926 10927 11072 10926 11072 11071 10927 10928 11073 10927 11073 11072 10928 10929 11074 10928 11074 11073 10929 10930 11075 10929 11075 11074 10930 10931 11076 10930 11076 11075 10931 10932 11077 10931 11077 11076 10932 10933 11078 10932 11078 11077 10933 10934 11079 10933 11079 11078 10934 10935 11080 10934 11080 11079 10935 10936 11081 10935 11081 11080 10936 10937 11082 10936 11082 11081 10937 10938 11083 10937 11083 11082 10938 10939 11084 10938 11084 11083 10939 10940 11085 10939 11085 11084 10940 10941 11086 10940 11086 11085 10941 10942 11087 10941 11087 11086 10942 10943 11088 10942 11088 11087 10943 10944 11089 10943 11089 11088 10944 10945 11090 10944 11090 11089 10945 10946 11091 10945 11091 11090 10946 10947 11092 10946 11092 11091 10947 10948 11093 10947 11093 11092 10948 10949 11094 10948 11094 11093 10949 10950 11095 10949 11095 11094 10950 10951 11096 10950 11096 11095 10951 10952 11097 10951 11097 11096 10952 10953 11098 10952 11098 11097 10953 10954 11099 10953 11099 11098 10954 10955 11100 10954 11100 11099 10955 10956 11101 10955 11101 11100 10956 10957 11102 10956 11102 11101 10957 10958 11103 10957 11103 11102 10958 10959 11104 10958 11104 11103 10959 10960 11105 10959 11105 11104 10960 10961 11106 10960 11106 11105 10961 10962 11107 10961 11107 11106 10962 10963 11108 10962 11108 11107 10963 10964 11109 10963 11109 11108 10964 10965 11110 10964 11110 11109 10965 10966 11111 10965 11111 11110 10966 10967 11112 10966 11112 11111 10967 10968 11113 10967 11113 11112 10968 10969 11114 10968 11114 11113 10969 10970 11115 10969 11115 11114 10970 10971 11116 10970 11116 11115 10971 10972 11117 10971 11117 11116 10972 10973 11118 10972 11118 11117 10973 10974 11119 10973 11119 11118 10974 10975 11120 10974 11120 11119 10975 10976 11121 10975 11121 11120 10976 10977 11122 10976 11122 11121 10977 10978 11123 10977 11123 11122 10978 10979 11124 10978 11124 11123 10979 10980 11125 10979 11125 11124 10980 10981 11126 10980 11126 11125 10981 10982 11127 10981 11127 11126 10982 10983 11128 10982 11128 11127 10983 10984 11129 10983 11129 11128 10984 10985 11130 10984 11130 11129 10985 10986 11131 10985 11131 11130 10986 10987 11132 10986 11132 11131 10987 10988 11133 10987 11133 11132 10988 10989 11134 10988 11134 11133 10989 10990 11135 10989 11135 11134 10990 10991 11136 10990 11136 11135 10991 10992 11137 10991 11137 11136 10992 10993 11138 10992 11138 11137 10993 10994 11139 10993 11139 11138 10994 10995 11140 10994 11140 11139 10995 10996 11141 10995 11141 11140 10996 10997 11142 10996 11142 11141 10997 10998 11143 10997 11143 11142 10998 10999 11144 10998 11144 11143 10999 11000 11145 10999 11145 11144 11000 11001 11146 11000 11146 11145 11001 11002 11147 11001 11147 11146 11002 11003 11148 11002 11148 11147 11005 11004 11149 11005 11149 11150 11004 11006 11151 11004 11151 11149 11006 11007 11152 11006 11152 11151 11007 11008 11153 11007 11153 11152 11008 11009 11154 11008 11154 11153 11009 11010 11155 11009 11155 11154 11010 11011 11156 11010 11156 11155 11011 11012 11157 11011 11157 11156 11012 11013 11158 11012 11158 11157 11013 11014 11159 11013 11159 11158 11014 11015 11160 11014 11160 11159 11015 11016 11161 11015 11161 11160 11016 11017 11162 11016 11162 11161 11017 11018 11163 11017 11163 11162 11018 11019 11164 11018 11164 11163 11019 11020 11165 11019 11165 11164 11020 11021 11166 11020 11166 11165 11021 11022 11167 11021 11167 11166 11022 11023 11168 11022 11168 11167 11023 11024 11169 11023 11169 11168 11024 11025 11170 11024 11170 11169 11025 11026 11171 11025 11171 11170 11026 11027 11172 11026 11172 11171 11027 11028 11173 11027 11173 11172 11028 11029 11174 11028 11174 11173 11029 11030 11175 11029 11175 11174 11030 11031 11176 11030 11176 11175 11031 11032 11177 11031 11177 11176 11032 11033 11178 11032 11178 11177 11033 11034 11179 11033 11179 11178 11034 11035 11180 11034 11180 11179 11035 11036 11181 11035 11181 11180 11036 11037 11182 11036 11182 11181 11037 11038 11183 11037 11183 11182 11038 11039 11184 11038 11184 11183 11039 11040 11185 11039 11185 11184 11040 11041 11186 11040 11186 11185 11041 11042 11187 11041 11187 11186 11042 11043 11188 11042 11188 11187 11043 11044 11189 11043 11189 11188 11044 11045 11190 11044 11190 11189 11045 11046 11191 11045 11191 11190 11046 11047 11192 11046 11192 11191 11047 11048 11193 11047 11193 11192 11048 11049 11194 11048 11194 11193 11049 11050 11195 11049 11195 11194 11050 11051 11196 11050 11196 11195 11051 11052 11197 11051 11197 11196 11052 11053 11198 11052 11198 11197 11053 11054 11199 11053 11199 11198 11054 11055 11200 11054 11200 11199 11055 11056 11201 11055 11201 11200 11056 11057 11202 11056 11202 11201 11057 11058 11203 11057 11203 11202 11058 11059 11204 11058 11204 11203 11059 11060 11205 11059 11205 11204 11060 11061 11206 11060 11206 11205 11061 11062 11207 11061 11207 11206 11062 11063 11208 11062 11208 11207 11063 11064 11209 11063 11209 11208 11064 11065 11210 11064 11210 11209 11065 11066 11211 11065 11211 11210 11066 11067 11212 11066 11212 11211 11067 11068 11213 11067 11213 11212 11068 11069 11214 11068 11214 11213 11069 11070 11215 11069 11215 11214 11070 11071 11216 11070 11216 11215 11071 11072 11217 11071 11217 11216 11072 11073 11218 11072 11218 11217 11073 11074 11219 11073 11219 11218 11074 11075 11220 11074 11220 11219 11075 11076 11221 11075 11221 11220 11076 11077 11222 11076 11222 11221 11077 11078 11223 11077 11223 11222 11078 11079 11224 11078 11224 11223 11079 11080 11225 11079 11225 11224 11080 11081 11226 11080 11226 11225 11081 11082 11227 11081 11227 11226 11082 11083 11228 11082 11228 11227 11083 11084 11229 11083 11229 11228 11084 11085 11230 11084 11230 11229 11085 11086 11231 11085 11231 11230 11086 11087 11232 11086 11232 11231 11087 11088 11233 11087 11233 11232 11088 11089 11234 11088 11234 11233 11089 11090 11235 11089 11235 11234 11090 11091 11236 11090 11236 11235 11091 11092 11237 11091 11237 11236 11092 11093 11238 11092 11238 11237 11093 11094 11239 11093 11239 11238 11094 11095 11240 11094 11240 11239 11095 11096 11241 11095 11241 11240 11096 11097 11242 11096 11242 11241 11097 11098 11243 11097 11243 11242 11098 11099 11244 11098 11244 11243 11099 11100 11245 11099 11245 11244 11100 11101 11246 11100 11246 11245 11101 11102 11247 11101 11247 11246 11102 11103 11248 11102 11248 11247 11103 11104 11249 11103 11249 11248 11104 11105 11250 11104 11250 11249 11105 11106 11251 11105 11251 11250 11106 11107 11252 11106 11252 11251 11107 11108 11253 11107 11253 11252 11108 11109 11254 11108 11254 11253 11109 11110 11255 11109 11255 11254 11110 11111 11256 11110 11256 11255 11111 11112 11257 11111 11257 11256 11112 11113 11258 11112 11258 11257 11113 11114 11259 11113 11259 11258 11114 11115 11260 11114 11260 11259 11115 11116 11261 11115 11261 11260 11116 11117 11262 11116 11262 11261 11117 11118 11263 11117 11263 11262 11118 11119 11264 11118 11264 11263 11119 11120 11265 11119 11265 11264 11120 11121 11266 11120 11266 11265 11121 11122 11267 11121 11267 11266 11122 11123 11268 11122 11268 11267 11123 11124 11269 11123 11269 11268 11124 11125 11270 11124 11270 11269 11125 11126 11271 11125 11271 11270 11126 11127 11272 11126 11272 11271 11127 11128 11273 11127 11273 11272 11128 11129 11274 11128 11274 11273 11129 11130 11275 11129 11275 11274 11130 11131 11276 11130 11276 11275 11131 11132 11277 11131 11277 11276 11132 11133 11278 11132 11278 11277 11133 11134 11279 11133 11279 11278 11134 11135 11280 11134 11280 11279 11135 11136 11281 11135 11281 11280 11136 11137 11282 11136 11282 11281 11137 11138 11283 11137 11283 11282 11138 11139 11284 11138 11284 11283 11139 11140 11285 11139 11285 11284 11140 11141 11286 11140 11286 11285 11141 11142 11287 11141 11287 11286 11142 11143 11288 11142 11288 11287 11143 11144 11289 11143 11289 11288 11144 11145 11290 11144 11290 11289 11145 11146 11291 11145 11291 11290 11146 11147 11292 11146 11292 11291 11147 11148 11293 11147 11293 11292 11150 11149 11294 11150 11294 11295 11149 11151 11296 11149 11296 11294 11151 11152 11297 11151 11297 11296 11152 11153 11298 11152 11298 11297 11153 11154 11299 11153 11299 11298 11154 11155 11300 11154 11300 11299 11155 11156 11301 11155 11301 11300 11156 11157 11302 11156 11302 11301 11157 11158 11303 11157 11303 11302 11158 11159 11304 11158 11304 11303 11159 11160 11305 11159 11305 11304 11160 11161 11306 11160 11306 11305 11161 11162 11307 11161 11307 11306 11162 11163 11308 11162 11308 11307 11163 11164 11309 11163 11309 11308 11164 11165 11310 11164 11310 11309 11165 11166 11311 11165 11311 11310 11166 11167 11312 11166 11312 11311 11167 11168 11313 11167 11313 11312 11168 11169 11314 11168 11314 11313 11169 11170 11315 11169 11315 11314 11170 11171 11316 11170 11316 11315 11171 11172 11317 11171 11317 11316 11172 11173 11318 11172 11318 11317 11173 11174 11319 11173 11319 11318 11174 11175 11320 11174 11320 11319 11175 11176 11321 11175 11321 11320 11176 11177 11322 11176 11322 11321 11177 11178 11323 11177 11323 11322 11178 11179 11324 11178 11324 11323 11179 11180 11325 11179 11325 11324 11180 11181 11326 11180 11326 11325 11181 11182 11327 11181 11327 11326 11182 11183 11328 11182 11328 11327 11183 11184 11329 11183 11329 11328 11184 11185 11330 11184 11330 11329 11185 11186 11331 11185 11331 11330 11186 11187 11332 11186 11332 11331 11187 11188 11333 11187 11333 11332 11188 11189 11334 11188 11334 11333 11189 11190 11335 11189 11335 11334 11190 11191 11336 11190 11336 11335 11191 11192 11337 11191 11337 11336 11192 11193 11338 11192 11338 11337 11193 11194 11339 11193 11339 11338 11194 11195 11340 11194 11340 11339 11195 11196 11341 11195 11341 11340 11196 11197 11342 11196 11342 11341 11197 11198 11343 11197 11343 11342 11198 11199 11344 11198 11344 11343 11199 11200 11345 11199 11345 11344 11200 11201 11346 11200 11346 11345 11201 11202 11347 11201 11347 11346 11202 11203 11348 11202 11348 11347 11203 11204 11349 11203 11349 11348 11204 11205 11350 11204 11350 11349 11205 11206 11351 11205 11351 11350 11206 11207 11352 11206 11352 11351 11207 11208 11353 11207 11353 11352 11208 11209 11354 11208 11354 11353 11209 11210 11355 11209 11355 11354 11210 11211 11356 11210 11356 11355 11211 11212 11357 11211 11357 11356 11212 11213 11358 11212 11358 11357 11213 11214 11359 11213 11359 11358 11214 11215 11360 11214 11360 11359 11215 11216 11361 11215 11361 11360 11216 11217 11362 11216 11362 11361 11217 11218 11363 11217 11363 11362 11218 11219 11364 11218 11364 11363 11219 11220 11365 11219 11365 11364 11220 11221 11366 11220 11366 11365 11221 11222 11367 11221 11367 11366 11222 11223 11368 11222 11368 11367 11223 11224 11369 11223 11369 11368 11224 11225 11370 11224 11370 11369 11225 11226 11371 11225 11371 11370 11226 11227 11372 11226 11372 11371 11227 11228 11373 11227 11373 11372 11228 11229 11374 11228 11374 11373 11229 11230 11375 11229 11375 11374 11230 11231 11376 11230 11376 11375 11231 11232 11377 11231 11377 11376 11232 11233 11378 11232 11378 11377 11233 11234 11379 11233 11379 11378 11234 11235 11380 11234 11380 11379 11235 11236 11381 11235 11381 11380 11236 11237 11382 11236 11382 11381 11237 11238 11383 11237 11383 11382 11238 11239 11384 11238 11384 11383 11239 11240 11385 11239 11385 11384 11240 11241 11386 11240 11386 11385 11241 11242 11387 11241 11387 11386 11242 11243 11388 11242 11388 11387 11243 11244 11389 11243 11389 11388 11244 11245 11390 11244 11390 11389 11245 11246 11391 11245 11391 11390 11246 11247 11392 11246 11392 11391 11247 11248 11393 11247 11393 11392 11248 11249 11394 11248 11394 11393 11249 11250 11395 11249 11395 11394 11250 11251 11396 11250 11396 11395 11251 11252 11397 11251 11397 11396 11252 11253 11398 11252 11398 11397 11253 11254 11399 11253 11399 11398 11254 11255 11400 11254 11400 11399 11255 11256 11401 11255 11401 11400 11256 11257 11402 11256 11402 11401 11257 11258 11403 11257 11403 11402 11258 11259 11404 11258 11404 11403 11259 11260 11405 11259 11405 11404 11260 11261 11406 11260 11406 11405 11261 11262 11407 11261 11407 11406 11262 11263 11408 11262 11408 11407 11263 11264 11409 11263 11409 11408 11264 11265 11410 11264 11410 11409 11265 11266 11411 11265 11411 11410 11266 11267 11412 11266 11412 11411 11267 11268 11413 11267 11413 11412 11268 11269 11414 11268 11414 11413 11269 11270 11415 11269 11415 11414 11270 11271 11416 11270 11416 11415 11271 11272 11417 11271 11417 11416 11272 11273 11418 11272 11418 11417 11273 11274 11419 11273 11419 11418 11274 11275 11420 11274 11420 11419 11275 11276 11421 11275 11421 11420 11276 11277 11422 11276 11422 11421 11277 11278 11423 11277 11423 11422 11278 11279 11424 11278 11424 11423 11279 11280 11425 11279 11425 11424 11280 11281 11426 11280 11426 11425 11281 11282 11427 11281 11427 11426 11282 11283 11428 11282 11428 11427 11283 11284 11429 11283 11429 11428 11284 11285 11430 11284 11430 11429 11285 11286 11431 11285 11431 11430 11286 11287 11432 11286 11432 11431 11287 11288 11433 11287 11433 11432 11288 11289 11434 11288 11434 11433 11289 11290 11435 11289 11435 11434 11290 11291 11436 11290 11436 11435 11291 11292 11437 11291 11437 11436 11292 11293 11438 11292 11438 11437</p></triangles>
<triangles material="m-t_road" count="2461"><input semantic="VERTEX" source="#geo0-vtx" offset="0"/><p>6 11439 250 6 250 7 11439 11440 252 11439 252 250 11440 11441 11442 11440 11442 252 11441 11443 11444 11441 11444 11442 11443 11445 11446 11443 11446 11444 11445 11447 11448 11445 11448 11446 11447 11449 11450 11447 11450 11448 11449 11451 11452 11449 11452 11450 11451 11453 11454 11451 11454 11452 11453 11455 11456 11453 11456 11454 11455 11457 11458 11455 11458 11456 11457 11459 11460 11457 11460 11458 11459 11461 11462 11459 11462 11460 11461 11463 11464 11461 11464 11462 11463 11465 11466 11463 11466 11464 11465 11467 11468 11465 11468 11466 11467 11469 11470 11467 11470 11468 11469 11471 11472 11469 11472 11470 11471 11473 11474 11471 11474 11472 11473 11475 11476 11473 11476 11474 11475 11477 11478 11475 11478 11476 11477 11479 11480 11477 11480 11478 11479 8 11 11479 11 11480 252 11442 377 252 377 253 11442 11444 379 11442 379 377 11444 11446 11481 11444 11481 379 11446 11448 11482 11446 11482 11481 11448 11450 11483 11448 11483 11482 11450 11452 11484 11450 11484 11483 11452 11454 11485 11452 11485 11484 11454 11456 11486 11454 11486 11485 11456 11458 11487 11456 11487 11486 11458 11460 11488 11458 11488 11487 11460 11462 11489 11460 11489 11488 11462 11464 11490 11462 11490 11489 11464 11466 11491 11464 11491 11490 11466 11468 11492 11466 11492 11491 11468 11470 11493 11468 11493 11492 11470 11472 11494 11470 11494 11493 11472 11474 11495 11472 11495 11494 11474 11476 11496 11474 11496 11495 11476 11478 11497 11476 11497 11496 11478 11480 11498 11478 11498 11497 11480 11 11499 11480 11499 11498 11 10 11500 11 11500 11499 10 13 255 10 255 11500 379 11481 504 379 504 380 11481 11482 506 11481 506 504 11482 11483 11501 11482 11501 506 11483 11484 11502 11483 11502 11501 11484 11485 11503 11484 11503 11502 11485 11486 11504 11485 11504 11503 11486 11487 11505 11486 11505 11504 11487 11488 11506 11487 11506 11505 11488 11489 11507 11488 11507 11506 11489 11490 11508 11489 11508 11507 11490 11491 11509 11490 11509 11508 11491 11492 11510 11491 11510 11509 11492 11493 11511 11492 11511 11510 11493 11494 11512 11493 11512 11511 11494 11495 11513 11494 11513 11512 11495 11496 11514 11495 11514 11513 11496 11497 11515 11496 11515 11514 11497 11498 11516 11497 11516 11515 11498 11499 11517 11498 11517 11516 11499 11500 11518 11499 11518 11517 11500 255 11519 11500 11519 11518 255 254 11520 255 11520 11519 254 256 382 254 382 11520 506 11501 631 506 631 507 11501 11502 11521 11501 11521 631 11502 11503 11522 11502 11522 11521 11503 11504 11523 11503 11523 11522 11504 11505 11524 11504 11524 11523 11505 11506 11525 11505 11525 11524 11506 11507 11526 11506 11526 11525 11507 11508 11527 11507 11527 11526 11508 11509 11528 11508 11528 11527 11509 11510 11529 11509 11529 11528 11510 11511 11530 11510 11530 11529 11511 11512 11531 11511 11531 11530 11512 11513 11532 11512 11532 11531 11513 11514 11533 11513 11533 11532 11514 11515 11534 11514 11534 11533 11515 11516 11535 11515 11535 11534 11516 11517 11536 11516 11536 11535 11517 11518 11537 11517 11537 11536 11518 11519 11538 11518 11538 11537 11519 11520 11539 11519 11539 11538 11520 382 11540 11520 11540 11539 382 381 11541 382 11541 11540 381 383 509 381 509 11541 631 11521 755 631 755 632 11521 11522 757 11521 757 755 11522 11523 11542 11522 11542 757 11523 11524 11543 11523 11543 11542 11524 11525 11544 11524 11544 11543 11525 11526 11545 11525 11545 11544 11526 11527 11546 11526 11546 11545 11527 11528 11547 11527 11547 11546 11528 11529 11548 11528 11548 11547 11529 11530 11549 11529 11549 11548 11530 11531 11550 11530 11550 11549 11531 11532 11551 11531 11551 11550 11532 11533 11552 11532 11552 11551 11533 11534 11553 11533 11553 11552 11534 11535 11554 11534 11554 11553 11535 11536 11555 11535 11555 11554 11536 11537 11556 11536 11556 11555 11537 11538 11557 11537 11557 11556 11538 11539 11558 11538 11558 11557 11539 11540 11559 11539 11559 11558 11540 11541 11560 11540 11560 11559 11541 509 11561 11541 11561 11560 509 508 11562 509 11562 11561 508 510 634 508 634 11562 757 11542 882 757 882 758 11542 11543 884 11542 884 882 11543 11544 11563 11543 11563 884 11544 11545 11564 11544 11564 11563 11545 11546 11565 11545 11565 11564 11546 11547 11566 11546 11566 11565 11547 11548 11567 11547 11567 11566 11548 11549 11568 11548 11568 11567 11549 11550 11569 11549 11569 11568 11550 11551 11570 11550 11570 11569 11551 11552 11571 11551 11571 11570 11552 11553 11572 11552 11572 11571 11553 11554 11573 11553 11573 11572 11554 11555 11574 11554 11574 11573 11555 11556 11575 11555 11575 11574 11556 11557 11576 11556 11576 11575 11557 11558 11577 11557 11577 11576 11558 11559 11578 11558 11578 11577 11559 11560 11579 11559 11579 11578 11560 11561 11580 11560 11580 11579 11561 11562 11581 11561 11581 11580 11562 634 11582 11562 11582 11581 634 633 760 634 760 11582 884 11563 1009 884 1009 885 11563 11564 1011 11563 1011 1009 11564 11565 11583 11564 11583 1011 11565 11566 11584 11565 11584 11583 11566 11567 11585 11566 11585 11584 11567 11568 11586 11567 11586 11585 11568 11569 11587 11568 11587 11586 11569 11570 11588 11569 11588 11587 11570 11571 11589 11570 11589 11588 11571 11572 11590 11571 11590 11589 11572 11573 11591 11572 11591 11590 11573 11574 11592 11573 11592 11591 11574 11575 11593 11574 11593 11592 11575 11576 11594 11575 11594 11593 11576 11577 11595 11576 11595 11594 11577 11578 11596 11577 11596 11595 11578 11579 11597 11578 11597 11596 11579 11580 11598 11579 11598 11597 11580 11581 11599 11580 11599 11598 11581 11582 11600 11581 11600 11599 11582 760 11601 11582 11601 11600 760 759 11602 760 11602 11601 759 761 887 759 887 11602 1011 11583 1136 1011 1136 1012 11583 11584 1138 11583 1138 1136 11584 11585 11603 11584 11603 1138 11585 11586 11604 11585 11604 11603 11586 11587 11605 11586 11605 11604 11587 11588 11606 11587 11606 11605 11588 11589 11607 11588 11607 11606 11589 11590 11608 11589 11608 11607 11590 11591 11609 11590 11609 11608 11591 11592 11610 11591 11610 11609 11592 11593 11611 11592 11611 11610 11593 11594 11612 11593 11612 11611 11594 11595 11613 11594 11613 11612 11595 11596 11614 11595 11614 11613 11596 11597 11615 11596 11615 11614 11597 11598 11616 11597 11616 11615 11598 11599 11617 11598 11617 11616 11599 11600 11618 11599 11618 11617 11600 11601 11619 11600 11619 11618 11601 11602 11620 11601 11620 11619 11602 887 11621 11602 11621 11620 887 886 11622 887 11622 11621 886 888 1014 886 1014 11622 1138 11603 1263 1138 1263 1139 11603 11604 11623 11603 11623 1263 11604 11605 11624 11604 11624 11623 11605 11606 11625 11605 11625 11624 11606 11607 11626 11606 11626 11625 11607 11608 11627 11607 11627 11626 11608 11609 11628 11608 11628 11627 11609 11610 11629 11609 11629 11628 11610 11611 11630 11610 11630 11629 11611 11612 11631 11611 11631 11630 11612 11613 11632 11612 11632 11631 11613 11614 11633 11613 11633 11632 11614 11615 11634 11614 11634 11633 11615 11616 11635 11615 11635 11634 11616 11617 11636 11616 11636 11635 11617 11618 11637 11617 11637 11636 11618 11619 11638 11618 11638 11637 11619 11620 11639 11619 11639 11638 11620 11621 11640 11620 11640 11639 11621 11622 11641 11621 11641 11640 11622 1014 11642 11622 11642 11641 1014 1013 11643 1014 11643 11642 1013 1015 1141 1013 1141 11643 1263 11623 1387 1263 1387 1264 11623 11624 1389 11623 1389 1387 11624 11625 11644 11624 11644 1389 11625 11626 11645 11625 11645 11644 11626 11627 11646 11626 11646 11645 11627 11628 11647 11627 11647 11646 11628 11629 11648 11628 11648 11647 11629 11630 11649 11629 11649 11648 11630 11631 11650 11630 11650 11649 11631 11632 11651 11631 11651 11650 11632 11633 11652 11632 11652 11651 11633 11634 11653 11633 11653 11652 11634 11635 11654 11634 11654 11653 11635 11636 11655 11635 11655 11654 11636 11637 11656 11636 11656 11655 11637 11638 11657 11637 11657 11656 11638 11639 11658 11638 11658 11657 11639 11640 11659 11639 11659 11658 11640 11641 11660 11640 11660 11659 11641 11642 11661 11641 11661 11660 11642 11643 11662 11642 11662 11661 11643 1141 11663 11643 11663 11662 1141 1140 11664 1141 11664 11663 1140 1142 1266 1140 1266 11664 1389 11644 1513 1389 1513 1390 11644 11645 1515 11644 1515 1513 11645 11646 11665 11645 11665 1515 11646 11647 11666 11646 11666 11665 11647 11648 11667 11647 11667 11666 11648 11649 11668 11648 11668 11667 11649 11650 11669 11649 11669 11668 11650 11651 11670 11650 11670 11669 11651 11652 11671 11651 11671 11670 11652 11653 11672 11652 11672 11671 11653 11654 11673 11653 11673 11672 11654 11655 11674 11654 11674 11673 11655 11656 11675 11655 11675 11674 11656 11657 11676 11656 11676 11675 11657 11658 11677 11657 11677 11676 11658 11659 11678 11658 11678 11677 11659 11660 11679 11659 11679 11678 11660 11661 11680 11660 11680 11679 11661 11662 11681 11661 11681 11680 11662 11663 11682 11662 11682 11681 11663 11664 11683 11663 11683 11682 11664 1266 11684 11664 11684 11683 1266 1265 11685 1266 11685 11684 1265 1267 1392 1265 1392 11685 1515 11665 1640 1515 1640 1516 11665 11666 1642 11665 1642 1640 11666 11667 11686 11666 11686 1642 11667 11668 11687 11667 11687 11686 11668 11669 11688 11668 11688 11687 11669 11670 11689 11669 11689 11688 11670 11671 11690 11670 11690 11689 11671 11672 11691 11671 11691 11690 11672 11673 11692 11672 11692 11691 11673 11674 11693 11673 11693 11692 11674 11675 11694 11674 11694 11693 11675 11676 11695 11675 11695 11694 11676 11677 11696 11676 11696 11695 11677 11678 11697 11677 11697 11696 11678 11679 11698 11678 11698 11697 11679 11680 11699 11679 11699 11698 11680 11681 11700 11680 11700 11699 11681 11682 11701 11681 11701 11700 11682 11683 11702 11682 11702 11701 11683 11684 11703 11683 11703 11702 11684 11685 11704 11684 11704 11703 11685 1392 11705 11685 11705 11704 1392 1391 1518 1392 1518 11705 1642 11686 1767 1642 1767 1643 11686 11687 1769 11686 1769 1767 11687 11688 11706 11687 11706 1769 11688 11689 11707 11688 11707 11706 11689 11690 11708 11689 11708 11707 11690 11691 11709 11690 11709 11708 11691 11692 11710 11691 11710 11709 11692 11693 11711 11692 11711 11710 11693 11694 11712 11693 11712 11711 11694 11695 11713 11694 11713 11712 11695 11696 11714 11695 11714 11713 11696 11697 11715 11696 11715 11714 11697 11698 11716 11697 11716 11715 11698 11699 11717 11698 11717 11716 11699 11700 11718 11699 11718 11717 11700 11701 11719 11700 11719 11718 11701 11702 11720 11701 11720 11719 11702 11703 11721 11702 11721 11720 11703 11704 11722 11703 11722 11721 11704 11705 11723 11704 11723 11722 11705 1518 11724 11705 11724 11723 1518 1517 11725 1518 11725 11724 1517 1519 1645 1517 1645 11725 1769 11706 1894 1769 1894 1770 11706 11707 1896 11706 1896 1894 11707 11708 11726 11707 11726 1896 11708 11709 11727 11708 11727 11726 11709 11710 11728 11709 11728 11727 11710 11711 11729 11710 11729 11728 11711 11712 11730 11711 11730 11729 11712 11713 11731 11712 11731 11730 11713 11714 11732 11713 11732 11731 11714 11715 11733 11714 11733 11732 11715 11716 11734 11715 11734 11733 11716 11717 11735 11716 11735 11734 11717 11718 11736 11717 11736 11735 11718 11719 11737 11718 11737 11736 11719 11720 11738 11719 11738 11737 11720 11721 11739 11720 11739 11738 11721 11722 11740 11721 11740 11739 11722 11723 11741 11722 11741 11740 11723 11724 11742 11723 11742 11741 11724 11725 11743 11724 11743 11742 11725 1645 11744 11725 11744 11743 1645 1644 11745 1645 11745 11744 1644 1646 1772 1644 1772 11745 1896 11726 2021 1896 2021 1897 11726 11727 11746 11726 11746 2021 11727 11728 11747 11727 11747 11746 11728 11729 11748 11728 11748 11747 11729 11730 11749 11729 11749 11748 11730 11731 11750 11730 11750 11749 11731 11732 11751 11731 11751 11750 11732 11733 11752 11732 11752 11751 11733 11734 11753 11733 11753 11752 11734 11735 11754 11734 11754 11753 11735 11736 11755 11735 11755 11754 11736 11737 11756 11736 11756 11755 11737 11738 11757 11737 11757 11756 11738 11739 11758 11738 11758 11757 11739 11740 11759 11739 11759 11758 11740 11741 11760 11740 11760 11759 11741 11742 11761 11741 11761 11760 11742 11743 11762 11742 11762 11761 11743 11744 11763 11743 11763 11762 11744 11745 11764 11744 11764 11763 11745 1772 11765 11745 11765 11764 1772 1771 11766 1772 11766 11765 1771 1773 1899 1771 1899 11766 2021 11746 2145 2021 2145 2022 11746 11747 2147 11746 2147 2145 11747 11748 11767 11747 11767 2147 11748 11749 11768 11748 11768 11767 11749 11750 11769 11749 11769 11768 11750 11751 11770 11750 11770 11769 11751 11752 11771 11751 11771 11770 11752 11753 11772 11752 11772 11771 11753 11754 11773 11753 11773 11772 11754 11755 11774 11754 11774 11773 11755 11756 11775 11755 11775 11774 11756 11757 11776 11756 11776 11775 11757 11758 11777 11757 11777 11776 11758 11759 11778 11758 11778 11777 11759 11760 11779 11759 11779 11778 11760 11761 11780 11760 11780 11779 11761 11762 11781 11761 11781 11780 11762 11763 11782 11762 11782 11781 11763 11764 11783 11763 11783 11782 11764 11765 11784 11764 11784 11783 11765 11766 11785 11765 11785 11784 11766 1899 11786 11766 11786 11785 1899 1898 11787 1899 11787 11786 1898 1900 2024 1898 2024 11787 2147 11767 2272 2147 2272 2148 11767 11768 2274 11767 2274 2272 11768 11769 11788 11768 11788 2274 11769 11770 11789 11769 11789 11788 11770 11771 11790 11770 11790 11789 11771 11772 11791 11771 11791 11790 11772 11773 11792 11772 11792 11791 11773 11774 11793 11773 11793 11792 11774 11775 11794 11774 11794 11793 11775 11776 11795 11775 11795 11794 11776 11777 11796 11776 11796 11795 11777 11778 11797 11777 11797 11796 11778 11779 11798 11778 11798 11797 11779 11780 11799 11779 11799 11798 11780 11781 11800 11780 11800 11799 11781 11782 11801 11781 11801 11800 11782 11783 11802 11782 11802 11801 11783 11784 11803 11783 11803 11802 11784 11785 11804 11784 11804 11803 11785 11786 11805 11785 11805 11804 11786 11787 11806 11786 11806 11805 11787 2024 11807 11787 11807 11806 2024 2023 2150 2024 2150 11807 2274 11788 2399 2274 2399 2275 11788 11789 2401 11788 2401 2399 11789 11790 11808 11789 11808 2401 11790 11791 11809 11790 11809 11808 11791 11792 11810 11791 11810 11809 11792 11793 11811 11792 11811 11810 11793 11794 11812 11793 11812 11811 11794 11795 11813 11794 11813 11812 11795 11796 11814 11795 11814 11813 11796 11797 11815 11796 11815 11814 11797 11798 11816 11797 11816 11815 11798 11799 11817 11798 11817 11816 11799 11800 11818 11799 11818 11817 11800 11801 11819 11800 11819 11818 11801 11802 11820 11801 11820 11819 11802 11803 11821 11802 11821 11820 11803 11804 11822 11803 11822 11821 11804 11805 11823 11804 11823 11822 11805 11806 11824 11805 11824 11823 11806 11807 11825 11806 11825 11824 11807 2150 11826 11807 11826 11825 2150 2149 11827 2150 11827 11826 2149 2151 2277 2149 2277 11827 2401 11808 2526 2401 2526 2402 11808 11809 2528 11808 2528 2526 11809 11810 11828 11809 11828 2528 11810 11811 11829 11810 11829 11828 11811 11812 11830 11811 11830 11829 11812 11813 11831 11812 11831 11830 11813 11814 11832 11813 11832 11831 11814 11815 11833 11814 11833 11832 11815 11816 11834 11815 11834 11833 11816 11817 11835 11816 11835 11834 11817 11818 11836 11817 11836 11835 11818 11819 11837 11818 11837 11836 11819 11820 11838 11819 11838 11837 11820 11821 11839 11820 11839 11838 11821 11822 11840 11821 11840 11839 11822 11823 11841 11822 11841 11840 11823 11824 11842 11823 11842 11841 11824 11825 11843 11824 11843 11842 11825 11826 11844 11825 11844 11843 11826 11827 11845 11826 11845 11844 11827 2277 11846 11827 11846 11845 2277 2276 11847 2277 11847 11846 2276 2278 2404 2276 2404 11847 2528 11828 2653 2528 2653 2529 11828 11829 11848 11828 11848 2653 11829 11830 11849 11829 11849 11848 11830 11831 11850 11830 11850 11849 11831 11832 11851 11831 11851 11850 11832 11833 11852 11832 11852 11851 11833 11834 11853 11833 11853 11852 11834 11835 11854 11834 11854 11853 11835 11836 11855 11835 11855 11854 11836 11837 11856 11836 11856 11855 11837 11838 11857 11837 11857 11856 11838 11839 11858 11838 11858 11857 11839 11840 11859 11839 11859 11858 11840 11841 11860 11840 11860 11859 11841 11842 11861 11841 11861 11860 11842 11843 11862 11842 11862 11861 11843 11844 11863 11843 11863 11862 11844 11845 11864 11844 11864 11863 11845 11846 11865 11845 11865 11864 11846 11847 11866 11846 11866 11865 11847 2404 11867 11847 11867 11866 2404 2403 11868 2404 11868 11867 2403 2405 2531 2403 2531 11868 2653 11848 2777 2653 2777 2654 11848 11849 2779 11848 2779 2777 11849 11850 11869 11849 11869 2779 11850 11851 11870 11850 11870 11869 11851 11852 11871 11851 11871 11870 11852 11853 11872 11852 11872 11871 11853 11854 11873 11853 11873 11872 11854 11855 11874 11854 11874 11873 11855 11856 11875 11855 11875 11874 11856 11857 11876 11856 11876 11875 11857 11858 11877 11857 11877 11876 11858 11859 11878 11858 11878 11877 11859 11860 11879 11859 11879 11878 11860 11861 11880 11860 11880 11879 11861 11862 11881 11861 11881 11880 11862 11863 11882 11862 11882 11881 11863 11864 11883 11863 11883 11882 11864 11865 11884 11864 11884 11883 11865 11866 11885 11865 11885 11884 11866 11867 11886 11866 11886 11885 11867 11868 11887 11867 11887 11886 11868 2531 11888 11868 11888 11887 2531 2530 11889 2531 11889 11888 2530 2532 2656 2530 2656 11889 2779 11869 2904 2779 2904 2780 11869 11870 2906 11869 2906 2904 11870 11871 11890 11870 11890 2906 11871 11872 11891 11871 11891 11890 11872 11873 11892 11872 11892 11891 11873 11874 11893 11873 11893 11892 11874 11875 11894 11874 11894 11893 11875 11876 11895 11875 11895 11894 11876 11877 11896 11876 11896 11895 11877 11878 11897 11877 11897 11896 11878 11879 11898 11878 11898 11897 11879 11880 11899 11879 11899 11898 11880 11881 11900 11880 11900 11899 11881 11882 11901 11881 11901 11900 11882 11883 11902 11882 11902 11901 11883 11884 11903 11883 11903 11902 11884 11885 11904 11884 11904 11903 11885 11886 11905 11885 11905 11904 11886 11887 11906 11886 11906 11905 11887 11888 11907 11887 11907 11906 11888 11889 11908 11888 11908 11907 11889 2656 11909 11889 11909 11908 2656 2655 2782 2656 2782 11909 2906 11890 3033 2906 3033 2907 11890 11891 3035 11890 3035 3033 11891 11892 11910 11891 11910 3035 11892 11893 11911 11892 11911 11910 11893 11894 11912 11893 11912 11911 11894 11895 11913 11894 11913 11912 11895 11896 11914 11895 11914 11913 11896 11897 11915 11896 11915 11914 11897 11898 11916 11897 11916 11915 11898 11899 11917 11898 11917 11916 11899 11900 11918 11899 11918 11917 11900 11901 11919 11900 11919 11918 11901 11902 11920 11901 11920 11919 11902 11903 11921 11902 11921 11920 11903 11904 11922 11903 11922 11921 11904 11905 11923 11904 11923 11922 11905 11906 11924 11905 11924 11923 11906 11907 11925 11906 11925 11924 11907 11908 11926 11907 11926 11925 11908 11909 11927 11908 11927 11926 11909 2782 2909 11909 2909 11927 3035 11910 3164 3035 3164 3036 11910 11911 3166 11910 3166 3164 11911 11912 11928 11911 11928 3166 11912 11913 11929 11912 11929 11928 11913 11914 11930 11913 11930 11929 11914 11915 11931 11914 11931 11930 11915 11916 11932 11915 11932 11931 11916 11917 11933 11916 11933 11932 11917 11918 11934 11917 11934 11933 11918 11919 11935 11918 11935 11934 11919 11920 11936 11919 11936 11935 11920 11921 11937 11920 11937 11936 11921 11922 11938 11921 11938 11937 11922 11923 11939 11922 11939 11938 11923 11924 11940 11923 11940 11939 11924 11925 11941 11924 11941 11940 11925 11926 11942 11925 11942 11941 11926 11927 11943 11926 11943 11942 11927 2909 3038 11927 3038 11943 3166 11928 11944 3166 11944 3167 11928 11929 11945 11928 11945 11944 11929 11930 11946 11929 11946 11945 11930 11931 11947 11930 11947 11946 11931 11932 11948 11931 11948 11947 11932 11933 11949 11932 11949 11948 11933 11934 11950 11933 11950 11949 11934 11935 11951 11934 11951 11950 11935 11936 11952 11935 11952 11951 11936 11937 11953 11936 11953 11952 11937 11938 11954 11937 11954 11953 11938 11939 11955 11938 11955 11954 11939 11940 11956 11939 11956 11955 11940 11941 11957 11940 11957 11956 11941 11942 11958 11941 11958 11957 11942 11943 11959 11942 11959 11958 11943 3038 3169 11943 3169 11959 3165 3167 11960 3165 11960 3295 3167 11944 11961 3167 11961 11960 11944 11945 11962 11944 11962 11961 11945 11946 11963 11945 11963 11962 11946 11947 11964 11946 11964 11963 11947 11948 11965 11947 11965 11964 11948 11949 11966 11948 11966 11965 11949 11950 11967 11949 11967 11966 11950 11951 11968 11950 11968 11967 11951 11952 11969 11951 11969 11968 11952 11953 11970 11952 11970 11969 11953 11954 11971 11953 11971 11970 3295 11960 11972 3295 11972 3410 11960 11961 11973 11960 11973 11972 11961 11962 11974 11961 11974 11973 11962 11963 11975 11962 11975 11974 11963 11964 11976 11963 11976 11975 11964 11965 11977 11964 11977 11976 11965 11966 11978 11965 11978 11977 11966 11967 11979 11966 11979 11978 11967 11968 11980 11967 11980 11979 11968 11969 11981 11968 11981 11980 11969 11970 11982 11969 11982 11981 11970 11971 11983 11970 11983 11982 3410 11972 11984 3410 11984 3520 11972 11973 11985 11972 11985 11984 11973 11974 11986 11973 11986 11985 11974 11975 11987 11974 11987 11986 11975 11976 11988 11975 11988 11987 11976 11977 11989 11976 11989 11988 11977 11978 11990 11977 11990 11989 11978 11979 11991 11978 11991 11990 11979 11980 11992 11979 11992 11991 11980 11981 11993 11980 11993 11992 11981 11982 11994 11981 11994 11993 11982 11983 11995 11982 11995 11994 3519 3520 11996 3519 11996 3627 3520 11984 11997 3520 11997 11996 11984 11985 11998 11984 11998 11997 11985 11986 11999 11985 11999 11998 11986 11987 12000 11986 12000 11999 11987 11988 12001 11987 12001 12000 11988 11989 12002 11988 12002 12001 11989 11990 12003 11989 12003 12002 11990 11991 12004 11990 12004 12003 11991 11992 12005 11991 12005 12004 11992 11993 12006 11992 12006 12005 11993 11994 12007 11993 12007 12006 11994 12008 12007 3627 11996 12009 3627 12009 3733 11996 11997 12010 11996 12010 12009 11997 11998 12011 11997 12011 12010 11998 11999 12012 11998 12012 12011 11999 12000 12013 11999 12013 12012 12000 12001 12014 12000 12014 12013 12001 12002 12015 12001 12015 12014 12002 12003 12016 12002 12016 12015 12003 12004 12017 12003 12017 12016 12004 12005 12018 12004 12018 12017 12005 12006 12019 12005 12019 12018 12006 12007 12020 12006 12020 12019 3733 12009 12021 3733 12021 3837 12009 12010 12022 12009 12022 12021 12010 12011 12023 12010 12023 12022 12011 12012 12024 12011 12024 12023 12012 12013 12025 12012 12025 12024 12013 12014 12026 12013 12026 12025 12014 12015 12027 12014 12027 12026 12015 12016 12028 12015 12028 12027 12016 12017 12029 12016 12029 12028 12017 12018 12030 12017 12030 12029 12018 12019 12031 12018 12031 12030 12019 12020 12032 12019 12032 12031 3837 12021 12033 3837 12033 3940 12021 12022 12034 12021 12034 12033 12022 12023 12035 12022 12035 12034 12023 12024 12036 12023 12036 12035 12024 12025 12037 12024 12037 12036 12025 12026 12038 12025 12038 12037 12026 12027 12039 12026 12039 12038 12027 12028 12040 12027 12040 12039 12028 12029 12041 12028 12041 12040 12029 12030 12042 12029 12042 12041 12030 12031 12043 12030 12043 12042 12031 12044 12043 3939 3940 12045 3939 12045 4041 3940 12033 12046 3940 12046 12045 12033 12034 12047 12033 12047 12046 12034 12035 12048 12034 12048 12047 12035 12036 12049 12035 12049 12048 12036 12037 12050 12036 12050 12049 12037 12038 12051 12037 12051 12050 12038 12039 12052 12038 12052 12051 12039 12040 12053 12039 12053 12052 12040 12041 12054 12040 12054 12053 12041 12042 12055 12041 12055 12054 12042 12043 12056 12042 12056 12055 4041 12045 12057 4041 12057 4140 12045 12046 12058 12045 12058 12057 12046 12047 12059 12046 12059 12058 12047 12048 12060 12047 12060 12059 12048 12049 12061 12048 12061 12060 12049 12050 12062 12049 12062 12061 12050 12051 12063 12050 12063 12062 12051 12052 12064 12051 12064 12063 12052 12053 12065 12052 12065 12064 12053 12054 12066 12053 12066 12065 12054 12055 12067 12054 12067 12066 12055 12056 12068 12055 12068 12067 4140 12057 12069 4140 12069 4238 12057 12058 12070 12057 12070 12069 12058 12059 12071 12058 12071 12070 12059 12060 12072 12059 12072 12071 12060 12061 12073 12060 12073 12072 12061 12062 12074 12061 12074 12073 12062 12063 12075 12062 12075 12074 12063 12064 12076 12063 12076 12075 12064 12065 12077 12064 12077 12076 12065 12066 12078 12065 12078 12077 12066 12067 12079 12066 12079 12078 12067 12080 12079 4237 4238 12081 4237 12081 4333 4238 12069 12082 4238 12082 12081 12069 12070 12083 12069 12083 12082 12070 12071 12084 12070 12084 12083 12071 12072 12085 12071 12085 12084 12072 12073 12086 12072 12086 12085 12073 12074 12087 12073 12087 12086 12074 12075 12088 12074 12088 12087 12075 12076 12089 12075 12089 12088 12076 12077 12090 12076 12090 12089 12077 12078 12091 12077 12091 12090 12078 12079 12092 12078 12092 12091 4333 12081 12093 4333 12093 4427 12081 12082 12094 12081 12094 12093 12082 12083 12095 12082 12095 12094 12083 12084 12096 12083 12096 12095 12084 12085 12097 12084 12097 12096 12085 12086 12098 12085 12098 12097 12086 12087 12099 12086 12099 12098 12087 12088 12100 12087 12100 12099 12088 12089 12101 12088 12101 12100 12089 12090 12102 12089 12102 12101 12090 12091 12103 12090 12103 12102 12091 12092 12104 12091 12104 12103 4427 12093 12105 4427 12105 4520 12093 12094 12106 12093 12106 12105 12094 12095 12107 12094 12107 12106 12095 12096 12108 12095 12108 12107 12096 12097 12109 12096 12109 12108 12097 12098 12110 12097 12110 12109 12098 12099 12111 12098 12111 12110 12099 12100 12112 12099 12112 12111 12100 12101 12113 12100 12113 12112 12101 12102 12114 12101 12114 12113 12102 12103 12115 12102 12115 12114 12103 12116 12115 4519 4520 12117 4519 12117 4611 4520 12105 12118 4520 12118 12117 12105 12106 12119 12105 12119 12118 12106 12107 12120 12106 12120 12119 12107 12108 12121 12107 12121 12120 12108 12109 12122 12108 12122 12121 12109 12110 12123 12109 12123 12122 12110 12111 12124 12110 12124 12123 12111 12112 12125 12111 12125 12124 12112 12113 12126 12112 12126 12125 12113 12114 12127 12113 12127 12126 12114 12115 12128 12114 12128 12127 4611 12117 12129 4611 12129 4701 12117 12118 12130 12117 12130 12129 12118 12119 12131 12118 12131 12130 12119 12120 12132 12119 12132 12131 12120 12121 12133 12120 12133 12132 12121 12122 12134 12121 12134 12133 12122 12123 12135 12122 12135 12134 12123 12124 12136 12123 12136 12135 12124 12125 12137 12124 12137 12136 12125 12126 12138 12125 12138 12137 12126 12127 12139 12126 12139 12138 12127 12128 12140 12127 12140 12139 4701 12129 12141 4701 12141 4790 12129 12130 12142 12129 12142 12141 12130 12131 12143 12130 12143 12142 12131 12132 12144 12131 12144 12143 12132 12133 12145 12132 12145 12144 12133 12134 12146 12133 12146 12145 12134 12135 12147 12134 12147 12146 12135 12136 12148 12135 12148 12147 12136 12137 12149 12136 12149 12148 12137 12138 12150 12137 12150 12149 12138 12139 12151 12138 12151 12150 12139 12152 12151 4789 4790 12153 4789 12153 4877 4790 12141 12154 4790 12154 12153 12141 12142 12155 12141 12155 12154 12142 12143 12156 12142 12156 12155 12143 12144 12157 12143 12157 12156 12144 12145 12158 12144 12158 12157 12145 12146 12159 12145 12159 12158 12146 12147 12160 12146 12160 12159 12147 12148 12161 12147 12161 12160 12148 12149 12162 12148 12162 12161 12149 12150 12163 12149 12163 12162 12150 12151 12164 12150 12164 12163 4877 12153 12165 4877 12165 4963 12153 12154 12166 12153 12166 12165 12154 12155 12167 12154 12167 12166 12155 12156 12168 12155 12168 12167 12156 12157 12169 12156 12169 12168 12157 12158 12170 12157 12170 12169 12158 12159 12171 12158 12171 12170 12159 12160 12172 12159 12172 12171 12160 12161 12173 12160 12173 12172 12161 12162 12174 12161 12174 12173 12162 12163 12175 12162 12175 12174 12163 12164 12176 12163 12176 12175 4962 4963 12177 4962 12177 5048 4963 12165 12178 4963 12178 12177 12165 12166 12179 12165 12179 12178 12166 12167 12180 12166 12180 12179 12167 12168 12181 12167 12181 12180 12168 12169 12182 12168 12182 12181 12169 12170 12183 12169 12183 12182 12170 12171 12184 12170 12184 12183 12171 12172 12185 12171 12185 12184 12172 12173 12186 12172 12186 12185 12173 12174 12187 12173 12187 12186 12174 12175 12188 12174 12188 12187 12175 12189 12188 5048 12177 12190 5048 12190 5133 12177 12178 12191 12177 12191 12190 12178 12179 12192 12178 12192 12191 12179 12180 12193 12179 12193 12192 12180 12181 12194 12180 12194 12193 12181 12182 12195 12181 12195 12194 12182 12183 12196 12182 12196 12195 12183 12184 12197 12183 12197 12196 12184 12185 12198 12184 12198 12197 12185 12186 12199 12185 12199 12198 12186 12187 12200 12186 12200 12199 12187 12188 12201 12187 12201 12200 5133 12190 12202 5133 12202 5218 12190 12191 12203 12190 12203 12202 12191 12192 12204 12191 12204 12203 12192 12193 12205 12192 12205 12204 12193 12194 12206 12193 12206 12205 12194 12195 12207 12194 12207 12206 12195 12196 12208 12195 12208 12207 12196 12197 12209 12196 12209 12208 12197 12198 12210 12197 12210 12209 12198 12199 12211 12198 12211 12210 12199 12200 12212 12199 12212 12211 12200 12201 12213 12200 12213 12212 5217 5218 12214 5217 12214 5302 5218 12202 12215 5218 12215 12214 12202 12203 12216 12202 12216 12215 12203 12204 12217 12203 12217 12216 12204 12205 12218 12204 12218 12217 12205 12206 12219 12205 12219 12218 12206 12207 12220 12206 12220 12219 12207 12208 12221 12207 12221 12220 12208 12209 12222 12208 12222 12221 12209 12210 12223 12209 12223 12222 12210 12211 12224 12210 12224 12223 12211 12212 12225 12211 12225 12224 12212 12226 12225 5302 12214 12227 5302 12227 5386 12214 12215 12228 12214 12228 12227 12215 12216 12229 12215 12229 12228 12216 12217 12230 12216 12230 12229 12217 12218 12231 12217 12231 12230 12218 12219 12232 12218 12232 12231 12219 12220 12233 12219 12233 12232 12220 12221 12234 12220 12234 12233 12221 12222 12235 12221 12235 12234 12222 12223 12236 12222 12236 12235 12223 12224 12237 12223 12237 12236 12224 12225 12238 12224 12238 12237 5386 12227 12239 5386 12239 5469 12227 12228 12240 12227 12240 12239 12228 12229 12241 12228 12241 12240 12229 12230 12242 12229 12242 12241 12230 12231 12243 12230 12243 12242 12231 12232 12244 12231 12244 12243 12232 12233 12245 12232 12245 12244 12233 12234 12246 12233 12246 12245 12234 12235 12247 12234 12247 12246 12235 12236 12248 12235 12248 12247 12236 12237 12249 12236 12249 12248 5468 5469 12250 5468 12250 5550 5469 12239 12251 5469 12251 12250 12239 12240 12252 12239 12252 12251 12240 12241 12253 12240 12253 12252 12241 12242 12254 12241 12254 12253 12242 12243 12255 12242 12255 12254 12243 12244 12256 12243 12256 12255 12244 12245 12257 12244 12257 12256 12245 12246 12258 12245 12258 12257 12246 12247 12259 12246 12259 12258 12247 12248 12260 12247 12260 12259 12248 12249 12261 12248 12261 12260 5550 12250 12262 5550 12262 5630 12250 12251 12263 12250 12263 12262 12251 12252 12264 12251 12264 12263 12252 12253 12265 12252 12265 12264 12253 12254 12266 12253 12266 12265 12254 12255 12267 12254 12267 12266 12255 12256 12268 12255 12268 12267 12256 12257 12269 12256 12269 12268 12257 12258 12270 12257 12270 12269 12258 12259 12271 12258 12271 12270 12259 12260 12272 12259 12272 12271 12260 12273 12272 5629 5630 12274 5629 12274 5708 5630 12262 12275 5630 12275 12274 12262 12263 12276 12262 12276 12275 12263 12264 12277 12263 12277 12276 12264 12265 12278 12264 12278 12277 12265 12266 12279 12265 12279 12278 12266 12267 12280 12266 12280 12279 12267 12268 12281 12267 12281 12280 12268 12269 12282 12268 12282 12281 12269 12270 12283 12269 12283 12282 12270 12271 12284 12270 12284 12283 12271 12272 12285 12271 12285 12284 5708 12274 12286 5708 12286 5786 12274 12275 12287 12274 12287 12286 12275 12276 12288 12275 12288 12287 12276 12277 12289 12276 12289 12288 12277 12278 12290 12277 12290 12289 12278 12279 12291 12278 12291 12290 12279 12280 12292 12279 12292 12291 12280 12281 12293 12280 12293 12292 12281 12282 12294 12281 12294 12293 12282 12283 12295 12282 12295 12294 12283 12284 12296 12283 12296 12295 12284 12285 12297 12284 12297 12296 5786 12286 12298 5786 12298 5863 12286 12287 12299 12286 12299 12298 12287 12288 12300 12287 12300 12299 12288 12289 12301 12288 12301 12300 12289 12290 12302 12289 12302 12301 12290 12291 12303 12290 12303 12302 12291 12292 12304 12291 12304 12303 12292 12293 12305 12292 12305 12304 12293 12294 12306 12293 12306 12305 12294 12295 12307 12294 12307 12306 12295 12296 12308 12295 12308 12307 5862 5863 12309 5862 12309 5938 5863 12298 12310 5863 12310 12309 12298 12299 12311 12298 12311 12310 12299 12300 12312 12299 12312 12311 12300 12301 12313 12300 12313 12312 12301 12302 12314 12301 12314 12313 12302 12303 12315 12302 12315 12314 12303 12304 12316 12303 12316 12315 12304 12305 12317 12304 12317 12316 12305 12306 12318 12305 12318 12317 12306 12307 12319 12306 12319 12318 12307 12308 12320 12307 12320 12319 5938 12309 12321 5938 12321 6013 12309 12310 12322 12309 12322 12321 12310 12311 12323 12310 12323 12322 12311 12312 12324 12311 12324 12323 12312 12313 12325 12312 12325 12324 12313 12314 12326 12313 12326 12325 12314 12315 12327 12314 12327 12326 12315 12316 12328 12315 12328 12327 12316 12317 12329 12316 12329 12328 12317 12318 12330 12317 12330 12329 12318 12319 12331 12318 12331 12330 12319 12332 12331 6012 6013 12333 6012 12333 6086 6013 12321 12334 6013 12334 12333 12321 12322 12335 12321 12335 12334 12322 12323 12336 12322 12336 12335 12323 12324 12337 12323 12337 12336 12324 12325 12338 12324 12338 12337 12325 12326 12339 12325 12339 12338 12326 12327 12340 12326 12340 12339 12327 12328 12341 12327 12341 12340 12328 12329 12342 12328 12342 12341 12329 12330 12343 12329 12343 12342 12330 12331 12344 12330 12344 12343 6086 12333 12345 6086 12345 6159 12333 12334 12346 12333 12346 12345 12334 12335 12347 12334 12347 12346 12335 12336 12348 12335 12348 12347 12336 12337 12349 12336 12349 12348 12337 12338 12350 12337 12350 12349 12338 12339 12351 12338 12351 12350 12339 12340 12352 12339 12352 12351 12340 12341 12353 12340 12353 12352 12341 12342 12354 12341 12354 12353 12342 12343 12355 12342 12355 12354 12343 12344 12356 12343 12356 12355 6158 6159 12357 6158 12357 6230 6159 12345 12358 6159 12358 12357 12345 12346 12359 12345 12359 12358 12346 12347 12360 12346 12360 12359 12347 12348 12361 12347 12361 12360 12348 12349 12362 12348 12362 12361 12349 12350 12363 12349 12363 12362 12350 12351 12364 12350 12364 12363 12351 12352 12365 12351 12365 12364 12352 12353 12366 12352 12366 12365 12353 12354 12367 12353 12367 12366 12354 12355 12368 12354 12368 12367 6230 12357 12369 6230 12369 6300 12357 12358 12370 12357 12370 12369 12358 12359 12371 12358 12371 12370 12359 12360 12372 12359 12372 12371 12360 12361 12373 12360 12373 12372 12361 12362 12374 12361 12374 12373 12362 12363 12375 12362 12375 12374 12363 12364 12376 12363 12376 12375 12364 12365 12377 12364 12377 12376 12365 12366 12378 12365 12378 12377 12366 12367 12379 12366 12379 12378 12367 12368 12380 12367 12380 12379 6299 6300 12381 6299 12381 6365 6300 12369 12382 6300 12382 12381 12369 12370 12383 12369 12383 12382 12370 12371 12384 12370 12384 12383 12371 12372 12385 12371 12385 12384 12372 12373 12386 12372 12386 12385 12373 12374 12387 12373 12387 12386 12374 12375 12388 12374 12388 12387 12375 12376 12389 12375 12389 12388 12376 12377 12390 12376 12390 12389 12377 12378 12391 12377 12391 12390 12378 12379 12392 12378 12392 12391 12379 12380 12393 12379 12393 12392 6365 12381 12394 6365 12394 6426 12381 12382 12395 12381 12395 12394 12382 12383 12396 12382 12396 12395 12383 12384 12397 12383 12397 12396 12384 12385 12398 12384 12398 12397 12385 12386 12399 12385 12399 12398 12386 12387 12400 12386 12400 12399 12387 12388 12401 12387 12401 12400 12388 12389 12402 12388 12402 12401 12389 12390 12403 12389 12403 12402 12390 12391 12404 12390 12404 12403 12391 12392 12405 12391 12405 12404 12392 12393 12406 12392 12406 12405 6426 12394 12407 6426 12407 6486 12394 12395 12408 12394 12408 12407 12395 12396 12409 12395 12409 12408 12396 12397 12410 12396 12410 12409 12397 12398 12411 12397 12411 12410 12398 12399 12412 12398 12412 12411 12399 12400 12413 12399 12413 12412 12400 12401 12414 12400 12414 12413 12401 12402 12415 12401 12415 12414 12402 12403 12416 12402 12416 12415 12403 12404 12417 12403 12417 12416 12404 12405 12418 12404 12418 12417 6485 6486 12419 6485 12419 6545 6486 12407 12420 6486 12420 12419 12407 12408 12421 12407 12421 12420 12408 12409 12422 12408 12422 12421 12409 12410 12423 12409 12423 12422 12410 12411 12424 12410 12424 12423 12411 12412 12425 12411 12425 12424 12412 12413 12426 12412 12426 12425 12413 12414 12427 12413 12427 12426 12414 12415 12428 12414 12428 12427 12415 12416 12429 12415 12429 12428 12416 12417 12430 12416 12430 12429 12417 12418 12431 12417 12431 12430 6545 12419 12432 6545 12432 6603 12419 12420 12433 12419 12433 12432 12420 12421 12434 12420 12434 12433 12421 12422 12435 12421 12435 12434 12422 12423 12436 12422 12436 12435 12423 12424 12437 12423 12437 12436 12424 12425 12438 12424 12438 12437 12425 12426 12439 12425 12439 12438 12426 12427 12440 12426 12440 12439 12427 12428 12441 12427 12441 12440 12428 12429 12442 12428 12442 12441 12429 12430 12443 12429 12443 12442 6602 6603 12444 6602 12444 6660 6603 12432 12445 6603 12445 12444 12432 12433 12446 12432 12446 12445 12433 12434 12447 12433 12447 12446 12434 12435 12448 12434 12448 12447 12435 12436 12449 12435 12449 12448 12436 12437 12450 12436 12450 12449 12437 12438 12451 12437 12451 12450 12438 12439 12452 12438 12452 12451 12439 12440 12453 12439 12453 12452 12440 12441 12454 12440 12454 12453 12441 12442 12455 12441 12455 12454 12442 12443 12456 12442 12456 12455 6660 12444 12457 6660 12457 6716 12444 12445 12458 12444 12458 12457 12445 12446 12459 12445 12459 12458 12446 12447 12460 12446 12460 12459 12447 12448 12461 12447 12461 12460 12448 12449 12462 12448 12462 12461 12449 12450 12463 12449 12463 12462 12450 12451 12464 12450 12464 12463 12451 12452 12465 12451 12465 12464 12452 12453 12466 12452 12466 12465 12453 12454 12467 12453 12467 12466 12454 12455 12468 12454 12468 12467 6715 6716 12469 6715 12469 6771 6716 12457 12470 6716 12470 12469 12457 12458 12471 12457 12471 12470 12458 12459 12472 12458 12472 12471 12459 12460 12473 12459 12473 12472 12460 12461 12474 12460 12474 12473 12461 12462 12475 12461 12475 12474 12462 12463 12476 12462 12476 12475 12463 12464 12477 12463 12477 12476 12464 12465 12478 12464 12478 12477 12465 12466 12479 12465 12479 12478 12466 12467 12480 12466 12480 12479 12467 12468 12481 12467 12481 12480 6771 12469 12482 6771 12482 6825 12469 12470 12483 12469 12483 12482 12470 12471 12484 12470 12484 12483 12471 12472 12485 12471 12485 12484 12472 12473 12486 12472 12486 12485 12473 12474 12487 12473 12487 12486 12474 12475 12488 12474 12488 12487 12475 12476 12489 12475 12489 12488 12476 12477 12490 12476 12490 12489 12477 12478 12491 12477 12491 12490 12478 12479 12492 12478 12492 12491 12479 12480 12493 12479 12493 12492 6824 6825 12494 6824 12494 6878 6825 12482 12495 6825 12495 12494 12482 12483 12496 12482 12496 12495 12483 12484 12497 12483 12497 12496 12484 12485 12498 12484 12498 12497 12485 12486 12499 12485 12499 12498 12486 12487 12500 12486 12500 12499 12487 12488 12501 12487 12501 12500 12488 12489 12502 12488 12502 12501 12489 12490 12503 12489 12503 12502 12490 12491 12504 12490 12504 12503 12491 12492 12505 12491 12505 12504 12492 12493 12506 12492 12506 12505 6878 12494 12507 6878 12507 6930 12494 12495 12508 12494 12508 12507 12495 12496 12509 12495 12509 12508 12496 12497 12510 12496 12510 12509 12497 12498 12511 12497 12511 12510 12498 12499 12512 12498 12512 12511 12499 12500 12513 12499 12513 12512 12500 12501 12514 12500 12514 12513 12501 12502 12515 12501 12515 12514 12502 12503 12516 12502 12516 12515 12503 12504 12517 12503 12517 12516 12504 12505 12518 12504 12518 12517 12505 12506 12519 12505 12519 12518 6929 6930 12520 6929 12520 6981 6930 12507 12521 6930 12521 12520 12507 12508 12522 12507 12522 12521 12508 12509 12523 12508 12523 12522 12509 12510 12524 12509 12524 12523 12510 12511 12525 12510 12525 12524 12511 12512 12526 12511 12526 12525 12512 12513 12527 12512 12527 12526 12513 12514 12528 12513 12528 12527 12514 12515 12529 12514 12529 12528 12515 12516 12530 12515 12530 12529 12516 12517 12531 12516 12531 12530 12517 12518 12532 12517 12532 12531 6981 12520 12533 6981 12533 7048 12520 12521 12534 12520 12534 12533 12521 12522 12535 12521 12535 12534 12522 12523 12536 12522 12536 12535 12523 12524 12537 12523 12537 12536 12524 12525 12538 12524 12538 12537 12525 12526 12539 12525 12539 12538 12526 12527 12540 12526 12540 12539 12527 12528 12541 12527 12541 12540 12528 12529 12542 12528 12542 12541 12529 12530 12543 12529 12543 12542 12530 12531 12544 12530 12544 12543 12531 12532 12545 12531 12545 12544 7047 7048 12546 7047 12546 7128 7048 12533 12547 7048 12547 12546 12533 12534 12548 12533 12548 12547 12534 12535 12549 12534 12549 12548 12535 12536 12550 12535 12550 12549 12536 12537 12551 12536 12551 12550 12537 12538 12552 12537 12552 12551 12538 12539 12553 12538 12553 12552 12539 12540 12554 12539 12554 12553 12540 12541 12555 12540 12555 12554 12541 12542 12556 12541 12556 12555 12542 12543 12557 12542 12557 12556 12543 12544 12558 12543 12558 12557 7128 12546 12559 7128 12559 7219 12546 12547 12560 12546 12560 12559 12547 12548 12561 12547 12561 12560 12548 12549 12562 12548 12562 12561 12549 12550 12563 12549 12563 12562 12550 12551 12564 12550 12564 12563 12551 12552 12565 12551 12565 12564 12552 12553 12566 12552 12566 12565 12553 12554 12567 12553 12567 12566 12554 12555 12568 12554 12568 12567 12555 12556 12569 12555 12569 12568 12556 12557 12570 12556 12570 12569 12557 12558 12571 12557 12571 12570 7218 7219 12572 7218 12572 7320 7219 12559 12573 7219 12573 12572 12559 12560 12574 12559 12574 12573 12560 12561 12575 12560 12575 12574 12561 12562 12576 12561 12576 12575 12562 12563 12577 12562 12577 12576 12563 12564 12578 12563 12578 12577 12564 12565 12579 12564 12579 12578 12565 12566 12580 12565 12580 12579 12566 12567 12581 12566 12581 12580 12567 12568 12582 12567 12582 12581 12568 12569 12583 12568 12583 12582 12569 12570 12584 12569 12584 12583 7320 12572 12585 7320 12585 7432 12572 12573 12586 12572 12586 12585 12573 12574 12587 12573 12587 12586 12574 12575 12588 12574 12588 12587 12575 12576 12589 12575 12589 12588 12576 12577 12590 12576 12590 12589 12577 12578 12591 12577 12591 12590 12578 12579 12592 12578 12592 12591 12579 12580 12593 12579 12593 12592 12580 12581 12594 12580 12594 12593 12581 12582 12595 12581 12595 12594 12582 12583 12596 12582 12596 12595 12583 12584 12597 12583 12597 12596 7431 7432 12598 7431 12598 7552 7432 12585 12599 7432 12599 12598 12585 12586 12600 12585 12600 12599 12586 12587 12601 12586 12601 12600 12587 12588 12602 12587 12602 12601 12588 12589 12603 12588 12603 12602 12589 12590 12604 12589 12604 12603 12590 12591 12605 12590 12605 12604 12591 12592 12606 12591 12606 12605 12592 12593 12607 12592 12607 12606 12593 12594 12608 12593 12608 12607 12594 12595 12609 12594 12609 12608 12595 12596 12610 12595 12610 12609 7552 12598 12611 7552 12611 7684 12598 12599 7827 12598 7827 12611 12599 12600 7828 12599 7828 7827 12600 12601 7831 12600 7831 7828 12601 12602 7833 12601 7833 7831 12602 12603 7835 12602 7835 7833 12603 12604 7837 12603 7837 7835 12604 12605 7839 12604 7839 7837 12605 12606 7841 12605 7841 7839 12606 12607 7843 12606 7843 7841 12607 12608 7845 12607 7845 7843 12608 12609 7847 12608 7847 7845 12609 12610 7849 12609 7849 7847 7683 7684 7982 7683 7982 7826 7684 12611 7984 7684 7984 7982 12611 7827 7830 12611 7830 7984</p></triangles>
<triangles material="m-t_bed" count="276"><input semantic="VERTEX" source="#geo0-vtx" offset="0"/><p>11954 11955 12612 11954 12612 11971 11955 11956 12613 11955 12613 12612 3173 3174 12614 3173 12614 12615 3174 3175 12616 3174 12616 12614 3175 3176 12617 3175 12617 12616 3176 3177 3297 3176 3297 12617 3180 3181 12618 3180 12618 3299 3181 3182 12619 3181 12619 12618 3182 3183 12620 3182 12620 12619 11971 12612 12621 11971 12621 11983 12612 12613 12622 12612 12622 12621 11983 12621 12623 12621 12622 12624 12622 12625 12626 12625 12627 12628 12627 12629 12630 12629 12631 12632 12631 12633 12634 12633 12635 12636 12637 12638 12639 12637 12639 12640 12640 12639 12641 12640 12641 12642 12642 12641 12643 12642 12643 12644 12644 12643 12645 12644 12645 12646 12646 12645 12647 12646 12647 12648 12648 12647 12649 12648 12649 12650 12651 12652 12653 12651 12653 12654 12652 4240 12655 12652 12655 12653 4240 4239 4335 4240 4335 12655 12654 12653 12656 12654 12656 12657 12653 12655 12658 12653 12658 12656 12655 4335 12659 12655 12659 12658 12657 12656 12660 12657 12660 12661 12656 12658 12662 12656 12662 12660 12658 12659 12663 12658 12663 12662 12661 12660 12664 12661 12664 12665 12660 12662 12666 12660 12666 12664 12662 12663 12667 12662 12667 12666 12665 12664 12668 12665 12668 12669 12664 12666 12670 12664 12670 12668 12666 12667 12671 12666 12671 12670 12669 12668 12672 12669 12672 12673 12668 12670 12674 12668 12674 12672 12670 12671 12675 12670 12675 12674 12673 12672 12676 12673 12676 12677 12672 12674 12678 12672 12678 12676 12674 12675 12679 12674 12679 12678 12680 12681 12682 12680 12682 12683 12677 12676 12684 12677 12684 12685 12676 12678 12686 12676 12686 12684 12678 12679 12687 12678 12687 12686 12683 12682 12688 12683 12688 12689 12685 12684 12690 12685 12690 12691 12684 12686 12692 12684 12692 12690 12686 12687 12693 12686 12693 12692 12689 12688 12694 12689 12694 12695 12691 12690 12696 12691 12696 12697 12690 12692 12698 12690 12698 12696 12692 12693 12699 12692 12699 12698 12695 12694 12700 12695 12700 12701 12697 12696 12702 12697 12702 12703 12696 12698 12704 12696 12704 12702 12698 12699 12705 12698 12705 12704 12701 12700 12706 12701 12706 12707 12703 12702 12708 12703 12708 12709 12702 12704 12710 12702 12710 12708 12704 12705 12711 12704 12711 12710 12225 12226 12712 12226 12713 12714 12707 12706 12715 12707 12715 12716 12716 12715 12717 12716 12717 12718 12718 12717 12719 12718 12719 12720 12720 12719 12721 12720 12721 12722 12722 12721 12723 12722 12723 12724 12724 12723 12725 12724 12725 12726 12726 12725 12727 12726 12727 12728 12728 12727 12729 12728 12729 12730 12730 12729 12731 12730 12731 12732 12732 12731 12733 12732 12733 12734 12734 12733 12735 12734 12735 12736 12736 12735 12737 12736 12737 12738 12738 12737 12739 12738 12739 12740 12380 12741 12742 12380 12742 12393 12741 12743 12744 12741 12744 12742 12745 12746 12747 12745 12747 12748 12746 12749 12750 12746 12750 12747 12749 12751 12752 12749 12752 12750 12751 12753 12754 12751 12754 12752 12753 12755 12756 12753 12756 12754 12755 12757 12758 12755 12758 12756 12757 12759 12760 12757 12760 12758 12759 12761 12762 12759 12762 12760 12761 12763 12764 12761 12764 12762 12763 12765 12766 12763 12766 12764 12765 12767 12768 12765 12768 12766 12767 12769 12770 12767 12770 12768 12769 12771 12772 12769 12772 12770 12771 12773 12774 12771 12774 12772 12773 12775 12776 12773 12776 12774 12775 12777 12778 12775 12778 12776 12777 12779 12780 12777 12780 12778 12779 12781 12782 12779 12782 12780 12781 12783 12784 12781 12784 12782 12783 12785 12786 12783 12786 12784 12785 12787 12788 12785 12788 12786 12787 12789 12790 12787 12790 12788 12789 12791 12792 12789 12792 12790 12791 12793 12794 12791 12794 12792 12793 12795 12796 12793 12796 12794 12795 12797 12798 12795 12798 12796 12797 12799 12800 12797 12800 12798 12799 12801 12802 12799 12802 12800 12801 12803 12804 12801 12804 12802 12803 12805 12806 12803 12806 12804 12805 12807 12808 12805 12808 12806 12807 12740 12809 12807 12809 12808 12740 12739 12810 12740 12810 12809 12393 12742 12811 12393 12811 12406 12405 12406 12812 12405 12812 12418 12406 12811 12813 12406 12813 12812 12418 12812 12814 12418 12814 12431 12430 12431 12815 12430 12815 12443 12431 12814 12816 12431 12816 12815 12443 12815 12817 12443 12817 12456 12455 12456 12818 12455 12818 12468 12456 12817 12819 12456 12819 12818 12468 12818 12820 12468 12820 12481 12480 12481 12821 12480 12821 12493 12481 12820 12822 12481 12822 12821 12493 12821 12823 12493 12823 12506 12821 12822 12824 12821 12824 12823 12506 12823 12825 12506 12825 12519 12518 12519 12826 12518 12826 12532 12519 12825 12827 12519 12827 12826 12532 12826 12828 12532 12828 12545 12544 12545 12829 12544 12829 12558 12545 12828 12830 12545 12830 12829 12558 12829 12831 12558 12831 12571 12570 12571 12832 12570 12832 12584 12571 12831 12833 12571 12833 12832 12584 12832 12834 12584 12834 12597 12596 12597 7685 12596 7685 12610 12597 12834 7686 12597 7686 7685 12610 7685 7688 12610 7688 7849</p></triangles>
<triangles material="m-t_path" count="230"><input semantic="VERTEX" source="#geo0-vtx" offset="0"/><p>11956 11957 12835 11956 12835 12613 11957 11958 12836 11957 12836 12835 11958 11959 12837 11958 12837 12836 11959 3169 12838 11959 12838 12837 3169 3168 12839 3169 12839 12838 3168 3170 12840 3168 12840 12839 3170 3171 12841 3170 12841 12840 3171 3172 12842 3171 12842 12841 3172 3173 12615 3172 12615 12842 12613 12835 12625 12613 12625 12622 12835 12836 12627 12835 12627 12625 12836 12837 12629 12836 12629 12627 12837 12838 12631 12837 12631 12629 12838 12839 12633 12838 12633 12631 12839 12840 12635 12839 12635 12633 12840 12841 12843 12840 12843 12635 12841 12842 12844 12841 12844 12843 12842 12615 12845 12842 12845 12844 12615 12614 12846 12615 12846 12845 12614 12616 12847 12614 12847 12846 12616 12617 12848 12616 12848 12847 12617 3297 12849 12617 12849 12848 3297 3296 12850 3297 12850 12849 3296 3298 12851 3296 12851 12850 3298 3299 12852 3298 12852 12851 3299 12618 12853 3299 12853 12852 12618 12619 12854 12618 12854 12853 12619 12620 12855 12619 12855 12854 12635 12843 12856 12843 12844 12857 12844 12845 12858 12845 12846 12859 12846 12847 12860 12847 12848 12861 12848 12849 12862 12849 12850 12863 12850 12851 12864 12851 12852 12865 12852 12853 12866 12853 12854 12637 12854 12855 12638 12854 12638 12637 12855 12867 12868 12855 12868 12638 12867 12869 12870 12867 12870 12868 12638 12868 12871 12638 12871 12639 12868 12870 12872 12868 12872 12871 12870 12873 12874 12870 12874 12872 12873 12875 12876 12873 12876 12874 12871 12872 12877 12871 12877 12878 12872 12874 12879 12872 12879 12877 12874 12876 12880 12874 12880 12879 12876 12881 12882 12876 12882 12880 12881 3629 12883 12881 12883 12882 12879 12880 12884 12879 12884 12885 12880 12882 12886 12880 12886 12884 12882 12883 12887 12882 12887 12886 12883 12888 12889 12883 12889 12887 12888 3735 12890 12888 12890 12889 12886 12887 12891 12886 12891 12892 12887 12889 12893 12887 12893 12891 12889 12890 12894 12889 12894 12893 12890 3839 12895 12890 12895 12894 3839 3838 3942 3839 3942 12895 12893 12894 12896 12893 12896 12897 12894 12895 12898 12894 12898 12896 12895 3942 12899 12895 12899 12898 3942 3941 12900 3942 12900 12899 3941 3943 4043 3941 4043 12900 12898 12899 12901 12898 12901 12902 12899 12900 12903 12899 12903 12901 12900 4043 12904 12900 12904 12903 12905 12906 12907 12905 12907 12908 12906 5788 12909 12906 12909 12907 12910 12911 12912 12910 12912 12913 12911 12908 12914 12911 12914 12912 12908 12907 12915 12908 12915 12914 12907 12909 12916 12907 12916 12915 12917 12913 12918 12917 12918 12919 12913 12912 12920 12913 12920 12918 12912 12914 12921 12912 12921 12920 12922 12923 12924 12922 12924 12925 12923 12919 12926 12923 12926 12924 12919 12918 12927 12919 12927 12926 12928 12929 12930 12928 12930 12931 12929 12925 12932 12929 12932 12930 12925 12924 12933 12925 12933 12932 12924 12926 12934 12924 12934 12933 12935 12931 12936 12935 12936 12937 12931 12930 12938 12931 12938 12936 12930 12932 12939 12930 12939 12938 12940 12941 12942 12940 12942 12943 12941 12937 12944 12941 12944 12942 12937 12936 12945 12937 12945 12944 12936 12938 12946 12936 12946 12945 12947 12948 12949 12947 12949 12950 12948 12943 12951 12948 12951 12949 12943 12942 12952 12943 12952 12951 12942 12944 12953 12942 12953 12952 12809 12810 12954 12809 12954 12955 12810 12950 12956 12810 12956 12954 12950 12949 12957 12950 12957 12956 12949 12951 12958 12949 12958 12957 12955 12954 12959 12955 12959 12960 12954 12956 12961 12954 12961 12959 12962 12963 12964 12962 12964 12965 12963 12966 12967 12963 12967 12964 12966 12968 12969 12966 12969 12967 12968 12970 12971 12968 12971 12969 12970 12972 12973 12970 12973 12971 12972 12974 12975 12972 12975 12973 12965 12964 12976 12965 12976 12977 12964 12967 12978 12964 12978 12976 12967 12969 12979 12967 12979 12978 12969 12971 12980 12969 12980 12979 12971 12973 12981 12971 12981 12980 12973 12975 12982 12973 12982 12981 12977 12976 12983 12977 12983 12984 12976 12978 12985 12976 12985 12983 12978 12979 12986 12978 12986 12985 12979 12980 12987 12979 12987 12986 12980 12981 12988 12980 12988 12987 12981 12982 12989 12981 12989 12988</p></triangles>
<triangles material="m-t_meadow" count="2411"><input semantic="VERTEX" source="#geo0-vtx" offset="0"/><p>3183 3184 12990 3183 12990 12620 3184 3185 3301 3184 3301 12990 12620 12990 12867 12620 12867 12855 12990 3301 12869 12990 12869 12867 3301 3300 3412 3301 3412 12869 12869 3412 12873 12869 12873 12870 3412 3411 12875 3412 12875 12873 3411 3413 3522 3411 3522 12875 12875 3522 12881 12875 12881 12876 3522 3521 3629 3522 3629 12881 12639 12871 12878 12639 12878 12641 3629 3628 12888 3629 12888 12883 3628 3630 3735 3628 3735 12888 12641 12878 12991 12641 12991 12643 12878 12877 12992 12878 12992 12991 12877 12879 12885 12877 12885 12992 3735 3734 3839 3735 3839 12890 12643 12991 12993 12643 12993 12645 12991 12992 12994 12991 12994 12993 12992 12885 12995 12992 12995 12994 12885 12884 12996 12885 12996 12995 12884 12886 12892 12884 12892 12996 12645 12993 12997 12645 12997 12647 12993 12994 12998 12993 12998 12997 12994 12995 12999 12994 12999 12998 12995 12996 13000 12995 13000 12999 12996 12892 13001 12996 13001 13000 12892 12891 13002 12892 13002 13001 12891 12893 12897 12891 12897 13002 12647 12997 13003 12647 13003 12649 12997 12998 13004 12997 13004 13003 12998 12999 13005 12998 13005 13004 12999 13000 13006 12999 13006 13005 13000 13001 13007 13000 13007 13006 13001 13002 13008 13001 13008 13007 13002 12897 13009 13002 13009 13008 12897 12896 13010 12897 13010 13009 12896 12898 12902 12896 12902 13010 4043 4042 4142 4043 4142 12904 12904 4142 12651 12904 12651 13011 4142 4141 12652 4142 12652 12651 4141 4143 4240 4141 4240 12652 13011 12651 12654 13011 12654 13012 13012 12654 12657 13012 12657 13013 4335 4334 4429 4335 4429 12659 13013 12657 12661 13013 12661 13014 12659 4429 13015 12659 13015 12663 4429 4428 4522 4429 4522 13015 13014 12661 12665 13014 12665 13016 12663 13015 13017 12663 13017 12667 13015 4522 13018 13015 13018 13017 4522 4521 4613 4522 4613 13018 13016 12665 12669 13016 12669 13019 12667 13017 13020 12667 13020 12671 13017 13018 13021 13017 13021 13020 13018 4613 13022 13018 13022 13021 4613 4612 4703 4613 4703 13022 13019 12669 12673 13019 12673 13023 12671 13020 13024 12671 13024 12675 13020 13021 13025 13020 13025 13024 13021 13022 13026 13021 13026 13025 13022 4703 13027 13022 13027 13026 4703 4702 4792 4703 4792 13027 13023 12673 12677 13023 12677 12681 12675 13024 13028 12675 13028 12679 13024 13025 13029 13024 13029 13028 13025 13026 13030 13025 13030 13029 13026 13027 13031 13026 13031 13030 13027 4792 13032 13027 13032 13031 4792 4791 4879 4792 4879 13032 12681 12677 12685 12681 12685 12682 12679 13028 13033 12679 13033 12687 13028 13029 13034 13028 13034 13033 13029 13030 13035 13029 13035 13034 13030 13031 13036 13030 13036 13035 13031 13032 13037 13031 13037 13036 13032 4879 4965 13032 4965 13037 12682 12685 12691 12682 12691 12688 12687 13033 13038 12687 13038 12693 13033 13034 13039 13033 13039 13038 13034 13035 13040 13034 13040 13039 13035 13036 13041 13035 13041 13040 13036 13037 13042 13036 13042 13041 13037 4965 5050 13037 5050 13042 12688 12691 12697 12688 12697 12694 12693 13038 13043 12693 13043 12699 13038 13039 13044 13038 13044 13043 13039 13040 13045 13039 13045 13044 13040 13041 13046 13040 13046 13045 13041 13042 13047 13041 13047 13046 13042 5050 5135 13042 5135 13047 12694 12697 12703 12694 12703 12700 12699 13043 13048 12699 13048 12705 13043 13044 13049 13043 13049 13048 13044 13045 13050 13044 13050 13049 13045 13046 13051 13045 13051 13050 13046 13047 13052 13046 13052 13051 13047 5135 5220 13047 5220 13052 12700 12703 12709 12700 12709 12706 12705 13048 13053 12705 13053 12711 13048 13049 13054 13048 13054 13053 13049 13050 13055 13049 13055 13054 13050 13051 13056 13050 13056 13055 13051 13052 13057 13051 13057 13056 13052 5220 5304 13052 5304 13057 12713 13058 13059 13058 13060 13061 13060 13062 13063 13062 13064 13065 13064 13066 13067 13066 13068 13069 13068 13070 13071 12706 12709 13072 12706 13072 12715 12709 12708 13073 12709 13073 13072 12708 12710 13074 12708 13074 13073 12710 12711 13075 12710 13075 13074 12711 13053 13076 12711 13076 13075 13053 13054 13077 13053 13077 13076 13054 13055 13078 13054 13078 13077 13055 13056 13079 13055 13079 13078 13056 13057 13080 13056 13080 13079 13057 5304 13081 13057 13081 13080 5304 5303 5388 5304 5388 13081 12715 13072 13082 12715 13082 12717 13072 13073 13083 13072 13083 13082 13073 13074 13084 13073 13084 13083 13074 13075 13085 13074 13085 13084 13075 13076 13086 13075 13086 13085 13076 13077 13087 13076 13087 13086 13077 13078 13088 13077 13088 13087 13078 13079 13089 13078 13089 13088 13079 13080 13090 13079 13090 13089 13080 13081 13091 13080 13091 13090 13081 5388 13092 13081 13092 13091 5388 5387 5471 5388 5471 13092 12717 13082 13093 12717 13093 12719 13082 13083 13094 13082 13094 13093 13083 13084 13095 13083 13095 13094 13084 13085 13096 13084 13096 13095 13085 13086 13097 13085 13097 13096 13086 13087 13098 13086 13098 13097 13087 13088 13099 13087 13099 13098 13088 13089 13100 13088 13100 13099 13089 13090 13101 13089 13101 13100 13090 13091 13102 13090 13102 13101 13091 13092 13103 13091 13103 13102 13092 5471 13104 13092 13104 13103 5471 5470 5552 5471 5552 13104 12719 13093 13105 12719 13105 12721 13093 13094 13106 13093 13106 13105 13094 13095 13107 13094 13107 13106 13095 13096 13108 13095 13108 13107 13096 13097 13109 13096 13109 13108 13097 13098 13110 13097 13110 13109 13098 13099 13111 13098 13111 13110 13099 13100 13112 13099 13112 13111 13100 13101 13113 13100 13113 13112 13101 13102 13114 13101 13114 13113 13102 13103 13115 13102 13115 13114 13103 13104 13116 13103 13116 13115 13104 5552 13117 13104 13117 13116 5552 5551 5632 5552 5632 13117 12721 13105 13118 12721 13118 12723 13105 13106 13119 13105 13119 13118 13106 13107 13120 13106 13120 13119 13107 13108 13121 13107 13121 13120 13108 13109 13122 13108 13122 13121 13109 13110 13123 13109 13123 13122 13110 13111 13124 13110 13124 13123 13111 13112 13125 13111 13125 13124 13112 13113 13126 13112 13126 13125 13113 13114 13127 13113 13127 13126 13114 13115 13128 13114 13128 13127 13115 13116 13129 13115 13129 13128 13116 13117 13130 13116 13130 13129 13117 5632 5710 13117 5710 13130 12723 13118 13131 12723 13131 12725 13118 13119 13132 13118 13132 13131 13119 13120 13133 13119 13133 13132 13120 13121 13134 13120 13134 13133 13121 13122 13135 13121 13135 13134 13122 13123 13136 13122 13136 13135 13123 13124 13137 13123 13137 13136 13124 13125 13138 13124 13138 13137 13125 13126 13139 13125 13139 13138 13126 13127 13140 13126 13140 13139 13127 13128 13141 13127 13141 13140 13128 13129 13142 13128 13142 13141 13129 13130 12905 13129 12905 13142 13130 5710 12906 13130 12906 12905 5710 5709 5788 5710 5788 12906 12725 13131 13143 12725 13143 12727 13131 13132 13144 13131 13144 13143 13132 13133 13145 13132 13145 13144 13133 13134 13146 13133 13146 13145 13134 13135 13147 13134 13147 13146 13135 13136 13148 13135 13148 13147 13136 13137 13149 13136 13149 13148 13137 13138 13150 13137 13150 13149 13138 13139 13151 13138 13151 13150 13139 13140 13152 13139 13152 13151 13140 13141 12910 13140 12910 13152 13141 13142 12911 13141 12911 12910 13142 12905 12908 13142 12908 12911 5788 5787 5865 5788 5865 12909 12727 13143 13153 12727 13153 12729 13143 13144 13154 13143 13154 13153 13144 13145 13155 13144 13155 13154 13145 13146 13156 13145 13156 13155 13146 13147 13157 13146 13157 13156 13147 13148 13158 13147 13158 13157 13148 13149 13159 13148 13159 13158 13149 13150 13160 13149 13160 13159 13150 13151 13161 13150 13161 13160 13151 13152 12917 13151 12917 13161 13152 12910 12913 13152 12913 12917 12909 5865 5940 12909 5940 12916 12729 13153 13162 12729 13162 12731 13153 13154 13163 13153 13163 13162 13154 13155 13164 13154 13164 13163 13155 13156 13165 13155 13165 13164 13156 13157 13166 13156 13166 13165 13157 13158 13167 13157 13167 13166 13158 13159 13168 13158 13168 13167 13159 13160 12922 13159 12922 13168 13160 13161 12923 13160 12923 12922 13161 12917 12919 13161 12919 12923 12914 12915 13169 12914 13169 12921 12915 12916 13170 12915 13170 13169 12916 5940 13171 12916 13171 13170 5940 5939 6015 5940 6015 13171 12731 13162 13172 12731 13172 12733 13162 13163 13173 13162 13173 13172 13163 13164 13174 13163 13174 13173 13164 13165 13175 13164 13175 13174 13165 13166 13176 13165 13176 13175 13166 13167 12928 13166 12928 13176 13167 13168 12929 13167 12929 12928 13168 12922 12925 13168 12925 12929 12918 12920 13177 12918 13177 12927 12920 12921 13178 12920 13178 13177 12921 13169 13179 12921 13179 13178 13169 13170 13180 13169 13180 13179 13170 13171 13181 13170 13181 13180 13171 6015 6088 13171 6088 13181 12733 13172 13182 12733 13182 12735 13172 13173 13183 13172 13183 13182 13173 13174 13184 13173 13184 13183 13174 13175 13185 13174 13185 13184 13175 13176 12935 13175 12935 13185 13176 12928 12931 13176 12931 12935 12926 12927 13186 12926 13186 12934 12927 13177 13187 12927 13187 13186 13177 13178 13188 13177 13188 13187 13178 13179 13189 13178 13189 13188 13179 13180 13190 13179 13190 13189 13180 13181 13191 13180 13191 13190 13181 6088 13192 13181 13192 13191 6088 6087 6161 6088 6161 13192 12735 13182 13193 12735 13193 12737 13182 13183 13194 13182 13194 13193 13183 13184 12940 13183 12940 13194 13184 13185 12941 13184 12941 12940 13185 12935 12937 13185 12937 12941 12932 12933 13195 12932 13195 12939 12933 12934 13196 12933 13196 13195 12934 13186 13197 12934 13197 13196 13186 13187 13198 13186 13198 13197 13187 13188 13199 13187 13199 13198 13188 13189 13200 13188 13200 13199 13189 13190 13201 13189 13201 13200 13190 13191 13202 13190 13202 13201 13191 13192 13203 13191 13203 13202 13192 6161 13204 13192 13204 13203 6161 6160 6232 6161 6232 13204 12737 13193 12947 12737 12947 12739 13193 13194 12948 13193 12948 12947 13194 12940 12943 13194 12943 12948 12938 12939 13205 12938 13205 12946 12939 13195 13206 12939 13206 13205 13195 13196 13207 13195 13207 13206 13196 13197 13208 13196 13208 13207 13197 13198 13209 13197 13209 13208 13198 13199 13210 13198 13210 13209 13199 13200 13211 13199 13211 13210 13200 13201 13212 13200 13212 13211 13201 13202 13213 13201 13213 13212 13202 13203 13214 13202 13214 13213 13203 13204 13215 13203 13215 13214 13204 6232 13216 13204 13216 13215 6232 6231 13217 6232 13217 13216 6231 6233 13218 6231 13218 13217 6233 6234 13219 6233 13219 13218 6234 6235 6302 6234 6302 13219 12743 13220 13221 12743 13221 12744 13220 13222 13223 13220 13223 13221 13222 13224 13225 13222 13225 13223 13224 13226 13227 13224 13227 13225 13226 13228 13229 13226 13229 13227 13228 13230 13231 13228 13231 13229 13230 13232 13233 13230 13233 13231 13232 13234 13235 13232 13235 13233 13234 13236 13237 13234 13237 13235 13236 12745 12748 13236 12748 13237 12739 12947 12950 12739 12950 12810 12944 12945 13238 12944 13238 12953 12945 12946 13239 12945 13239 13238 12946 13205 13240 12946 13240 13239 13205 13206 13241 13205 13241 13240 13206 13207 13242 13206 13242 13241 13207 13208 13243 13207 13243 13242 13208 13209 13244 13208 13244 13243 13209 13210 13245 13209 13245 13244 13210 13211 13246 13210 13246 13245 13211 13212 13247 13211 13247 13246 13212 13213 13248 13212 13248 13247 13213 13214 13249 13213 13249 13248 13214 13215 13250 13214 13250 13249 13215 13216 13251 13215 13251 13250 13216 13217 13252 13216 13252 13251 13217 13218 13253 13217 13253 13252 13218 13219 13254 13218 13254 13253 13219 6302 13255 13219 13255 13254 6302 6301 13256 6302 13256 13255 6301 6303 13257 6301 13257 13256 6303 6304 13258 6303 13258 13257 6304 6305 6367 6304 6367 13258 12742 12744 13259 12742 13259 12811 12744 13221 13260 12744 13260 13259 13221 13223 13261 13221 13261 13260 13223 13225 13262 13223 13262 13261 13225 13227 13263 13225 13263 13262 13227 13229 13264 13227 13264 13263 13229 13231 13265 13229 13265 13264 13231 13233 13266 13231 13266 13265 13233 13235 13267 13233 13267 13266 13235 13237 13268 13235 13268 13267 13237 12748 13269 13237 13269 13268 12748 12747 13270 12748 13270 13269 12951 12952 13271 12951 13271 12958 12952 12953 13272 12952 13272 13271 12953 13238 13273 12953 13273 13272 13238 13239 13274 13238 13274 13273 13239 13240 13275 13239 13275 13274 13240 13241 13276 13240 13276 13275 13241 13242 13277 13241 13277 13276 13242 13243 13278 13242 13278 13277 13243 13244 13279 13243 13279 13278 13244 13245 13280 13244 13280 13279 13245 13246 13281 13245 13281 13280 13246 13247 13282 13246 13282 13281 13247 13248 13283 13247 13283 13282 13248 13249 13284 13248 13284 13283 13249 13250 13285 13249 13285 13284 13250 13251 13286 13250 13286 13285 13251 13252 13287 13251 13287 13286 13252 13253 13288 13252 13288 13287 13253 13254 13289 13253 13289 13288 13254 13255 13290 13254 13290 13289 13255 13256 13291 13255 13291 13290 13256 13257 13292 13256 13292 13291 13257 13258 13293 13257 13293 13292 13258 6367 13294 13258 13294 13293 6367 6366 6428 6367 6428 13294 12811 13259 13295 12811 13295 12813 13259 13260 13296 13259 13296 13295 13260 13261 13297 13260 13297 13296 13261 13262 13298 13261 13298 13297 13262 13263 13299 13262 13299 13298 13263 13264 13300 13263 13300 13299 13264 13265 13301 13264 13301 13300 13265 13266 13302 13265 13302 13301 13266 13267 13303 13266 13303 13302 13267 13268 13304 13267 13304 13303 13268 13269 13305 13268 13305 13304 13269 13270 13306 13269 13306 13305 12956 12957 13307 12956 13307 12961 12957 12958 13308 12957 13308 13307 12958 13271 13309 12958 13309 13308 13271 13272 13310 13271 13310 13309 13272 13273 13311 13272 13311 13310 13273 13274 13312 13273 13312 13311 13274 13275 13313 13274 13313 13312 13275 13276 13314 13275 13314 13313 13276 13277 13315 13276 13315 13314 13277 13278 13316 13277 13316 13315 13278 13279 13317 13278 13317 13316 13279 13280 13318 13279 13318 13317 13280 13281 13319 13280 13319 13318 13281 13282 13320 13281 13320 13319 13282 13283 13321 13282 13321 13320 13283 13284 13322 13283 13322 13321 13284 13285 13323 13284 13323 13322 13285 13286 13324 13285 13324 13323 13286 13287 13325 13286 13325 13324 13287 13288 13326 13287 13326 13325 13288 13289 13327 13288 13327 13326 13289 13290 13328 13289 13328 13327 13290 13291 13329 13290 13329 13328 13291 13292 13330 13291 13330 13329 13292 13293 13331 13292 13331 13330 13293 13294 13332 13293 13332 13331 13294 6428 6488 13294 6488 13332 12812 12813 13333 12812 13333 12814 12813 13295 13334 12813 13334 13333 13295 13296 13335 13295 13335 13334 13296 13297 13336 13296 13336 13335 13297 13298 13337 13297 13337 13336 13298 13299 13338 13298 13338 13337 13299 13300 13339 13299 13339 13338 13300 13301 13340 13300 13340 13339 13301 13302 13341 13301 13341 13340 13302 13303 13342 13302 13342 13341 13303 13304 13343 13303 13343 13342 13304 13305 13344 13304 13344 13343 13305 13306 13345 13305 13345 13344 12959 12961 13346 12959 13346 13347 12961 13307 13348 12961 13348 13346 13307 13308 13349 13307 13349 13348 13308 13309 13350 13308 13350 13349 13309 13310 13351 13309 13351 13350 13310 13311 13352 13310 13352 13351 13311 13312 13353 13311 13353 13352 13312 13313 13354 13312 13354 13353 13313 13314 13355 13313 13355 13354 13314 13315 13356 13314 13356 13355 13315 13316 13357 13315 13357 13356 13316 13317 13358 13316 13358 13357 13317 13318 13359 13317 13359 13358 13318 13319 13360 13318 13360 13359 13319 13320 13361 13319 13361 13360 13320 13321 13362 13320 13362 13361 13321 13322 13363 13321 13363 13362 13322 13323 13364 13322 13364 13363 13323 13324 13365 13323 13365 13364 13324 13325 13366 13324 13366 13365 13325 13326 13367 13325 13367 13366 13326 13327 13368 13326 13368 13367 13327 13328 13369 13327 13369 13368 13328 13329 13370 13328 13370 13369 13329 13330 13371 13329 13371 13370 13330 13331 13372 13330 13372 13371 13331 13332 13373 13331 13373 13372 13332 6488 13374 13332 13374 13373 6488 6487 6547 6488 6547 13374 12814 13333 13375 12814 13375 12816 13333 13334 13376 13333 13376 13375 13334 13335 13377 13334 13377 13376 13335 13336 13378 13335 13378 13377 13336 13337 13379 13336 13379 13378 13337 13338 13380 13337 13380 13379 13338 13339 13381 13338 13381 13380 13339 13340 13382 13339 13382 13381 13340 13341 13383 13340 13383 13382 13341 13342 13384 13341 13384 13383 13342 13343 13385 13342 13385 13384 13343 13344 13386 13343 13386 13385 13344 13345 13387 13344 13387 13386 13347 13346 13388 13347 13388 13389 13346 13348 13390 13346 13390 13388 13348 13349 13391 13348 13391 13390 13349 13350 13392 13349 13392 13391 13350 13351 13393 13350 13393 13392 13351 13352 13394 13351 13394 13393 13352 13353 13395 13352 13395 13394 13353 13354 13396 13353 13396 13395 13354 13355 13397 13354 13397 13396 13355 13356 13398 13355 13398 13397 13356 13357 13399 13356 13399 13398 13357 13358 13400 13357 13400 13399 13358 13359 13401 13358 13401 13400 13359 13360 13402 13359 13402 13401 13360 13361 13403 13360 13403 13402 13361 13362 13404 13361 13404 13403 13362 13363 13405 13362 13405 13404 13363 13364 13406 13363 13406 13405 13364 13365 13407 13364 13407 13406 13365 13366 13408 13365 13408 13407 13366 13367 13409 13366 13409 13408 13367 13368 13410 13367 13410 13409 13368 13369 13411 13368 13411 13410 13369 13370 13412 13369 13412 13411 13370 13371 13413 13370 13413 13412 13371 13372 13414 13371 13414 13413 13372 13373 13415 13372 13415 13414 13373 13374 13416 13373 13416 13415 13374 6547 6605 13374 6605 13416 12815 12816 13417 12815 13417 12817 12816 13375 13418 12816 13418 13417 13375 13376 13419 13375 13419 13418 13376 13377 13420 13376 13420 13419 13377 13378 13421 13377 13421 13420 13378 13379 13422 13378 13422 13421 13379 13380 13423 13379 13423 13422 13380 13381 13424 13380 13424 13423 13381 13382 13425 13381 13425 13424 13382 13383 13426 13382 13426 13425 13383 13384 13427 13383 13427 13426 13384 13385 13428 13384 13428 13427 13385 13386 13429 13385 13429 13428 13386 13387 13430 13386 13430 13429 13389 13388 13431 13389 13431 13432 13388 13390 13433 13388 13433 13431 13390 13391 13434 13390 13434 13433 13391 13392 13435 13391 13435 13434 13392 13393 13436 13392 13436 13435 13393 13394 13437 13393 13437 13436 13394 13395 13438 13394 13438 13437 13395 13396 13439 13395 13439 13438 13396 13397 13440 13396 13440 13439 13397 13398 13441 13397 13441 13440 13398 13399 13442 13398 13442 13441 13399 13400 13443 13399 13443 13442 13400 13401 13444 13400 13444 13443 13401 13402 13445 13401 13445 13444 13402 13403 13446 13402 13446 13445 13403 13404 13447 13403 13447 13446 13404 13405 13448 13404 13448 13447 13405 13406 13449 13405 13449 13448 13406 13407 13450 13406 13450 13449 13407 13408 13451 13407 13451 13450 13408 13409 13452 13408 13452 13451 13409 13410 13453 13409 13453 13452 13410 13411 13454 13410 13454 13453 13411 13412 13455 13411 13455 13454 13412 13413 13456 13412 13456 13455 13413 13414 13457 13413 13457 13456 13414 13415 13458 13414 13458 13457 13415 13416 13459 13415 13459 13458 13416 6605 13460 13416 13460 13459 6605 6604 6662 6605 6662 13460 12817 13417 13461 12817 13461 12819 13417 13418 13462 13417 13462 13461 13418 13419 13463 13418 13463 13462 13419 13420 13464 13419 13464 13463 13420 13421 13465 13420 13465 13464 13421 13422 13466 13421 13466 13465 13422 13423 13467 13422 13467 13466 13423 13424 13468 13423 13468 13467 13424 13425 13469 13424 13469 13468 13425 13426 13470 13425 13470 13469 13426 13427 13471 13426 13471 13470 13427 13428 13472 13427 13472 13471 13428 13429 13473 13428 13473 13472 13429 13430 13474 13429 13474 13473 13430 13475 13476 13430 13476 13474 13475 13477 13478 13475 13478 13476 13477 13479 13480 13477 13480 13478 13479 13481 13482 13479 13482 13480 13481 13483 13484 13481 13484 13482 13483 13485 13486 13483 13486 13484 13485 13487 13488 13485 13488 13486 13487 13489 13490 13487 13490 13488 13489 13491 13492 13489 13492 13490 13491 13493 13494 13491 13494 13492 13493 13495 13496 13493 13496 13494 13495 13497 13498 13495 13498 13496 13497 13499 13500 13497 13500 13498 13499 13501 13502 13499 13502 13500 13501 12984 13503 13501 13503 13502 12984 12983 13504 12984 13504 13503 12983 12985 13505 12983 13505 13504 12985 12986 13506 12985 13506 13505 12986 12987 13507 12986 13507 13506 12987 12988 13508 12987 13508 13507 12988 12989 13509 12988 13509 13508 12989 13510 13511 12989 13511 13509 13510 13512 13513 13510 13513 13511 13512 13514 13515 13512 13515 13513 13514 13516 13517 13514 13517 13515 13516 13518 13519 13516 13519 13517 13518 13520 13521 13518 13521 13519 13520 13522 13523 13520 13523 13521 13522 13524 13525 13522 13525 13523 13524 13526 13527 13524 13527 13525 13526 13528 13529 13526 13529 13527 13528 13432 13530 13528 13530 13529 13432 13431 13531 13432 13531 13530 13431 13433 13532 13431 13532 13531 13433 13434 13533 13433 13533 13532 13434 13435 13534 13434 13534 13533 13435 13436 13535 13435 13535 13534 13436 13437 13536 13436 13536 13535 13437 13438 13537 13437 13537 13536 13438 13439 13538 13438 13538 13537 13439 13440 13539 13439 13539 13538 13440 13441 13540 13440 13540 13539 13441 13442 13541 13441 13541 13540 13442 13443 13542 13442 13542 13541 13443 13444 13543 13443 13543 13542 13444 13445 13544 13444 13544 13543 13445 13446 13545 13445 13545 13544 13446 13447 13546 13446 13546 13545 13447 13448 13547 13447 13547 13546 13448 13449 13548 13448 13548 13547 13449 13450 13549 13449 13549 13548 13450 13451 13550 13450 13550 13549 13451 13452 13551 13451 13551 13550 13452 13453 13552 13452 13552 13551 13453 13454 13553 13453 13553 13552 13454 13455 13554 13454 13554 13553 13455 13456 13555 13455 13555 13554 13456 13457 13556 13456 13556 13555 13457 13458 13557 13457 13557 13556 13458 13459 13558 13458 13558 13557 13459 13460 13559 13459 13559 13558 13460 6662 6718 13460 6718 13559 12818 12819 13560 12818 13560 12820 12819 13461 13561 12819 13561 13560 13461 13462 13562 13461 13562 13561 13462 13463 13563 13462 13563 13562 13463 13464 13564 13463 13564 13563 13464 13465 13565 13464 13565 13564 13465 13466 13566 13465 13566 13565 13466 13467 13567 13466 13567 13566 13467 13468 13568 13467 13568 13567 13468 13469 13569 13468 13569 13568 13469 13470 13570 13469 13570 13569 13470 13471 13571 13470 13571 13570 13471 13472 13572 13471 13572 13571 13472 13473 13573 13472 13573 13572 13473 13474 13574 13473 13574 13573 13474 13476 13575 13474 13575 13574 13476 13478 13576 13476 13576 13575 13478 13480 13577 13478 13577 13576 13480 13482 13578 13480 13578 13577 13482 13484 13579 13482 13579 13578 13484 13486 13580 13484 13580 13579 13486 13488 13581 13486 13581 13580 13488 13490 13582 13488 13582 13581 13490 13492 13583 13490 13583 13582 13492 13494 13584 13492 13584 13583 13494 13496 13585 13494 13585 13584 13496 13498 13586 13496 13586 13585 13498 13500 13587 13498 13587 13586 13500 13502 13588 13500 13588 13587 13502 13503 13589 13502 13589 13588 13503 13504 13590 13503 13590 13589 13504 13505 13591 13504 13591 13590 13505 13506 13592 13505 13592 13591 13506 13507 13593 13506 13593 13592 13507 13508 13594 13507 13594 13593 13508 13509 13595 13508 13595 13594 13509 13511 13596 13509 13596 13595 13511 13513 13597 13511 13597 13596 13513 13515 13598 13513 13598 13597 13515 13517 13599 13515 13599 13598 13517 13519 13600 13517 13600 13599 13519 13521 13601 13519 13601 13600 13521 13523 13602 13521 13602 13601 13523 13525 13603 13523 13603 13602 13525 13527 13604 13525 13604 13603 13527 13529 13605 13527 13605 13604 13529 13530 13606 13529 13606 13605 13530 13531 13607 13530 13607 13606 13531 13532 13608 13531 13608 13607 13532 13533 13609 13532 13609 13608 13533 13534 13610 13533 13610 13609 13534 13535 13611 13534 13611 13610 13535 13536 13612 13535 13612 13611 13536 13537 13613 13536 13613 13612 13537 13538 13614 13537 13614 13613 13538 13539 13615 13538 13615 13614 13539 13540 13616 13539 13616 13615 13540 13541 13617 13540 13617 13616 13541 13542 13618 13541 13618 13617 13542 13543 13619 13542 13619 13618 13543 13544 13620 13543 13620 13619 13544 13545 13621 13544 13621 13620 13545 13546 13622 13545 13622 13621 13546 13547 13623 13546 13623 13622 13547 13548 13624 13547 13624 13623 13548 13549 13625 13548 13625 13624 13549 13550 13626 13549 13626 13625 13550 13551 13627 13550 13627 13626 13551 13552 13628 13551 13628 13627 13552 13553 13629 13552 13629 13628 13553 13554 13630 13553 13630 13629 13554 13555 13631 13554 13631 13630 13555 13556 13632 13555 13632 13631 13556 13557 13633 13556 13633 13632 13557 13558 13634 13557 13634 13633 13558 13559 13635 13558 13635 13634 13559 6718 13636 13559 13636 13635 6718 6717 6773 6718 6773 13636 12820 13560 13637 12820 13637 12822 13560 13561 13638 13560 13638 13637 13561 13562 13639 13561 13639 13638 13562 13563 13640 13562 13640 13639 13563 13564 13641 13563 13641 13640 13564 13565 13642 13564 13642 13641 13565 13566 13643 13565 13643 13642 13566 13567 13644 13566 13644 13643 13567 13568 13645 13567 13645 13644 13568 13569 13646 13568 13646 13645 13569 13570 13647 13569 13647 13646 13570 13571 13648 13570 13648 13647 13571 13572 13649 13571 13649 13648 13572 13573 13650 13572 13650 13649 13573 13574 13651 13573 13651 13650 13574 13575 13652 13574 13652 13651 13575 13576 13653 13575 13653 13652 13576 13577 13654 13576 13654 13653 13577 13578 13655 13577 13655 13654 13578 13579 13656 13578 13656 13655 13579 13580 13657 13579 13657 13656 13580 13581 13658 13580 13658 13657 13581 13582 13659 13581 13659 13658 13582 13583 13660 13582 13660 13659 13583 13584 13661 13583 13661 13660 13584 13585 13662 13584 13662 13661 13585 13586 13663 13585 13663 13662 13586 13587 13664 13586 13664 13663 13587 13588 13665 13587 13665 13664 13588 13589 13666 13588 13666 13665 13589 13590 13667 13589 13667 13666 13590 13591 13668 13590 13668 13667 13591 13592 13669 13591 13669 13668 13592 13593 13670 13592 13670 13669 13593 13594 13671 13593 13671 13670 13594 13595 13672 13594 13672 13671 13595 13596 13673 13595 13673 13672 13596 13597 13674 13596 13674 13673 13597 13598 13675 13597 13675 13674 13598 13599 13676 13598 13676 13675 13599 13600 13677 13599 13677 13676 13600 13601 13678 13600 13678 13677 13601 13602 13679 13601 13679 13678 13602 13603 13680 13602 13680 13679 13603 13604 13681 13603 13681 13680 13604 13605 13682 13604 13682 13681 13605 13606 13683 13605 13683 13682 13606 13607 13684 13606 13684 13683 13607 13608 13685 13607 13685 13684 13608 13609 13686 13608 13686 13685 13609 13610 13687 13609 13687 13686 13610 13611 13688 13610 13688 13687 13611 13612 13689 13611 13689 13688 13612 13613 13690 13612 13690 13689 13613 13614 13691 13613 13691 13690 13614 13615 13692 13614 13692 13691 13615 13616 13693 13615 13693 13692 13616 13617 13694 13616 13694 13693 13617 13618 13695 13617 13695 13694 13618 13619 13696 13618 13696 13695 13619 13620 13697 13619 13697 13696 13620 13621 13698 13620 13698 13697 13621 13622 13699 13621 13699 13698 13622 13623 13700 13622 13700 13699 13623 13624 13701 13623 13701 13700 13624 13625 13702 13624 13702 13701 13625 13626 13703 13625 13703 13702 13626 13627 13704 13626 13704 13703 13627 13628 13705 13627 13705 13704 13628 13629 13706 13628 13706 13705 13629 13630 13707 13629 13707 13706 13630 13631 13708 13630 13708 13707 13631 13632 13709 13631 13709 13708 13632 13633 13710 13632 13710 13709 13633 13634 13711 13633 13711 13710 13634 13635 13712 13634 13712 13711 13635 13636 13713 13635 13713 13712 13636 6773 6827 13636 6827 13713 12822 13637 13714 12822 13714 12824 13637 13638 13715 13637 13715 13714 13638 13639 13716 13638 13716 13715 13639 13640 13717 13639 13717 13716 13640 13641 13718 13640 13718 13717 13641 13642 13719 13641 13719 13718 13642 13643 13720 13642 13720 13719 13643 13644 13721 13643 13721 13720 13644 13645 13722 13644 13722 13721 13645 13646 13723 13645 13723 13722 13646 13647 13724 13646 13724 13723 13647 13648 13725 13647 13725 13724 13648 13649 13726 13648 13726 13725 13649 13650 13727 13649 13727 13726 13650 13651 13728 13650 13728 13727 13651 13652 13729 13651 13729 13728 13652 13653 13730 13652 13730 13729 13653 13654 13731 13653 13731 13730 13654 13655 13732 13654 13732 13731 13655 13656 13733 13655 13733 13732 13656 13657 13734 13656 13734 13733 13657 13658 13735 13657 13735 13734 13658 13659 13736 13658 13736 13735 13659 13660 13737 13659 13737 13736 13660 13661 13738 13660 13738 13737 13661 13662 13739 13661 13739 13738 13662 13663 13740 13662 13740 13739 13663 13664 13741 13663 13741 13740 13664 13665 13742 13664 13742 13741 13665 13666 13743 13665 13743 13742 13666 13667 13744 13666 13744 13743 13667 13668 13745 13667 13745 13744 13668 13669 13746 13668 13746 13745 13669 13670 13747 13669 13747 13746 13670 13671 13748 13670 13748 13747 13671 13672 13749 13671 13749 13748 13672 13673 13750 13672 13750 13749 13673 13674 13751 13673 13751 13750 13674 13675 13752 13674 13752 13751 13675 13676 13753 13675 13753 13752 13676 13677 13754 13676 13754 13753 13677 13678 13755 13677 13755 13754 13678 13679 13756 13678 13756 13755 13679 13680 13757 13679 13757 13756 13680 13681 13758 13680 13758 13757 13681 13682 13759 13681 13759 13758 13682 13683 13760 13682 13760 13759 13683 13684 13761 13683 13761 13760 13684 13685 13762 13684 13762 13761 13685 13686 13763 13685 13763 13762 13686 13687 13764 13686 13764 13763 13687 13688 13765 13687 13765 13764 13688 13689 13766 13688 13766 13765 13689 13690 13767 13689 13767 13766 13690 13691 13768 13690 13768 13767 13691 13692 13769 13691 13769 13768 13692 13693 13770 13692 13770 13769 13693 13694 13771 13693 13771 13770 13694 13695 13772 13694 13772 13771 13695 13696 13773 13695 13773 13772 13696 13697 13774 13696 13774 13773 13697 13698 13775 13697 13775 13774 13698 13699 13776 13698 13776 13775 13699 13700 13777 13699 13777 13776 13700 13701 13778 13700 13778 13777 13701 13702 13779 13701 13779 13778 13702 13703 13780 13702 13780 13779 13703 13704 13781 13703 13781 13780 13704 13705 13782 13704 13782 13781 13705 13706 13783 13705 13783 13782 13706 13707 13784 13706 13784 13783 13707 13708 13785 13707 13785 13784 13708 13709 13786 13708 13786 13785 13709 13710 13787 13709 13787 13786 13710 13711 13788 13710 13788 13787 13711 13712 13789 13711 13789 13788 13712 13713 13790 13712 13790 13789 13713 6827 13791 13713 13791 13790 6827 6826 6880 6827 6880 13791 12823 12824 13792 12823 13792 12825 12824 13714 13793 12824 13793 13792 13714 13715 13794 13714 13794 13793 13715 13716 13795 13715 13795 13794 13716 13717 13796 13716 13796 13795 13717 13718 13797 13717 13797 13796 13718 13719 13798 13718 13798 13797 13719 13720 13799 13719 13799 13798 13720 13721 13800 13720 13800 13799 13721 13722 13801 13721 13801 13800 13722 13723 13802 13722 13802 13801 13723 13724 13803 13723 13803 13802 13724 13725 13804 13724 13804 13803 13725 13726 13805 13725 13805 13804 13726 13727 13806 13726 13806 13805 13727 13728 13807 13727 13807 13806 13728 13729 13808 13728 13808 13807 13729 13730 13809 13729 13809 13808 13730 13731 13810 13730 13810 13809 13731 13732 13811 13731 13811 13810 13732 13733 13812 13732 13812 13811 13733 13734 13813 13733 13813 13812 13734 13735 13814 13734 13814 13813 13735 13736 13815 13735 13815 13814 13736 13737 13816 13736 13816 13815 13737 13738 13817 13737 13817 13816 13738 13739 13818 13738 13818 13817 13739 13740 13819 13739 13819 13818 13740 13741 13820 13740 13820 13819 13741 13742 13821 13741 13821 13820 13742 13743 13822 13742 13822 13821 13743 13744 13823 13743 13823 13822 13744 13745 13824 13744 13824 13823 13745 13746 13825 13745 13825 13824 13746 13747 13826 13746 13826 13825 13747 13748 13827 13747 13827 13826 13748 13749 13828 13748 13828 13827 13749 13750 13829 13749 13829 13828 13750 13751 13830 13750 13830 13829 13751 13752 13831 13751 13831 13830 13752 13753 13832 13752 13832 13831 13753 13754 13833 13753 13833 13832 13754 13755 13834 13754 13834 13833 13755 13756 13835 13755 13835 13834 13756 13757 13836 13756 13836 13835 13757 13758 13837 13757 13837 13836 13758 13759 13838 13758 13838 13837 13759 13760 13839 13759 13839 13838 13760 13761 13840 13760 13840 13839 13761 13762 13841 13761 13841 13840 13762 13763 13842 13762 13842 13841 13763 13764 13843 13763 13843 13842 13764 13765 13844 13764 13844 13843 13765 13766 13845 13765 13845 13844 13766 13767 13846 13766 13846 13845 13767 13768 13847 13767 13847 13846 13768 13769 13848 13768 13848 13847 13769 13770 13849 13769 13849 13848 13770 13771 13850 13770 13850 13849 13771 13772 13851 13771 13851 13850 13772 13773 13852 13772 13852 13851 13773 13774 13853 13773 13853 13852 13774 13775 13854 13774 13854 13853 13775 13776 13855 13775 13855 13854 13776 13777 13856 13776 13856 13855 13777 13778 13857 13777 13857 13856 13778 13779 13858 13778 13858 13857 13779 13780 13859 13779 13859 13858 13780 13781 13860 13780 13860 13859 13781 13782 13861 13781 13861 13860 13782 13783 13862 13782 13862 13861 13783 13784 6982 13783 6982 13862 13784 13785 6983 13784 6983 6982 13785 13786 6986 13785 6986 6983 13786 13787 6988 13786 6988 6986 13787 13788 6990 13787 6990 6988 13788 13789 6992 13788 6992 6990 13789 13790 6994 13789 6994 6992 13790 13791 6996 13790 6996 6994 13791 6880 6932 13791 6932 6996 12825 13792 13863 12825 13863 12827 13792 13793 13864 13792 13864 13863 13793 13794 13865 13793 13865 13864 13794 13795 13866 13794 13866 13865 13795 13796 13867 13795 13867 13866 13796 13797 13868 13796 13868 13867 13797 13798 13869 13797 13869 13868 13798 13799 13870 13798 13870 13869 13799 13800 13871 13799 13871 13870 13800 13801 13872 13800 13872 13871 13801 13802 13873 13801 13873 13872 13802 13803 13874 13802 13874 13873 13803 13804 13875 13803 13875 13874 13804 13805 13876 13804 13876 13875 13805 13806 13877 13805 13877 13876 13806 13807 13878 13806 13878 13877 13807 13808 13879 13807 13879 13878 13808 13809 13880 13808 13880 13879 13809 13810 13881 13809 13881 13880 13810 13811 13882 13810 13882 13881 13811 13812 13883 13811 13883 13882 13812 13813 13884 13812 13884 13883 13813 13814 13885 13813 13885 13884 13814 13815 13886 13814 13886 13885 13815 13816 13887 13815 13887 13886 13816 13817 13888 13816 13888 13887 13817 13818 13889 13817 13889 13888 13818 13819 13890 13818 13890 13889 13819 13820 13891 13819 13891 13890 13820 13821 13892 13820 13892 13891 13821 13822 13893 13821 13893 13892 13822 13823 13894 13822 13894 13893 13823 13824 13895 13823 13895 13894 13824 13825 13896 13824 13896 13895 13825 13826 13897 13825 13897 13896 13826 13827 13898 13826 13898 13897 13827 13828 13899 13827 13899 13898 13828 13829 13900 13828 13900 13899 13829 13830 13901 13829 13901 13900 13830 13831 13902 13830 13902 13901 13831 13832 13903 13831 13903 13902 13832 13833 13904 13832 13904 13903 13833 13834 13905 13833 13905 13904 13834 13835 13906 13834 13906 13905 13835 13836 13907 13835 13907 13906 13836 13837 13908 13836 13908 13907 13837 13838 13909 13837 13909 13908 13838 13839 13910 13838 13910 13909 13839 13840 13911 13839 13911 13910 13840 13841 13912 13840 13912 13911 13841 13842 13913 13841 13913 13912 13842 13843 13914 13842 13914 13913 13843 13844 13915 13843 13915 13914 13844 13845 13916 13844 13916 13915 13845 13846 13917 13845 13917 13916 13846 13847 13918 13846 13918 13917 13847 13848 13919 13847 13919 13918 13848 13849 13920 13848 13920 13919 13849 13850 13921 13849 13921 13920 13850 13851 13922 13850 13922 13921 13851 13852 7049 13851 7049 13922 13852 13853 7050 13852 7050 7049 13853 13854 7053 13853 7053 7050 13854 13855 7055 13854 7055 7053 13855 13856 7057 13855 7057 7055 13856 13857 7059 13856 7059 7057 13857 13858 7061 13857 7061 7059 13858 13859 7063 13858 7063 7061 13859 13860 7065 13859 7065 7063 13860 13861 7067 13860 7067 7065 13861 13862 7069 13861 7069 7067 13862 6982 6985 13862 6985 7069 12826 12827 13923 12826 13923 12828 12827 13863 13924 12827 13924 13923 13863 13864 13925 13863 13925 13924 13864 13865 13926 13864 13926 13925 13865 13866 13927 13865 13927 13926 13866 13867 13928 13866 13928 13927 13867 13868 13929 13867 13929 13928 13868 13869 13930 13868 13930 13929 13869 13870 13931 13869 13931 13930 13870 13871 13932 13870 13932 13931 13871 13872 13933 13871 13933 13932 13872 13873 13934 13872 13934 13933 13873 13874 13935 13873 13935 13934 13874 13875 13936 13874 13936 13935 13875 13876 13937 13875 13937 13936 13876 13877 13938 13876 13938 13937 13877 13878 13939 13877 13939 13938 13878 13879 13940 13878 13940 13939 13879 13880 13941 13879 13941 13940 13880 13881 13942 13880 13942 13941 13881 13882 13943 13881 13943 13942 13882 13883 13944 13882 13944 13943 13883 13884 13945 13883 13945 13944 13884 13885 13946 13884 13946 13945 13885 13886 13947 13885 13947 13946 13886 13887 13948 13886 13948 13947 13887 13888 13949 13887 13949 13948 13888 13889 13950 13888 13950 13949 13889 13890 13951 13889 13951 13950 13890 13891 13952 13890 13952 13951 13891 13892 13953 13891 13953 13952 13892 13893 13954 13892 13954 13953 13893 13894 13955 13893 13955 13954 13894 13895 13956 13894 13956 13955 13895 13896 13957 13895 13957 13956 13896 13897 13958 13896 13958 13957 13897 13898 13959 13897 13959 13958 13898 13899 13960 13898 13960 13959 13899 13900 13961 13899 13961 13960 13900 13901 13962 13900 13962 13961 13901 13902 13963 13901 13963 13962 13902 13903 13964 13902 13964 13963 13903 13904 13965 13903 13965 13964 13904 13905 13966 13904 13966 13965 13905 13906 13967 13905 13967 13966 13906 13907 13968 13906 13968 13967 13907 13908 13969 13907 13969 13968 13908 13909 13970 13908 13970 13969 13909 13910 13971 13909 13971 13970 13910 13911 13972 13910 13972 13971 13911 13912 7129 13911 7129 13972 13912 13913 7130 13912 7130 7129 13913 13914 7133 13913 7133 7130 13914 13915 7135 13914 7135 7133 13915 13916 7137 13915 7137 7135 13916 13917 7139 13916 7139 7137 13917 13918 7141 13917 7141 7139 13918 13919 7143 13918 7143 7141 13919 13920 7145 13919 7145 7143 13920 13921 7147 13920 7147 7145 13921 13922 7149 13921 7149 7147 13922 7049 7052 13922 7052 7149 12828 13923 13973 12828 13973 12830 13923 13924 13974 13923 13974 13973 13924 13925 13975 13924 13975 13974 13925 13926 13976 13925 13976 13975 13926 13927 13977 13926 13977 13976 13927 13928 13978 13927 13978 13977 13928 13929 13979 13928 13979 13978 13929 13930 13980 13929 13980 13979 13930 13931 13981 13930 13981 13980 13931 13932 13982 13931 13982 13981 13932 13933 13983 13932 13983 13982 13933 13934 13984 13933 13984 13983 13934 13935 13985 13934 13985 13984 13935 13936 13986 13935 13986 13985 13936 13937 13987 13936 13987 13986 13937 13938 13988 13937 13988 13987 13938 13939 13989 13938 13989 13988 13939 13940 13990 13939 13990 13989 13940 13941 13991 13940 13991 13990 13941 13942 13992 13941 13992 13991 13942 13943 13993 13942 13993 13992 13943 13944 13994 13943 13994 13993 13944 13945 13995 13944 13995 13994 13945 13946 13996 13945 13996 13995 13946 13947 13997 13946 13997 13996 13947 13948 13998 13947 13998 13997 13948 13949 13999 13948 13999 13998 13949 13950 14000 13949 14000 13999 13950 13951 14001 13950 14001 14000 13951 13952 14002 13951 14002 14001 13952 13953 14003 13952 14003 14002 13953 13954 14004 13953 14004 14003 13954 13955 14005 13954 14005 14004 13955 13956 14006 13955 14006 14005 13956 13957 14007 13956 14007 14006 13957 13958 14008 13957 14008 14007 13958 13959 14009 13958 14009 14008 13959 13960 14010 13959 14010 14009 13960 13961 14011 13960 14011 14010 13961 13962 7220 13961 7220 14011 13962 13963 7221 13962 7221 7220 13963 13964 7224 13963 7224 7221 13964 13965 7226 13964 7226 7224 13965 13966 7228 13965 7228 7226 13966 13967 7230 13966 7230 7228 13967 13968 7232 13967 7232 7230 13968 13969 7234 13968 7234 7232 13969 13970 7236 13969 7236 7234 13970 13971 7238 13970 7238 7236 13971 13972 7240 13971 7240 7238 13972 7129 7132 13972 7132 7240 12829 12830 14012 12829 14012 12831 12830 13973 14013 12830 14013 14012 13973 13974 14014 13973 14014 14013 13974 13975 14015 13974 14015 14014 13975 13976 14016 13975 14016 14015 13976 13977 14017 13976 14017 14016 13977 13978 14018 13977 14018 14017 13978 13979 14019 13978 14019 14018 13979 13980 14020 13979 14020 14019 13980 13981 14021 13980 14021 14020 13981 13982 14022 13981 14022 14021 13982 13983 14023 13982 14023 14022 13983 13984 14024 13983 14024 14023 13984 13985 14025 13984 14025 14024 13985 13986 14026 13985 14026 14025 13986 13987 14027 13986 14027 14026 13987 13988 14028 13987 14028 14027 13988 13989 14029 13988 14029 14028 13989 13990 14030 13989 14030 14029 13990 13991 14031 13990 14031 14030 13991 13992 14032 13991 14032 14031 13992 13993 14033 13992 14033 14032 13993 13994 14034 13993 14034 14033 13994 13995 14035 13994 14035 14034 13995 13996 14036 13995 14036 14035 13996 13997 14037 13996 14037 14036 13997 13998 14038 13997 14038 14037 13998 13999 14039 13998 14039 14038 13999 14000 14040 13999 14040 14039 14000 14001 7321 14000 7321 14040 14001 14002 7322 14001 7322 7321 14002 14003 7325 14002 7325 7322 14003 14004 7327 14003 7327 7325 14004 14005 7329 14004 7329 7327 14005 14006 7331 14005 7331 7329 14006 14007 7333 14006 7333 7331 14007 14008 7335 14007 7335 7333 14008 14009 7337 14008 7337 7335 14009 14010 7339 14009 7339 7337 14010 14011 7341 14010 7341 7339 14011 7220 7223 14011 7223 7341 12831 14012 14041 12831 14041 12833 14012 14013 14042 14012 14042 14041 14013 14014 14043 14013 14043 14042 14014 14015 14044 14014 14044 14043 14015 14016 14045 14015 14045 14044 14016 14017 14046 14016 14046 14045 14017 14018 14047 14017 14047 14046 14018 14019 14048 14018 14048 14047 14019 14020 14049 14019 14049 14048 14020 14021 14050 14020 14050 14049 14021 14022 14051 14021 14051 14050 14022 14023 14052 14022 14052 14051 14023 14024 14053 14023 14053 14052 14024 14025 14054 14024 14054 14053 14025 14026 14055 14025 14055 14054 14026 14027 14056 14026 14056 14055 14027 14028 14057 14027 14057 14056 14028 14029 14058 14028 14058 14057 14029 14030 14059 14029 14059 14058 14030 14031 7433 14030 7433 14059 14031 14032 7434 14031 7434 7433 14032 14033 7437 14032 7437 7434 14033 14034 7439 14033 7439 7437 14034 14035 7441 14034 7441 7439 14035 14036 7443 14035 7443 7441 14036 14037 7445 14036 7445 7443 14037 14038 7447 14037 7447 7445 14038 14039 7449 14038 7449 7447 14039 14040 7451 14039 7451 7449 14040 7321 7324 14040 7324 7451 12832 12833 14060 12832 14060 12834 12833 14041 14061 12833 14061 14060 14041 14042 14062 14041 14062 14061 14042 14043 14063 14042 14063 14062 14043 14044 14064 14043 14064 14063 14044 14045 14065 14044 14065 14064 14045 14046 14066 14045 14066 14065 14046 14047 14067 14046 14067 14066 14047 14048 14068 14047 14068 14067 14048 14049 7553 14048 7553 14068 14049 14050 7554 14049 7554 7553 14050 14051 7557 14050 7557 7554 14051 14052 7559 14051 7559 7557 14052 14053 7561 14052 7561 7559 14053 14054 7563 14053 7563 7561 14054 14055 7565 14054 7565 7563 14055 14056 7567 14055 7567 7565 14056 14057 7569 14056 7569 7567 14057 14058 7571 14057 7571 7569 14058 14059 7573 14058 7573 7571 14059 7433 7436 14059 7436 7573 12834 14060 7689 12834 7689 7686 14060 14061 7691 14060 7691 7689 14061 14062 7693 14061 7693 7691 14062 14063 7695 14062 7695 7693 14063 14064 7697 14063 7697 7695 14064 14065 7699 14064 7699 7697 14065 14066 7701 14065 7701 7699 14066 14067 7703 14066 7703 7701 14067 14068 7705 14067 7705 7703 14068 7553 7556 14068 7556 7705</p></triangles>
<triangles material="m-t_paving" count="81"><input semantic="VERTEX" source="#geo0-vtx" offset="0"/><p>14069 12681 12680 12752 12754 14070 12752 14070 14071 12754 12756 14072 12754 14072 14070 12756 12758 14073 12756 14073 14072 12758 12760 14074 12758 14074 14073 12760 12762 14075 12760 14075 14074 12762 12764 14076 12762 14076 14075 12764 12766 14077 12764 14077 14076 12766 12768 14078 12766 14078 14077 12768 12770 14079 12768 14079 14078 12770 12772 14080 12770 14080 14079 12772 12774 14081 12772 14081 14080 12774 12776 14082 12774 14082 14081 12776 12778 14083 12776 14083 14082 12778 12780 14084 12778 14084 14083 12780 12782 14085 12780 14085 14084 12782 12784 14086 12782 14086 14085 12784 12786 14087 12784 14087 14086 12786 12788 14088 12786 14088 14087 12788 12790 14089 12788 14089 14088 12790 12792 14090 12790 14090 14089 14071 14070 14091 14071 14091 14092 14070 14072 14093 14070 14093 14091 14072 14073 14094 14072 14094 14093 14073 14074 14095 14073 14095 14094 14074 14075 14096 14074 14096 14095 14075 14076 14097 14075 14097 14096 14076 14077 14098 14076 14098 14097 14077 14078 14099 14077 14099 14098 14078 14079 14100 14078 14100 14099 14079 14080 14101 14079 14101 14100 14080 14081 14102 14080 14102 14101 14081 14082 14103 14081 14103 14102 14082 14083 12962 14082 12962 14103 14083 14084 12963 14083 12963 12962 14084 14085 12966 14084 12966 12963 14085 14086 12968 14085 12968 12966 14086 14087 12970 14086 12970 12968 14087 14088 12972 14087 12972 12970 14088 14089 12974 14088 12974 12972 14089 14090 14104 14089 14104 12974</p></triangles>
<triangles material="m-t_lawn" count="200"><input semantic="VERTEX" source="#geo0-vtx" offset="0"/><p>12747 12750 14105 12747 14105 13270 12750 12752 14071 12750 14071 14105 12792 12794 14106 12792 14106 14090 12794 12796 14107 12794 14107 14106 12796 12798 14108 12796 14108 14107 12798 12800 14109 12798 14109 14108 12800 12802 14110 12800 14110 14109 12802 12804 14111 12802 14111 14110 12804 12806 14112 12804 14112 14111 12806 12808 14113 12806 14113 14112 12808 12809 12955 12808 12955 14113 13270 14105 14114 13270 14114 13306 14105 14071 14092 14105 14092 14114 14090 14106 14115 14090 14115 14104 14106 14107 14116 14106 14116 14115 14107 14108 14117 14107 14117 14116 14108 14109 14118 14108 14118 14117 14109 14110 14119 14109 14119 14118 14110 14111 14120 14110 14120 14119 14111 14112 14121 14111 14121 14120 14112 14113 14122 14112 14122 14121 14113 12955 12960 14113 12960 14122 13306 14114 14123 13306 14123 13345 14114 14092 14124 14114 14124 14123 14092 14091 14125 14092 14125 14124 14091 14093 14126 14091 14126 14125 14093 14094 14127 14093 14127 14126 14094 14095 14128 14094 14128 14127 14095 14096 14129 14095 14129 14128 14096 14097 14130 14096 14130 14129 14097 14098 14131 14097 14131 14130 14098 14099 14132 14098 14132 14131 14099 14100 14133 14099 14133 14132 14100 14101 14134 14100 14134 14133 14101 14102 14135 14101 14135 14134 14102 14103 14136 14102 14136 14135 14103 12962 12965 14103 12965 14136 12974 14104 14137 12974 14137 12975 14104 14115 14138 14104 14138 14137 14115 14116 14139 14115 14139 14138 14116 14117 14140 14116 14140 14139 14117 14118 14141 14117 14141 14140 14118 14119 14142 14118 14142 14141 14119 14120 14143 14119 14143 14142 14120 14121 14144 14120 14144 14143 14121 14122 14145 14121 14145 14144 14122 12960 14146 14122 14146 14145 12960 12959 13347 12960 13347 14146 13345 14123 14147 13345 14147 13387 14123 14124 14148 14123 14148 14147 14124 14125 14149 14124 14149 14148 14125 14126 14150 14125 14150 14149 14126 14127 14151 14126 14151 14150 14127 14128 14152 14127 14152 14151 14128 14129 14153 14128 14153 14152 14129 14130 14154 14129 14154 14153 14130 14131 14155 14130 14155 14154 14131 14132 14156 14131 14156 14155 14132 14133 14157 14132 14157 14156 14133 14134 14158 14133 14158 14157 14134 14135 14159 14134 14159 14158 14135 14136 14160 14135 14160 14159 14136 12965 12977 14136 12977 14160 12975 14137 14161 12975 14161 12982 14137 14138 14162 14137 14162 14161 14138 14139 14163 14138 14163 14162 14139 14140 14164 14139 14164 14163 14140 14141 14165 14140 14165 14164 14141 14142 14166 14141 14166 14165 14142 14143 14167 14142 14167 14166 14143 14144 14168 14143 14168 14167 14144 14145 14169 14144 14169 14168 14145 14146 14170 14145 14170 14169 14146 13347 13389 14146 13389 14170 13387 14147 13475 13387 13475 13430 14147 14148 13477 14147 13477 13475 14148 14149 13479 14148 13479 13477 14149 14150 13481 14149 13481 13479 14150 14151 13483 14150 13483 13481 14151 14152 13485 14151 13485 13483 14152 14153 13487 14152 13487 13485 14153 14154 13489 14153 13489 13487 14154 14155 13491 14154 13491 13489 14155 14156 13493 14155 13493 13491 14156 14157 13495 14156 13495 13493 14157 14158 13497 14157 13497 13495 14158 14159 13499 14158 13499 13497 14159 14160 13501 14159 13501 13499 14160 12977 12984 14160 12984 13501 12982 14161 13510 12982 13510 12989 14161 14162 13512 14161 13512 13510 14162 14163 13514 14162 13514 13512 14163 14164 13516 14163 13516 13514 14164 14165 13518 14164 13518 13516 14165 14166 13520 14165 13520 13518 14166 14167 13522 14166 13522 13520 14167 14168 13524 14167 13524 13522 14168 14169 13526 14168 13526 13524 14169 14170 13528 14169 13528 13526 14170 13389 13432 14170 13432 13528</p></triangles>
</mesh></geometry>
<geometry id="geo1" name="02 Muros exteriores e pátios"><mesh><source id="geo1-pos"><float_array id="geo1-pos-a" count="273">9.4 -5.1 -3.4 9.4 -1.33 -3.4 9.4 -1.33 0.03 9.4 -5.1 0.03 9.1 -1.33 -3.4 9.1 -1.33 0.03 9.1 -5.1 -3.4 9.1 -5.1 0.03 14.2 -5.1 -3.4 14.2 -4.8 -3.4 14.2 -4.8 -1 14.2 -5.1 -1 9.1 -4.8 -3.4 9.1 -5.1 -1 9.1 -4.8 -1 15.5 -5.1 -3.4 15.5 -1.33 -3.4 15.5 -1.33 -1 15.5 -5.1 -1 15.2 -1.33 -3.4 15.2 -5.1 -3.4 15.2 -5.1 -1 15.2 -1.33 -1 15.2 -4.8 -3.3 15.2 -1.33 -3.3 15.2 -1.33 -3 15.2 -4.8 -3 9.4 -1.33 -3.3 9.4 -1.33 -3 9.4 -4.8 -3.3 9.4 -4.8 -3 9.4 -8.2 -3.4 9.4 -5.1 0.9 9.4 -8.2 0.9 9.1 -8.2 -3.4 9.1 -8.2 0.9 9.1 -5.1 0.9 -4.3 1.425 1 -1.2 1.425 1 -1.2 1.675 1 -4.3 1.425 -0.02 -1.2 1.675 -0.02 -1.2 1.425 -0.02 -4.3 1.675 1 -4.3 1.675 -0.02 -7.013 7.9 0.95 0 7.9 0.95 0 8.2 0.95 -7.013 7.9 -3.4 0 8.2 -3.4 0 7.9 -3.4 -7.013 8.2 0.95 -7.013 8.2 -3.4 0 1.7 -3.2 0 7.9 -3.2 0 7.9 -2.8 0 1.7 -2.8 -7.148 7.9 -3.2 -7.148 7.9 -2.8 -6.634 6.709 -3.2 -6.634 6.709 -2.8 -5.916 4.937 -3.2 -5.916 4.937 -2.8 -5.2 3.166 -3.2 -5.2 3.166 -2.8 -4.661 1.7 -3.2 -4.661 1.7 -2.8 -2.793 -3.046 0.02 -2.225 -4.796 0.02 -1.94 -4.704 0.02 -2.793 -3.046 -0.06 -1.94 -4.704 -0.06 -2.225 -4.796 -0.06 -2.508 -2.954 0.02 -2.508 -2.954 -0.06 -2.869 -1.84 0.02 -2.869 -1.84 -0.06 -3.252 -0.687 0.02 -3.252 -0.687 -0.06 -3.708 0.552 0.02 -3.708 0.552 -0.06 -4.039 1.452 0.02 -4.039 1.452 -0.06 -4.321 1.348 0.02 -3.99 0.448 0.02 -3.99 0.448 -0.06 -4.321 1.348 -0.06 -3.536 -0.787 0.02 -3.536 -0.787 -0.06 -3.155 -1.934 0.02 -3.155 -1.934 -0.06</float_array><technique_common><accessor source="#geo1-pos-a" count="91" stride="3"><param name="X" type="float"/><param name="Y" type="float"/><param name="Z" type="float"/></accessor></technique_common></source><vertices id="geo1-vtx"><input semantic="POSITION" source="#geo1-pos"/></vertices>
<triangles material="m-stone" count="36"><input semantic="VERTEX" source="#geo1-vtx" offset="0"/><p>0 1 2 0 2 3 1 4 5 1 5 2 6 0 3 6 3 7 4 1 0 4 0 6 8 9 10 8 10 11 12 6 13 12 13 14 9 12 14 9 14 10 6 8 11 6 11 13 12 9 8 12 8 6 15 16 17 15 17 18 19 20 21 19 21 22 16 19 22 16 22 17 20 15 18 20 18 21 19 16 15 19 15 20 23 24 25 23 25 26 24 27 28 24 28 25 27 29 30 27 30 28 29 23 26 29 26 30</p></triangles>
<triangles material="m-render" count="50"><input semantic="VERTEX" source="#geo1-vtx" offset="0"/><p>4 6 7 4 7 5 31 0 32 31 32 33 6 34 35 6 35 36 0 6 36 0 36 32 34 31 33 34 33 35 6 0 31 6 31 34 37 38 39 40 41 42 37 39 43 40 44 41 41 44 43 41 43 39 44 40 37 44 37 43 40 42 38 40 38 37 42 41 39 42 39 38 45 46 47 48 49 50 45 47 51 48 52 49 49 52 51 49 51 47 52 48 45 52 45 51 48 50 46 48 46 45 50 49 47 50 47 46 53 54 55 53 55 56 54 57 58 54 58 55 57 59 60 57 60 58 59 61 62 59 62 60 61 63 64 61 64 62 63 65 66 63 66 64 65 53 56 65 56 66</p></triangles>
<triangles material="m-coping" count="52"><input semantic="VERTEX" source="#geo1-vtx" offset="0"/><p>7 3 2 7 2 5 13 11 10 13 10 14 21 18 17 21 17 22 35 33 32 35 32 36 67 68 69 70 71 72 67 69 73 70 74 71 67 73 75 70 76 74 67 75 77 70 78 76 67 77 79 70 80 78 67 79 81 70 82 80 81 83 84 82 85 86 81 84 87 82 88 85 81 87 89 82 90 88 81 89 67 82 70 90 70 72 68 70 68 67 72 71 69 72 69 68 71 74 73 71 73 69 74 76 75 74 75 73 76 78 77 76 77 75 78 80 79 78 79 77 80 82 81 80 81 79 82 86 83 82 83 81 86 85 84 86 84 83 85 88 87 85 87 84 88 90 89 88 89 87 90 70 67 90 67 89</p></triangles>
<triangles material="m-patio_floor" count="4"><input semantic="VERTEX" source="#geo1-vtx" offset="0"/><p>28 30 26 27 23 29 28 26 25 27 24 23</p></triangles>
<triangles material="m-gpatio" count="10"><input semantic="VERTEX" source="#geo1-vtx" offset="0"/><p>64 66 56 63 53 65 64 56 55 63 54 53 55 58 60 54 59 57 55 60 62 54 61 59 55 62 64 54 63 61</p></triangles>
</mesh></geometry>
<geometry id="geo2" name="03 Deck e piscina"><mesh><source id="geo2-pos"><float_array id="geo2-pos-a" count="315">8 -7.9 -1.7 8 -4.9 -1.7 8 -4.9 -1.45 8 -7.9 -1.45 -1 -4.9 -1.7 -1 -7.9 -1.7 -1 -7.9 -1.45 -1 -4.9 -1.45 8 -7.88 -1.45 8 -7.88 -0.02 8 -7.9 -0.02 -1 -7.88 -1.45 -1 -7.9 -0.02 -1 -7.88 -0.02 8 -4.92 -1.45 8 -4.9 -0.02 8 -4.92 -0.02 -1 -4.92 -1.45 -1 -4.92 -0.02 -1 -4.9 -0.02 -0.98 -7.9 -1.45 -0.98 -4.9 -1.45 -0.98 -4.9 -0.02 -0.98 -7.9 -0.02 7.98 -4.9 -1.45 7.98 -7.9 -1.45 7.98 -7.9 -0.02 7.98 -4.9 -0.02 7.98 -7.88 -0.06 7.98 -4.92 -0.06 7.98 -4.92 -0.05 7.98 -7.88 -0.05 -0.98 -4.92 -0.06 -0.98 -7.88 -0.06 -0.98 -7.88 -0.05 -0.98 -4.92 -0.05 8.3 -4.9 -0.02 8.3 -4.6 -0.02 8.3 -4.6 0.03 8.3 -4.9 0.03 -1.3 -4.6 -0.02 -1.3 -4.9 -0.02 -1.3 -4.9 0.03 -1.3 -4.6 0.03 8.3 -8.2 -0.02 8.3 -7.9 -0.02 8.3 -7.9 0.03 8.3 -8.2 0.03 -1.3 -7.9 -0.02 -1.3 -8.2 -0.02 -1.3 -8.2 0.03 -1.3 -7.9 0.03 8 -7.9 0.03 8 -4.9 0.03 -1 -4.9 0.03 -1 -7.9 0.03 -1.311 -7.671 -0.02 -1 -7.9 -3.4 -1.3 -8.2 -3.4 -1.311 -7.671 -3.4 8.15 -8.2 -0.02 8.15 -8.2 -3.4 9.05 -6.3 -0.02 9.05 -8.2 -0.02 9.1 -8.2 -0.02 9.05 -6.3 -3.4 9.1 -8.2 -3.4 9.05 -8.2 -3.4 9.1 -1.33 -0.02 9.1 -1.33 -3.4 0 -1.33 -0.02 0 1.4 -0.02 -4.3 1.4 -0.02 0 -1.33 -3.4 -4.3 1.4 -3.4 0 1.4 -3.4 -3.514 -0.737 -0.02 -3.514 -0.737 -3.4 -3.132 -1.887 -0.02 -3.132 -1.887 -3.4 -2.008 -5.348 -0.02 -2.008 -5.348 -3.4 -1 -4.9 -3.4 8 -7.9 -3.4 8.15 -6.3 -0.02 8.15 -6.3 -3.4 8 -4.9 -3.4 -1 -7.9 0 -1.311 -7.671 0 -1.3 -8.2 0 8.15 -8.2 0 9.05 -6.3 0 9.05 -8.2 0 9.1 -8.2 0 9.1 -1.33 0 0 -1.33 0 0 1.4 0 -4.3 1.4 0 -3.514 -0.737 0 -3.132 -1.887 0 -2.008 -5.348 0 -1 -4.9 0 8 -7.9 0 8.15 -6.3 0 8 -4.9 0</float_array><technique_common><accessor source="#geo2-pos-a" count="105" stride="3"><param name="X" type="float"/><param name="Y" type="float"/><param name="Z" type="float"/></accessor></technique_common></source><vertices id="geo2-vtx"><input semantic="POSITION" source="#geo2-pos"/></vertices>
<triangles material="m-liner" count="60"><input semantic="VERTEX" source="#geo2-vtx" offset="0"/><p>0 1 2 0 2 3 4 5 6 4 6 7 1 4 7 1 7 2 5 0 3 5 3 6 6 3 2 6 2 7 4 1 0 4 0 5 3 8 9 3 9 10 11 6 12 11 12 13 8 11 13 8 13 9 6 3 10 6 10 12 12 10 9 12 9 13 11 8 3 11 3 6 14 2 15 14 15 16 7 17 18 7 18 19 2 7 19 2 19 15 17 14 16 17 16 18 18 16 15 18 15 19 7 2 14 7 14 17 20 21 22 20 22 23 7 6 12 7 12 19 21 7 19 21 19 22 6 20 23 6 23 12 12 23 22 12 22 19 7 21 20 7 20 6 3 2 15 3 15 10 24 25 26 24 26 27 2 24 27 2 27 15 25 3 10 25 10 26 26 10 15 26 15 27 24 2 3 24 3 25</p></triangles>
<triangles material="m-water" count="12"><input semantic="VERTEX" source="#geo2-vtx" offset="0"/><p>28 29 30 28 30 31 32 33 34 32 34 35 29 32 35 29 35 30 33 28 31 33 31 34 34 31 30 34 30 35 32 29 28 32 28 33</p></triangles>
<triangles material="m-coping" count="48"><input semantic="VERTEX" source="#geo2-vtx" offset="0"/><p>36 37 38 36 38 39 40 41 42 40 42 43 37 40 43 37 43 38 41 36 39 41 39 42 42 39 38 42 38 43 40 37 36 40 36 41 44 45 46 44 46 47 48 49 50 48 50 51 45 48 51 45 51 46 49 44 47 49 47 50 50 47 46 50 46 51 48 45 44 48 44 49 45 36 39 45 39 46 15 10 52 15 52 53 36 15 53 36 53 39 10 45 46 10 46 52 52 46 39 52 39 53 15 36 45 15 45 10 12 19 54 12 54 55 41 48 51 41 51 42 19 41 42 19 42 54 48 12 55 48 55 51 51 55 54 51 54 42 41 19 12 41 12 48</p></triangles>
<triangles material="m-render" count="72"><input semantic="VERTEX" source="#geo2-vtx" offset="0"/><p>12 56 49 57 58 59 12 49 60 57 61 58 62 63 64 65 66 67 62 64 68 65 69 66 70 71 72 73 74 75 70 72 76 73 77 74 70 76 78 73 79 77 70 78 80 73 81 79 80 56 12 81 57 59 80 12 19 81 82 57 10 12 60 83 61 57 10 60 84 83 85 61 84 62 68 85 69 65 70 80 19 73 82 81 70 19 15 73 86 82 15 10 84 86 85 83 15 84 68 86 69 85 15 68 70 86 73 69 81 59 56 81 56 80 59 58 49 59 49 56 58 61 60 58 60 49 61 85 84 61 84 60 85 65 62 85 62 84 65 67 63 65 63 62 67 66 64 67 64 63 66 69 68 66 68 64 69 73 70 69 70 68 73 75 71 73 71 70 75 74 72 75 72 71 74 77 76 74 76 72 77 79 78 77 78 76 79 81 80 79 80 78 86 83 10 86 10 15 83 57 12 83 12 10 57 82 19 57 19 12 82 86 15 82 15 19</p></triangles>
<triangles material="m-deck" count="72"><input semantic="VERTEX" source="#geo2-vtx" offset="0"/><p>87 88 89 12 49 56 87 89 90 12 60 49 91 92 93 62 64 63 91 93 94 62 68 64 95 96 97 70 72 71 95 97 98 70 76 72 95 98 99 70 78 76 95 99 100 70 80 78 100 88 87 80 12 56 100 87 101 80 19 12 102 87 90 10 60 12 102 90 103 10 84 60 103 91 94 84 68 62 95 100 101 70 19 80 95 101 104 70 15 19 104 102 103 15 84 10 104 103 94 15 68 84 104 94 95 15 70 68 78 80 100 78 100 99 80 56 88 80 88 100 56 49 89 56 89 88 49 60 90 49 90 89 60 84 103 60 103 90 84 62 91 84 91 103 62 63 92 62 92 91 63 64 93 63 93 92 64 68 94 64 94 93 68 70 95 68 95 94 70 71 96 70 96 95 71 72 97 71 97 96 72 76 98 72 98 97 76 78 99 76 99 98 19 15 104 19 104 101 15 10 102 15 102 104 10 12 87 10 87 102 12 19 101 12 101 87</p></triangles>
</mesh></geometry>
<geometry id="geo3" name="04 Cave · paredes"><mesh><source id="geo3-pos"><float_array id="geo3-pos-a" count="636">9.7 -1.33 -3.6 9.7 -1.03 -3.6 9.7 -1.03 -0.1 9.7 -1.33 -0.1 0 -1.03 -3.6 0 -1.33 -3.6 0 -1.33 -0.1 0 -1.03 -0.1 10.6 -1.33 -3.6 10.6 -1.03 -3.6 10.6 -1.03 -1.3 10.6 -1.33 -1.3 9.7 -1.33 -1.3 9.7 -1.03 -1.3 10.6 -1.33 -0.6 10.6 -1.03 -0.6 10.6 -1.03 -0.1 10.6 -1.33 -0.1 9.7 -1.03 -0.6 9.7 -1.33 -0.6 11.2 -1.33 -3.6 11.2 -1.03 -3.6 11.2 -1.03 -0.1 11.2 -1.33 -0.1 14 -1.33 -3.6 14 -1.03 -3.6 14 -1.03 -2.9 14 -1.33 -2.9 11.2 -1.33 -2.9 11.2 -1.03 -2.9 14 -1.33 -0.45 14 -1.03 -0.45 14 -1.03 -0.1 14 -1.33 -0.1 11.2 -1.03 -0.45 11.2 -1.33 -0.45 15 -1.33 -3.6 15 -1.03 -3.6 15 -1.03 -0.1 15 -1.33 -0.1 15 3.8 -3.6 14.7 3.8 -3.6 14.7 3.8 -0.1 15 3.8 -0.1 14.7 -1.03 -3.6 14.7 -1.03 -0.1 14.7 3.5 -3.6 14.7 3.5 -0.1 9.58 3.8 -3.6 9.58 3.5 -3.6 9.58 3.5 -0.1 9.58 3.8 -0.1 9.58 8 -3.6 9.28 8 -3.6 9.28 8 -0.1 9.58 8 -0.1 9.28 3.5 -3.6 9.28 3.5 -0.1 9.28 7.7 -3.6 9.28 7.7 -0.1 0 8 -3.6 0 7.7 -3.6 0 7.7 -0.1 0 8 -0.1 0.3 2.32 -3.6 0 2.32 -3.6 0 2.32 -0.1 0.3 2.32 -0.1 0.3 -1.03 -3.6 0.3 -1.03 -0.1 0.3 7.32 -3.6 0 7.32 -3.6 0 7.32 -2.9 0.3 7.32 -2.9 0.3 2.32 -2.9 0 2.32 -2.9 0.3 7.32 -0.6 0 7.32 -0.6 0 7.32 -0.1 0.3 7.32 -0.1 0 2.32 -0.6 0.3 2.32 -0.6 0.3 7.7 -3.6 0.3 7.7 -0.1 4.6 1.7 -2.9 4.6 1.82 -2.9 4.6 1.82 -0.35 4.6 1.7 -0.35 0.3 1.82 -2.9 0.3 1.7 -2.9 0.3 1.7 -0.35 0.3 1.82 -0.35 5.5 1.7 -0.8 5.5 1.82 -0.8 5.5 1.82 -0.35 5.5 1.7 -0.35 4.6 1.82 -0.8 4.6 1.7 -0.8 6.54 1.7 -2.9 6.54 1.82 -2.9 6.54 1.82 -0.35 6.54 1.7 -0.35 5.5 1.82 -2.9 5.5 1.7 -2.9 6.66 -1.03 -2.9 6.66 6.3 -2.9 6.66 6.3 -0.35 6.66 -1.03 -0.35 6.54 6.3 -2.9 6.54 -1.03 -2.9 6.54 -1.03 -0.35 6.54 6.3 -0.35 6.66 6.3 -0.8 6.66 7.2 -0.8 6.66 7.2 -0.35 6.54 7.2 -0.8 6.54 6.3 -0.8 6.54 7.2 -0.35 6.66 7.2 -2.9 6.66 7.7 -2.9 6.66 7.7 -0.35 6.54 7.7 -2.9 6.54 7.2 -2.9 6.54 7.7 -0.35 7.78 1.27 -2.9 7.78 5.47 -2.9 7.78 5.47 -0.35 7.78 1.27 -0.35 7.66 5.47 -2.9 7.66 1.27 -2.9 7.66 1.27 -0.35 7.66 5.47 -0.35 7.9 1.15 -2.9 7.9 1.27 -2.9 7.9 1.27 -0.35 7.9 1.15 -0.35 6.66 1.27 -2.9 6.66 1.15 -2.9 6.66 1.15 -0.35 6.66 1.27 -0.35 8.7 1.15 -0.8 8.7 1.27 -0.8 8.7 1.27 -0.35 8.7 1.15 -0.35 7.9 1.27 -0.8 7.9 1.15 -0.8 9.28 1.15 -2.9 9.28 1.27 -2.9 9.28 1.27 -0.35 9.28 1.15 -0.35 8.7 1.27 -2.9 8.7 1.15 -2.9 9.4 -1.03 -2.9 9.4 2.5 -2.9 9.4 2.5 -0.35 9.4 -1.03 -0.35 9.28 2.5 -2.9 9.28 -1.03 -2.9 9.28 -1.03 -0.35 9.28 2.5 -0.35 9.4 2.5 -0.8 9.4 3.3 -0.8 9.4 3.3 -0.35 9.28 3.3 -0.8 9.28 2.5 -0.8 9.28 3.3 -0.35 9.4 3.3 -2.9 9.4 3.5 -2.9 9.4 3.5 -0.35 9.28 3.5 -2.9 9.28 3.3 -2.9 9.28 3.5 -0.35 9.7 1.17 -2.9 9.7 1.29 -2.9 9.7 1.29 -0.35 9.7 1.17 -0.35 9.4 1.29 -2.9 9.4 1.17 -2.9 9.4 1.17 -0.35 9.4 1.29 -0.35 10.5 1.17 -0.8 10.5 1.29 -0.8 10.5 1.29 -0.35 10.5 1.17 -0.35 9.7 1.29 -0.8 9.7 1.17 -0.8 10.92 1.17 -2.9 10.92 1.29 -2.9 10.92 1.29 -0.35 10.92 1.17 -0.35 10.5 1.29 -2.9 10.5 1.17 -2.9 11.04 -1.03 -2.9 11.04 2.3 -2.9 11.04 2.3 -0.35 11.04 -1.03 -0.35 10.92 2.3 -2.9 10.92 -1.03 -2.9 10.92 -1.03 -0.35 10.92 2.3 -0.35 11.04 2.3 -0.8 11.04 3.1 -0.8 11.04 3.1 -0.35 10.92 3.1 -0.8 10.92 2.3 -0.8 10.92 3.1 -0.35 11.04 3.1 -2.9 11.04 3.5 -2.9 11.04 3.5 -0.35 10.92 3.5 -2.9 10.92 3.1 -2.9 10.92 3.5 -0.35</float_array><technique_common><accessor source="#geo3-pos-a" count="212" stride="3"><param name="X" type="float"/><param name="Y" type="float"/><param name="Z" type="float"/></accessor></technique_common></source><vertices id="geo3-vtx"><input semantic="POSITION" source="#geo3-pos"/></vertices>
<triangles material="m-reveal" count="72"><input semantic="VERTEX" source="#geo3-vtx" offset="0"/><p>0 1 2 0 2 3 4 5 6 4 6 7 8 9 10 8 10 11 1 0 12 1 12 13 12 11 10 12 10 13 14 15 16 14 16 17 18 19 3 18 3 2 18 15 14 18 14 19 20 21 22 20 22 23 9 8 17 9 17 16 24 25 26 24 26 27 21 20 28 21 28 29 28 27 26 28 26 29 30 31 32 30 32 33 34 35 23 34 23 22 34 31 30 34 30 35 36 37 38 36 38 39 25 24 33 25 33 32 40 41 42 40 42 43 44 37 38 44 38 45 46 41 42 46 42 47 48 49 50 48 50 51 52 53 54 52 54 55 56 49 50 56 50 57 58 53 54 58 54 59 60 61 62 60 62 63 64 65 66 64 66 67 4 68 69 4 69 7 70 71 72 70 72 73 65 64 74 65 74 75 75 74 73 75 73 72 76 77 78 76 78 79 80 81 67 80 67 66 77 76 81 77 81 80 82 61 62 82 62 83 71 70 79 71 79 78</p></triangles>
<triangles material="m-cave_wall" count="306"><input semantic="VERTEX" source="#geo3-vtx" offset="0"/><p>1 4 7 1 7 2 6 3 2 6 2 7 4 1 0 4 0 5 9 1 13 9 13 10 1 9 8 1 8 0 15 18 2 15 2 16 3 17 16 3 16 2 21 9 16 21 16 22 17 23 22 17 22 16 9 21 20 9 20 8 25 21 29 25 29 26 21 25 24 21 24 20 31 34 22 31 22 32 23 33 32 23 32 22 37 25 32 37 32 38 33 39 38 33 38 32 25 37 36 25 36 24 41 44 45 41 45 42 45 38 43 45 43 42 41 40 37 41 37 44 49 46 47 49 47 50 50 47 42 50 42 51 48 41 46 48 46 49 53 56 57 53 57 54 57 50 55 57 55 54 53 52 49 53 49 56 61 58 59 61 59 62 62 59 54 62 54 63 60 53 58 60 58 61 68 64 67 68 67 69 7 69 67 7 67 66 65 64 68 65 68 4 64 70 73 64 73 74 71 70 64 71 64 65 81 76 79 81 79 67 66 67 79 66 79 78 70 82 83 70 83 79 78 79 83 78 83 62 61 82 70 61 70 71 84 85 86 84 86 87 88 89 90 88 90 91 85 88 91 85 91 86 89 84 87 89 87 90 90 87 86 90 86 91 88 85 84 88 84 89 92 93 94 92 94 95 96 97 87 96 87 86 93 96 86 93 86 94 97 92 95 97 95 87 87 95 94 87 94 86 96 93 92 96 92 97 98 99 100 98 100 101 102 103 95 102 95 94 99 102 94 99 94 100 103 98 101 103 101 95 95 101 100 95 100 94 102 99 98 102 98 103 104 105 106 104 106 107 108 109 110 108 110 111 105 108 111 105 111 106 109 104 107 109 107 110 110 107 106 110 106 111 108 105 104 108 104 109 112 113 114 112 114 106 115 116 111 115 111 117 113 115 117 113 117 114 116 112 106 116 106 111 111 106 114 111 114 117 115 113 112 115 112 116 118 119 120 118 120 114 121 122 117 121 117 123 119 121 123 119 123 120 122 118 114 122 114 117 117 114 120 117 120 123 121 119 118 121 118 122 124 125 126 124 126 127 128 129 130 128 130 131 125 128 131 125 131 126 129 124 127 129 127 130 130 127 126 130 126 131 128 125 124 128 124 129 132 133 134 132 134 135 136 137 138 136 138 139 133 136 139 133 139 134 137 132 135 137 135 138 138 135 134 138 134 139 136 133 132 136 132 137 140 141 142 140 142 143 144 145 135 144 135 134 141 144 134 141 134 142 145 140 143 145 143 135 135 143 142 135 142 134 144 141 140 144 140 145 146 147 148 146 148 149 150 151 143 150 143 142 147 150 142 147 142 148 151 146 149 151 149 143 143 149 148 143 148 142 150 147 146 150 146 151 152 153 154 152 154 155 156 157 158 156 158 159 153 156 159 153 159 154 157 152 155 157 155 158 158 155 154 158 154 159 156 153 152 156 152 157 160 161 162 160 162 154 163 164 159 163 159 165 161 163 165 161 165 162 164 160 154 164 154 159 159 154 162 159 162 165 163 161 160 163 160 164 166 167 168 166 168 162 169 170 165 169 165 171 167 169 171 167 171 168 170 166 162 170 162 165 165 162 168 165 168 171 169 167 166 169 166 170 172 173 174 172 174 175 176 177 178 176 178 179 173 176 179 173 179 174 177 172 175 177 175 178 178 175 174 178 174 179 176 173 172 176 172 177 180 181 182 180 182 183 184 185 175 184 175 174 181 184 174 181 174 182 185 180 183 185 183 175 175 183 182 175 182 174 184 181 180 184 180 185 186 187 188 186 188 189 190 191 183 190 183 182 187 190 182 187 182 188 191 186 189 191 189 183 183 189 188 183 188 182 190 187 186 190 186 191 192 193 194 192 194 195 196 197 198 196 198 199 193 196 199 193 199 194 197 192 195 197 195 198 198 195 194 198 194 199 196 193 192 196 192 197 200 201 202 200 202 194 203 204 199 203 199 205 201 203 205 201 205 202 204 200 194 204 194 199 199 194 202 199 202 205 203 201 200 203 200 204 206 207 208 206 208 202 209 210 205 209 205 211 207 209 211 207 211 208 210 206 202 210 202 205 205 202 208 205 208 211 209 207 206 209 206 210</p></triangles>
<triangles material="m-render" count="30"><input semantic="VERTEX" source="#geo3-vtx" offset="0"/><p>5 0 3 5 3 6 0 8 11 0 11 12 19 14 17 19 17 3 8 20 23 8 23 17 20 24 27 20 27 28 35 30 33 35 33 23 24 36 39 24 39 33 37 40 43 37 43 38 41 48 51 41 51 42 49 52 55 49 55 50 53 60 63 53 63 54 65 4 7 65 7 66 71 65 75 71 75 72 77 80 66 77 66 78 61 71 78 61 78 62</p></triangles>
</mesh></geometry>
<geometry id="geo4" name="05 Cave · pavimentos"><mesh><source id="geo4-pos"><float_array id="geo4-pos-a" count="222">9.58 8 -2.905 0 8 -2.905 0 -1.33 -2.905 9.58 8 -3.15 0 -1.33 -3.15 0 8 -3.15 15 -1.33 -2.905 15 3.8 -2.905 15 3.8 -3.15 15 -1.33 -3.15 9.58 3.8 -2.905 9.58 3.8 -3.15 0.3 7.7 -2.89 0.3 1.82 -2.89 6.54 1.82 -2.89 0.3 7.7 -2.905 6.54 1.82 -2.905 0.3 1.82 -2.905 6.54 7.7 -2.89 6.54 7.7 -2.905 0.3 1.7 -2.89 0.3 -1.03 -2.89 6.54 -1.03 -2.89 0.3 1.7 -2.905 6.54 -1.03 -2.905 0.3 -1.03 -2.905 6.54 1.7 -2.89 6.54 1.7 -2.905 6.66 1.15 -2.89 6.66 -1.03 -2.89 9.28 -1.03 -2.89 6.66 1.15 -2.905 9.28 -1.03 -2.905 6.66 -1.03 -2.905 9.28 1.15 -2.89 9.28 1.15 -2.905 7.78 5.47 -2.89 7.78 1.27 -2.89 9.28 1.27 -2.89 7.78 5.47 -2.905 9.28 1.27 -2.905 7.78 1.27 -2.905 9.28 5.47 -2.89 9.28 5.47 -2.905 9.28 7.7 -2.89 9.28 7.7 -2.905 6.66 7.7 -2.89 6.66 7.7 -2.905 6.66 5.47 -2.89 6.66 5.47 -2.905 11.04 3.5 -2.89 11.04 -1.03 -2.89 14.7 -1.03 -2.89 11.04 3.5 -2.905 14.7 -1.03 -2.905 11.04 -1.03 -2.905 14.7 3.5 -2.89 14.7 3.5 -2.905 9.4 3.5 -2.89 9.4 1.29 -2.89 10.92 1.29 -2.89 9.4 3.5 -2.905 10.92 1.29 -2.905 9.4 1.29 -2.905 10.92 3.5 -2.89 10.92 3.5 -2.905 9.4 1.17 -2.89 9.4 -1.03 -2.89 10.92 -1.03 -2.89 9.4 1.17 -2.905 10.92 -1.03 -2.905 9.4 -1.03 -2.905 10.92 1.17 -2.89 10.92 1.17 -2.905</float_array><technique_common><accessor source="#geo4-pos-a" count="74" stride="3"><param name="X" type="float"/><param name="Y" type="float"/><param name="Z" type="float"/></accessor></technique_common></source><vertices id="geo4-vtx"><input semantic="POSITION" source="#geo4-pos"/></vertices>
<triangles material="m-cave_floor" count="68"><input semantic="VERTEX" source="#geo4-vtx" offset="0"/><p>0 1 2 3 4 5 2 6 7 4 8 9 2 7 10 4 11 8 2 10 0 4 3 11 12 13 14 15 16 17 12 14 18 15 19 16 16 19 18 16 18 14 19 15 12 19 12 18 15 17 13 15 13 12 17 16 14 17 14 13 20 21 22 23 24 25 20 22 26 23 27 24 24 27 26 24 26 22 27 23 20 27 20 26 23 25 21 23 21 20 25 24 22 25 22 21 28 29 30 31 32 33 28 30 34 31 35 32 32 35 34 32 34 30 35 31 28 35 28 34 31 33 29 31 29 28 33 32 30 33 30 29 36 37 38 39 40 41 36 38 42 39 43 40 36 42 44 39 45 43 36 44 46 39 47 45 36 46 48 39 49 47 40 43 42 40 42 38 43 45 44 43 44 42 45 47 46 45 46 44 47 49 48 47 48 46 49 39 36 49 36 48 39 41 37 39 37 36 41 40 38 41 38 37</p></triangles>
<triangles material="m-render" count="12"><input semantic="VERTEX" source="#geo4-vtx" offset="0"/><p>4 9 6 4 6 2 9 8 7 9 7 6 8 11 10 8 10 7 11 3 0 11 0 10 3 5 1 3 1 0 5 4 2 5 2 1</p></triangles>
<triangles material="m-floor_wood" count="24"><input semantic="VERTEX" source="#geo4-vtx" offset="0"/><p>50 51 52 53 54 55 50 52 56 53 57 54 54 57 56 54 56 52 57 53 50 57 50 56 53 55 51 53 51 50 55 54 52 55 52 51 58 59 60 61 62 63 58 60 64 61 65 62 62 65 64 62 64 60 65 61 58 65 58 64 61 63 59 61 59 58 63 62 60 63 60 59</p></triangles>
<triangles material="m-tile" count="12"><input semantic="VERTEX" source="#geo4-vtx" offset="0"/><p>66 67 68 69 70 71 66 68 72 69 73 70 70 73 72 70 72 68 73 69 66 73 66 72 69 71 67 69 67 66 71 70 68 71 68 67</p></triangles>
</mesh></geometry>
<geometry id="geo5" name="06 Cave · caixilharia e vidros"><mesh><source id="geo5-pos"><float_array id="geo5-pos-a" count="264">0.19 2.32 -2.9 0.19 7.32 -2.9 0.19 7.32 -0.6 0.19 2.32 -0.6 0.11 7.32 -2.9 0.11 2.32 -2.9 0.11 2.32 -0.6 0.11 7.32 -0.6 14 -1.21 -0.5 14 -1.15 -0.5 14 -1.15 -0.45 14 -1.21 -0.45 11.2 -1.15 -0.5 11.2 -1.21 -0.5 11.2 -1.21 -0.45 11.2 -1.15 -0.45 14 -1.21 -2.9 14 -1.15 -2.9 14 -1.15 -2.85 14 -1.21 -2.85 11.2 -1.15 -2.9 11.2 -1.21 -2.9 11.2 -1.21 -2.85 11.2 -1.15 -2.85 11.25 -1.21 -2.9 11.25 -1.15 -2.9 11.25 -1.15 -0.45 11.25 -1.21 -0.45 13.95 -1.15 -2.9 13.95 -1.21 -2.9 13.95 -1.21 -0.45 13.95 -1.15 -0.45 12.625 -1.215 -2.85 12.625 -1.145 -2.85 12.625 -1.145 -0.5 12.625 -1.215 -0.5 12.575 -1.145 -2.85 12.575 -1.215 -2.85 12.575 -1.215 -0.5 12.575 -1.145 -0.5 10.6 -1.21 -0.65 10.6 -1.15 -0.65 10.6 -1.15 -0.6 10.6 -1.21 -0.6 9.7 -1.15 -0.65 9.7 -1.21 -0.65 9.7 -1.21 -0.6 9.7 -1.15 -0.6 10.6 -1.21 -1.3 10.6 -1.15 -1.3 10.6 -1.15 -1.25 10.6 -1.21 -1.25 9.7 -1.15 -1.3 9.7 -1.21 -1.3 9.7 -1.21 -1.25 9.7 -1.15 -1.25 9.75 -1.21 -1.3 9.75 -1.15 -1.3 9.75 -1.15 -0.6 9.75 -1.21 -0.6 10.55 -1.15 -1.3 10.55 -1.21 -1.3 10.55 -1.21 -0.6 10.55 -1.15 -0.6 12.6 -1.192 -2.85 12.6 -1.168 -2.85 12.6 -1.168 -0.5 12.6 -1.192 -0.5 11.25 -1.168 -2.85 11.25 -1.192 -2.85 11.25 -1.192 -0.5 11.25 -1.168 -0.5 13.95 -1.157 -2.85 13.95 -1.133 -2.85 13.95 -1.133 -0.5 13.95 -1.157 -0.5 12.6 -1.133 -2.85 12.6 -1.157 -2.85 12.6 -1.157 -0.5 12.6 -1.133 -0.5 10.55 -1.192 -1.25 10.55 -1.168 -1.25 10.55 -1.168 -0.65 10.55 -1.192 -0.65 9.75 -1.168 -1.25 9.75 -1.192 -1.25 9.75 -1.192 -0.65 9.75 -1.168 -0.65</float_array><technique_common><accessor source="#geo5-pos-a" count="88" stride="3"><param name="X" type="float"/><param name="Y" type="float"/><param name="Z" type="float"/></accessor></technique_common></source><vertices id="geo5-vtx"><input semantic="POSITION" source="#geo5-pos"/></vertices>
<triangles material="m-garage_door" count="12"><input semantic="VERTEX" source="#geo5-vtx" offset="0"/><p>0 1 2 0 2 3 4 5 6 4 6 7 1 4 7 1 7 2 5 0 3 5 3 6 6 3 2 6 2 7 4 1 0 4 0 5</p></triangles>
<triangles material="m-frame" count="108"><input semantic="VERTEX" source="#geo5-vtx" offset="0"/><p>8 9 10 8 10 11 12 13 14 12 14 15 9 12 15 9 15 10 13 8 11 13 11 14 14 11 10 14 10 15 12 9 8 12 8 13 16 17 18 16 18 19 20 21 22 20 22 23 17 20 23 17 23 18 21 16 19 21 19 22 22 19 18 22 18 23 20 17 16 20 16 21 24 25 26 24 26 27 20 21 14 20 14 15 25 20 15 25 15 26 21 24 27 21 27 14 14 27 26 14 26 15 20 25 24 20 24 21 16 17 10 16 10 11 28 29 30 28 30 31 17 28 31 17 31 10 29 16 11 29 11 30 30 11 10 30 10 31 28 17 16 28 16 29 32 33 34 32 34 35 36 37 38 36 38 39 33 36 39 33 39 34 37 32 35 37 35 38 38 35 34 38 34 39 36 33 32 36 32 37 40 41 42 40 42 43 44 45 46 44 46 47 41 44 47 41 47 42 45 40 43 45 43 46 46 43 42 46 42 47 44 41 40 44 40 45 48 49 50 48 50 51 52 53 54 52 54 55 49 52 55 49 55 50 53 48 51 53 51 54 54 51 50 54 50 55 52 49 48 52 48 53 56 57 58 56 58 59 52 53 46 52 46 47 57 52 47 57 47 58 53 56 59 53 59 46 46 59 58 46 58 47 52 57 56 52 56 53 48 49 42 48 42 43 60 61 62 60 62 63 49 60 63 49 63 42 61 48 43 61 43 62 62 43 42 62 42 63 60 49 48 60 48 61</p></triangles>
<triangles material="m-glass" count="36"><input semantic="VERTEX" source="#geo5-vtx" offset="0"/><p>64 65 66 64 66 67 68 69 70 68 70 71 65 68 71 65 71 66 69 64 67 69 67 70 70 67 66 70 66 71 68 65 64 68 64 69 72 73 74 72 74 75 76 77 78 76 78 79 73 76 79 73 79 74 77 72 75 77 75 78 78 75 74 78 74 79 76 73 72 76 72 77 80 81 82 80 82 83 84 85 86 84 86 87 81 84 87 81 87 82 85 80 83 85 83 86 86 83 82 86 82 87 84 81 80 84 80 85</p></triangles>
</mesh></geometry>
<geometry id="geo6" name="07 Laje do R/C e varanda"><mesh><source id="geo6-pos"><float_array id="geo6-pos-a" count="72">0 -1.33 -0.015 6.66 1.27 -0.015 6.66 5.47 -0.015 7.66 1.27 -0.015 15 -1.33 -0.015 15 8 -0.015 0 8 -0.015 7.66 5.47 -0.015 0 1.7 -0.28 0 8 -0.28 0 8 0 0 1.7 0 -1.2 8 -0.28 -1.2 8 0 -1.2 1.7 -0.28 -1.2 1.7 0 0 -1.33 -0.38 6.66 5.47 -0.38 6.66 1.27 -0.38 7.66 1.27 -0.38 15 -1.33 -0.38 15 8 -0.38 0 8 -0.38 7.66 5.47 -0.38</float_array><technique_common><accessor source="#geo6-pos-a" count="24" stride="3"><param name="X" type="float"/><param name="Y" type="float"/><param name="Z" type="float"/></accessor></technique_common></source><vertices id="geo6-vtx"><input semantic="POSITION" source="#geo6-pos"/></vertices>
<triangles material="m-concrete" count="16"><input semantic="VERTEX" source="#geo6-vtx" offset="0"/><p>0 1 2 3 1 0 3 0 4 3 4 5 6 0 2 6 2 7 7 3 5 7 5 6 8 9 10 8 10 11 9 12 13 9 13 10 12 14 15 12 15 13 14 8 11 14 11 15</p></triangles>
<triangles material="m-plaster" count="8"><input semantic="VERTEX" source="#geo6-vtx" offset="0"/><p>16 17 18 19 16 18 19 20 16 19 21 20 22 17 16 22 23 17 23 21 19 23 22 21</p></triangles>
<triangles material="m-reveal" count="16"><input semantic="VERTEX" source="#geo6-vtx" offset="0"/><p>16 20 4 16 4 0 20 21 5 20 5 4 21 22 6 21 6 5 22 16 0 22 0 6 23 19 3 23 3 7 19 18 1 19 1 3 18 17 2 18 2 1 17 23 7 17 7 2</p></triangles>
<triangles material="m-deck" count="2"><input semantic="VERTEX" source="#geo6-vtx" offset="0"/><p>13 15 11 13 11 10</p></triangles>
<triangles material="m-soffit" count="2"><input semantic="VERTEX" source="#geo6-vtx" offset="0"/><p>12 8 14 12 9 8</p></triangles>
</mesh></geometry>
<geometry id="geo7" name="08 R/C · paredes"><mesh><source id="geo7-pos"><float_array id="geo7-pos-a" count="1062">0.5 -1.33 0 0.5 -1.03 0 0.5 -1.03 2.85 0.5 -1.33 2.85 0 -1.03 0 0 -1.33 0 0 -1.33 2.85 0 -1.03 2.85 6.8 -1.33 0 6.8 -1.03 0 6.8 -1.03 2.85 6.8 -1.33 2.85 6.2 -1.03 0 6.2 -1.33 0 6.2 -1.33 2.85 6.2 -1.03 2.85 8.4 -1.33 0 8.4 -1.03 0 8.4 -1.03 2.85 8.4 -1.33 2.85 7.96 -1.03 0 7.96 -1.33 0 7.96 -1.33 2.85 7.96 -1.03 2.85 8.95 -1.33 0 8.95 -1.03 0 8.95 -1.03 1.55 8.95 -1.33 1.55 8.4 -1.33 1.55 8.4 -1.03 1.55 8.95 -1.33 2.25 8.95 -1.03 2.25 8.95 -1.03 2.85 8.95 -1.33 2.85 8.4 -1.03 2.25 8.4 -1.33 2.25 9.6 -1.33 0 9.6 -1.03 0 9.6 -1.03 2.85 9.6 -1.33 2.85 11 -1.33 0 11 -1.03 0 11 -1.03 1.65 11 -1.33 1.65 9.6 -1.33 1.65 9.6 -1.03 1.65 11 -1.33 2.4 11 -1.03 2.4 11 -1.03 2.85 11 -1.33 2.85 9.6 -1.03 2.4 9.6 -1.33 2.4 11.85 -1.33 0 11.85 -1.03 0 11.85 -1.03 2.85 11.85 -1.33 2.85 15 -1.33 0 15 -1.03 0 15 -1.03 2.85 15 -1.33 2.85 14.25 -1.03 0 14.25 -1.33 0 14.25 -1.33 2.85 14.25 -1.03 2.85 1.3 7.7 0 1.3 8 0 1.3 8 2.85 1.3 7.7 2.85 0 8 0 0 7.7 0 0 7.7 2.85 0 8 2.85 4.3 7.7 0 4.3 8 0 4.3 8 1.05 4.3 7.7 1.05 1.3 7.7 1.05 1.3 8 1.05 4.3 7.7 2.25 4.3 8 2.25 4.3 8 2.85 4.3 7.7 2.85 1.3 8 2.25 1.3 7.7 2.25 4.9 7.7 0 4.9 8 0 4.9 8 2.85 4.9 7.7 2.85 6.8 7.7 0 6.8 8 0 6.8 8 2.85 6.8 7.7 2.85 5.85 8 0 5.85 7.7 0 5.85 7.7 2.85 5.85 8 2.85 7.7 7.7 2.2 7.7 8 2.2 7.7 8 2.85 7.7 7.7 2.85 6.8 8 2.2 6.8 7.7 2.2 9.7 7.7 0 9.7 8 0 9.7 8 2.85 9.7 7.7 2.85 7.7 8 0 7.7 7.7 0 10.9 7.7 0 10.9 8 0 10.9 8 1.65 10.9 7.7 1.65 9.7 7.7 1.65 9.7 8 1.65 10.9 7.7 2.4 10.9 8 2.4 10.9 8 2.85 10.9 7.7 2.85 9.7 8 2.4 9.7 7.7 2.4 13 7.7 0 13 8 0 13 8 2.85 13 7.7 2.85 14.2 7.7 0 14.2 8 0 14.2 8 1.2 14.2 7.7 1.2 13 7.7 1.2 13 8 1.2 14.2 7.7 2.4 14.2 8 2.4 14.2 8 2.85 14.2 7.7 2.85 13 8 2.4 13 7.7 2.4 15 7.7 0 15 8 0 15 8 2.85 15 7.7 2.85 0.3 -0.83 0 0 -0.83 0 0 -0.83 2.85 0.3 -0.83 2.85 0.3 -1.03 0 0.3 -1.03 2.85 0.3 7.7 0 0.3 7.7 2.85 0 4.67 0 0.3 4.67 0 0.3 4.67 2.85 0 4.67 2.85 15 0.4 0 14.7 0.4 0 14.7 0.4 2.85 15 0.4 2.85 14.7 -1.03 0 14.7 -1.03 2.85 15 1.8 0 14.7 1.8 0 14.7 1.8 0.9 15 1.8 0.9 15 0.4 0.9 14.7 0.4 0.9 15 1.8 2.4 14.7 1.8 2.4 14.7 1.8 2.85 15 1.8 2.85 14.7 0.4 2.4 15 0.4 2.4 15 4.5 0 14.7 4.5 0 14.7 4.5 2.85 15 4.5 2.85 15 6.9 0 14.7 6.9 0 14.7 6.9 0.45 15 6.9 0.45 15 4.5 0.45 14.7 4.5 0.45 14.7 7.7 0 14.7 7.7 2.85 15 6.9 2.85 14.7 6.9 2.85 0.03 -1.3 -0.02 0.29 -1.04 -0.02 0.29 7.71 -0.02 0.03 -1.3 -0.1 0.29 7.71 -0.1 0.29 -1.04 -0.1 14.71 -1.04 -0.02 14.71 -1.04 -0.1 14.97 -1.3 -0.02 14.97 -1.3 -0.1 14.97 7.97 -0.02 14.97 7.97 -0.1 0.03 7.97 -0.02 0.03 7.97 -0.1 14.71 7.71 -0.02 14.71 7.71 -0.1 6.66 1.15 0 6.66 7.7 0 6.66 7.7 2.85 6.66 1.15 2.85 6.54 7.7 0 6.54 1.15 0 6.54 1.15 2.85 6.54 7.7 2.85 8.18 -1.03 0 8.18 1.52 0 8.18 1.52 2.85 8.18 -1.03 2.85 8.06 1.52 0 8.06 -1.03 0 8.06 -1.03 2.85 8.06 1.52 2.85 8.35 1.4 0 8.35 1.52 0 8.35 1.52 2.85 8.35 1.4 2.85 8.06 1.4 0 8.06 1.4 2.85 9.16 1.4 0 9.16 1.52 0 9.16 1.52 2.85 9.16 1.4 2.85 9.05 1.52 0 9.05 1.4 0 9.05 1.4 2.85 9.05 1.52 2.85 7.76 5.47 0 7.76 5.59 0 7.76 5.59 2.85 7.76 5.47 2.85 6.66 5.59 0 6.66 5.47 0 6.66 5.47 2.85 6.66 5.59 2.85 9.16 5.47 0 9.16 5.59 0 9.16 5.59 2.85 9.16 5.47 2.85 8.46 5.59 0 8.46 5.47 0 8.46 5.47 2.85 8.46 5.59 2.85 9.28 -1.03 0 9.28 3 0 9.28 3 2.85 9.28 -1.03 2.85 9.16 3 0 9.16 -1.03 0 9.16 -1.03 2.85 9.16 3 2.85 9.28 4 0 9.28 7.7 0 9.28 7.7 2.85 9.28 4 2.85 9.16 7.7 0 9.16 4 0 9.16 4 2.85 9.16 7.7 2.85 10.3 1.03 0 10.3 1.15 0 10.3 1.15 2.85 10.3 1.03 2.85 9.28 1.15 0 9.28 1.03 0 9.28 1.03 2.85 9.28 1.15 2.85 11.28 1.03 0 11.28 1.15 0 11.28 1.15 2.85 11.28 1.03 2.85 11.1 1.15 0 11.1 1.03 0 11.1 1.03 2.85 11.1 1.15 2.85 9.55 2.88 0 9.55 3 0 9.55 3 2.85 9.55 2.88 2.85 9.28 2.88 0 9.28 2.88 2.85 11.28 2.88 0 11.28 3 0 11.28 3 2.85 11.28 2.88 2.85 10.35 3 0 10.35 2.88 0 10.35 2.88 2.85 10.35 3 2.85 9.55 4 0 9.55 4.12 0 9.55 4.12 2.85 9.55 4 2.85 9.28 4.12 0 9.28 4.12 2.85 11.28 4 0 11.28 4.12 0 11.28 4.12 2.85 11.28 4 2.85 10.35 4.12 0 10.35 4 0 10.35 4 2.85 10.35 4.12 2.85 10.3 5.52 0 10.3 5.64 0 10.3 5.64 2.85 10.3 5.52 2.85 9.28 5.64 0 9.28 5.52 0 9.28 5.52 2.85 9.28 5.64 2.85 11.28 5.52 0 11.28 5.64 0 11.28 5.64 2.85 11.28 5.52 2.85 11.1 5.64 0 11.1 5.52 0 11.1 5.52 2.85 11.1 5.64 2.85 11.4 -1.03 0 11.4 1.95 0 11.4 1.95 2.85 11.4 -1.03 2.85 11.28 1.95 0 11.28 -1.03 0 11.28 -1.03 2.85 11.28 1.95 2.85 11.4 2.75 0 11.4 4.35 0 11.4 4.35 2.85 11.4 2.75 2.85 11.28 4.35 0 11.28 2.75 0 11.28 2.75 2.85 11.28 4.35 2.85 11.4 5.15 0 11.4 7.7 0 11.4 7.7 2.85 11.4 5.15 2.85 11.28 7.7 0 11.28 5.15 0 11.28 5.15 2.85 11.28 7.7 2.85 14.7 3.44 0 14.7 3.56 0 14.7 3.56 2.85 14.7 3.44 2.85 11.4 3.56 0 11.4 3.44 0 11.4 3.44 2.85 11.4 3.56 2.85</float_array><technique_common><accessor source="#geo7-pos-a" count="354" stride="3"><param name="X" type="float"/><param name="Y" type="float"/><param name="Z" type="float"/></accessor></technique_common></source><vertices id="geo7-vtx"><input semantic="POSITION" source="#geo7-pos"/></vertices>
<triangles material="m-reveal" count="184"><input semantic="VERTEX" source="#geo7-vtx" offset="0"/><p>0 1 2 0 2 3 4 5 6 4 6 7 8 9 10 8 10 11 12 13 14 12 14 15 16 17 18 16 18 19 20 21 22 20 22 23 24 25 26 24 26 27 17 16 28 17 28 29 28 27 26 28 26 29 30 31 32 30 32 33 34 35 19 34 19 18 34 31 30 34 30 35 36 37 38 36 38 39 25 24 33 25 33 32 40 41 42 40 42 43 37 36 44 37 44 45 44 43 42 44 42 45 46 47 48 46 48 49 50 51 39 50 39 38 50 47 46 50 46 51 52 53 54 52 54 55 41 40 49 41 49 48 56 57 58 56 58 59 60 61 62 60 62 63 64 65 66 64 66 67 68 69 70 68 70 71 72 73 74 72 74 75 65 64 76 65 76 77 76 75 74 76 74 77 78 79 80 78 80 81 82 83 67 82 67 66 82 79 78 82 78 83 84 85 86 84 86 87 73 72 81 73 81 80 88 89 90 88 90 91 92 93 94 92 94 95 96 97 98 96 98 99 100 101 91 100 91 90 100 97 96 100 96 101 102 103 104 102 104 105 106 107 99 106 99 98 108 109 110 108 110 111 103 102 112 103 112 113 112 111 110 112 110 113 114 115 116 114 116 117 118 119 105 118 105 104 118 115 114 118 114 119 120 121 122 120 122 123 109 108 117 109 117 116 124 125 126 124 126 127 121 120 128 121 128 129 128 127 126 128 126 129 130 131 132 130 132 133 134 135 123 134 123 122 134 131 130 134 130 135 136 137 138 136 138 139 125 124 133 125 133 132 140 141 142 140 142 143 4 144 145 4 145 7 146 69 70 146 70 147 148 149 150 148 150 151 152 153 154 152 154 155 156 57 58 156 58 157 158 159 160 158 160 161 153 152 162 153 162 163 163 162 161 163 161 160 164 165 166 164 166 167 168 169 155 168 155 154 165 164 169 165 169 168 170 171 172 170 172 173 159 158 167 159 167 166 174 175 176 174 176 177 171 170 178 171 178 179 179 178 177 179 177 176 136 180 181 136 181 139 175 174 182 175 182 183 184 185 186 187 188 189 190 185 184 191 187 189 190 184 192 191 193 187 190 192 194 191 195 193 196 184 186 197 188 187 196 186 198 197 199 188 198 190 194 199 195 191 198 194 196 199 197 195 187 193 192 187 192 184 193 195 194 193 194 192 195 197 196 195 196 194 197 187 184 197 184 196 199 191 190 199 190 198 191 189 185 191 185 190 189 188 186 189 186 185 188 199 198 188 198 186</p></triangles>
<triangles material="m-plaster" count="398"><input semantic="VERTEX" source="#geo7-vtx" offset="0"/><p>1 4 7 1 7 2 6 3 2 6 2 7 4 1 0 4 0 5 9 12 15 9 15 10 14 11 10 14 10 15 12 9 8 12 8 13 17 20 23 17 23 18 22 19 18 22 18 23 20 17 16 20 16 21 25 17 29 25 29 26 17 25 24 17 24 16 31 34 18 31 18 32 19 33 32 19 32 18 37 25 32 37 32 38 33 39 38 33 38 32 25 37 36 25 36 24 41 37 45 41 45 42 37 41 40 37 40 36 47 50 38 47 38 48 39 49 48 39 48 38 53 41 48 53 48 54 49 55 54 49 54 48 41 53 52 41 52 40 57 60 63 57 63 58 62 59 58 62 58 63 60 57 56 60 56 61 69 64 67 69 67 70 70 67 66 70 66 71 68 65 64 68 64 69 64 72 75 64 75 76 65 73 72 65 72 64 83 78 81 83 81 67 67 81 80 67 80 66 72 84 87 72 87 81 81 87 86 81 86 80 73 85 84 73 84 72 93 88 91 93 91 94 94 91 90 94 90 95 92 89 88 92 88 93 101 96 99 101 99 91 91 99 98 91 98 90 107 102 105 107 105 99 99 105 104 99 104 98 106 103 102 106 102 107 102 108 111 102 111 112 103 109 108 103 108 102 119 114 117 119 117 105 105 117 116 105 116 104 108 120 123 108 123 117 117 123 122 117 122 116 109 121 120 109 120 108 120 124 127 120 127 128 121 125 124 121 124 120 135 130 133 135 133 123 123 133 132 123 132 122 124 136 139 124 139 133 133 139 138 133 138 132 125 137 136 125 136 124 144 140 143 144 143 145 7 145 143 7 143 142 141 140 144 141 144 4 149 146 147 149 147 150 151 150 147 151 147 70 69 146 149 69 149 148 153 156 157 153 157 154 157 58 155 157 155 154 153 152 57 153 57 156 159 153 163 159 163 160 159 158 152 159 152 153 165 168 154 165 154 166 154 155 167 154 167 166 171 159 166 171 166 172 166 167 173 166 173 172 171 170 158 171 158 159 175 171 179 175 179 176 175 174 170 175 170 171 180 175 183 180 183 181 183 182 139 183 139 181 180 136 174 180 174 175 200 201 202 200 202 203 204 205 206 204 206 207 201 204 207 201 207 202 205 200 203 205 203 206 206 203 202 206 202 207 204 201 200 204 200 205 208 209 210 208 210 211 212 213 214 212 214 215 209 212 215 209 215 210 213 208 211 213 211 214 214 211 210 214 210 215 212 209 208 212 208 213 216 217 218 216 218 219 212 220 221 212 221 215 217 212 215 217 215 218 220 216 219 220 219 221 221 219 218 221 218 215 212 217 216 212 216 220 222 223 224 222 224 225 226 227 228 226 228 229 223 226 229 223 229 224 227 222 225 227 225 228 228 225 224 228 224 229 226 223 222 226 222 227 230 231 232 230 232 233 234 235 236 234 236 237 231 234 237 231 237 232 235 230 233 235 233 236 236 233 232 236 232 237 234 231 230 234 230 235 238 239 240 238 240 241 242 243 244 242 244 245 239 242 245 239 245 240 243 238 241 243 241 244 244 241 240 244 240 245 242 239 238 242 238 243 246 247 248 246 248 249 250 251 252 250 252 253 247 250 253 247 253 248 251 246 249 251 249 252 252 249 248 252 248 253 250 247 246 250 246 251 254 255 256 254 256 257 258 259 260 258 260 261 255 258 261 255 261 256 259 254 257 259 257 260 260 257 256 260 256 261 258 255 254 258 254 259 262 263 264 262 264 265 266 267 268 266 268 269 263 266 269 263 269 264 267 262 265 267 265 268 268 265 264 268 264 269 266 263 262 266 262 267 270 271 272 270 272 273 274 275 276 274 276 277 271 274 277 271 277 272 275 270 273 275 273 276 276 273 272 276 272 277 274 271 270 274 270 275 278 279 280 278 280 281 247 282 283 247 283 248 279 247 248 279 248 280 282 278 281 282 281 283 283 281 280 283 280 248 247 279 278 247 278 282 284 285 286 284 286 287 288 289 290 288 290 291 285 288 291 285 291 286 289 284 287 289 287 290 290 287 286 290 286 291 288 285 284 288 284 289 292 293 294 292 294 295 296 254 257 296 257 297 293 296 297 293 297 294 254 292 295 254 295 257 257 295 294 257 294 297 296 293 292 296 292 254 298 299 300 298 300 301 302 303 304 302 304 305 299 302 305 299 305 300 303 298 301 303 301 304 304 301 300 304 300 305 302 299 298 302 298 303 306 307 308 306 308 309 310 311 312 310 312 313 307 310 313 307 313 308 311 306 309 311 309 312 312 309 308 312 308 313 310 307 306 310 306 311 314 315 316 314 316 317 318 319 320 318 320 321 315 318 321 315 321 316 319 314 317 319 317 320 320 317 316 320 316 321 318 315 314 318 314 319 322 323 324 322 324 325 326 327 328 326 328 329 323 326 329 323 329 324 327 322 325 327 325 328 328 325 324 328 324 329 326 323 322 326 322 327 330 331 332 330 332 333 334 335 336 334 336 337 331 334 337 331 337 332 335 330 333 335 333 336 336 333 332 336 332 337 334 331 330 334 330 335 338 339 340 338 340 341 342 343 344 342 344 345 339 342 345 339 345 340 343 338 341 343 341 344 344 341 340 344 340 345 342 339 338 342 338 343 346 347 348 346 348 349 350 351 352 350 352 353 347 350 353 347 353 348 351 346 349 351 349 352 352 349 348 352 348 353 350 347 346 350 346 351</p></triangles>
<triangles material="m-timber" count="62"><input semantic="VERTEX" source="#geo7-vtx" offset="0"/><p>5 0 3 5 3 6 13 8 11 13 11 14 21 16 19 21 19 22 16 24 27 16 27 28 35 30 33 35 33 19 24 36 39 24 39 33 36 40 43 36 43 44 51 46 49 51 49 39 40 52 55 40 55 49 61 56 59 61 59 62 65 68 71 65 71 66 73 65 77 73 77 74 79 82 66 79 66 80 85 73 80 85 80 86 89 92 95 89 95 90 97 100 90 97 90 98 103 106 98 103 98 104 109 103 113 109 113 110 115 118 104 115 104 116 121 109 116 121 116 122 125 121 129 125 129 126 131 134 122 131 122 132 137 125 132 137 132 138 141 4 7 141 7 142 69 148 151 69 151 70 57 152 155 57 155 58 152 158 161 152 161 162 169 164 167 169 167 155 158 170 173 158 173 167 170 174 177 170 177 178 174 136 139 174 139 182</p></triangles>
</mesh></geometry>
<geometry id="geo8" name="09 R/C · pavimentos"><mesh><source id="geo8-pos"><float_array id="geo8-pos-a" count="300">0.3 7.7 0 0.3 -1.03 0 6.54 -1.03 0 0.3 7.7 -0.015 6.54 -1.03 -0.015 0.3 -1.03 -0.015 6.54 7.7 0 6.54 7.7 -0.015 6.66 1.15 0 6.66 -1.03 0 8.06 -1.03 0 6.66 1.15 -0.015 8.06 -1.03 -0.015 6.66 -1.03 -0.015 8.06 1.15 0 8.06 1.15 -0.015 7.72 1.52 0 7.72 1.15 0 7.72 1.52 -0.015 7.72 1.15 -0.015 8.06 1.52 0 8.06 1.52 -0.015 9.16 1.52 0 9.16 5.47 0 9.16 5.47 -0.015 9.16 1.52 -0.015 7.72 5.47 0 7.72 5.47 -0.015 8.18 1.4 0 8.18 -1.03 0 9.16 -1.03 0 8.18 1.4 -0.015 9.16 -1.03 -0.015 8.18 -1.03 -0.015 9.16 1.4 0 9.16 1.4 -0.015 6.66 7.7 0 6.66 5.59 0 9.16 5.59 0 6.66 7.7 -0.015 9.16 5.59 -0.015 6.66 5.59 -0.015 9.16 7.7 0 9.16 7.7 -0.015 9.28 1.03 0 9.28 -1.03 0 11.28 -1.03 0 9.28 1.03 -0.015 11.28 -1.03 -0.015 9.28 -1.03 -0.015 11.28 1.03 0 11.28 1.03 -0.015 9.28 7.7 0 9.28 5.64 0 11.28 5.64 0 9.28 7.7 -0.015 11.28 5.64 -0.015 9.28 5.64 -0.015 11.28 7.7 0 11.28 7.7 -0.015 9.28 2.88 0 9.28 1.15 0 11.28 1.15 0 9.28 2.88 -0.015 11.28 1.15 -0.015 9.28 1.15 -0.015 11.28 2.88 0 11.28 2.88 -0.015 9.28 4 0 9.28 3 0 11.28 3 0 9.28 4 -0.015 11.28 3 -0.015 9.28 3 -0.015 11.28 4 0 11.28 4 -0.015 9.28 5.52 0 9.28 4.12 0 11.28 4.12 0 9.28 5.52 -0.015 11.28 4.12 -0.015 9.28 4.12 -0.015 11.28 5.52 0 11.28 5.52 -0.015 11.4 3.44 0 11.4 -1.03 0 14.7 -1.03 0 11.4 3.44 -0.015 14.7 -1.03 -0.015 11.4 -1.03 -0.015 14.7 3.44 0 14.7 3.44 -0.015 11.4 7.7 0 11.4 3.56 0 14.7 3.56 0 11.4 7.7 -0.015 14.7 3.56 -0.015 11.4 3.56 -0.015 14.7 7.7 0 14.7 7.7 -0.015</float_array><technique_common><accessor source="#geo8-pos-a" count="100" stride="3"><param name="X" type="float"/><param name="Y" type="float"/><param name="Z" type="float"/></accessor></technique_common></source><vertices id="geo8-vtx"><input semantic="POSITION" source="#geo8-pos"/></vertices>
<triangles material="m-floor_int" count="48"><input semantic="VERTEX" source="#geo8-vtx" offset="0"/><p>0 1 2 3 4 5 0 2 6 3 7 4 4 7 6 4 6 2 7 3 0 7 0 6 3 5 1 3 1 0 5 4 2 5 2 1 8 9 10 11 12 13 8 10 14 11 15 12 12 15 14 12 14 10 15 11 8 15 8 14 11 13 9 11 9 8 13 12 10 13 10 9 16 17 14 18 15 19 16 14 20 18 21 15 20 22 23 21 24 25 20 23 26 21 27 24 20 26 16 21 18 27 15 21 20 15 20 14 21 25 22 21 22 20 25 24 23 25 23 22 24 27 26 24 26 23 27 18 16 27 16 26 18 19 17 18 17 16 19 15 14 19 14 17</p></triangles>
<triangles material="m-tile" count="48"><input semantic="VERTEX" source="#geo8-vtx" offset="0"/><p>28 29 30 31 32 33 28 30 34 31 35 32 32 35 34 32 34 30 35 31 28 35 28 34 31 33 29 31 29 28 33 32 30 33 30 29 36 37 38 39 40 41 36 38 42 39 43 40 40 43 42 40 42 38 43 39 36 43 36 42 39 41 37 39 37 36 41 40 38 41 38 37 44 45 46 47 48 49 44 46 50 47 51 48 48 51 50 48 50 46 51 47 44 51 44 50 47 49 45 47 45 44 49 48 46 49 46 45 52 53 54 55 56 57 52 54 58 55 59 56 56 59 58 56 58 54 59 55 52 59 52 58 55 57 53 55 53 52 57 56 54 57 54 53</p></triangles>
<triangles material="m-floor_wood" count="60"><input semantic="VERTEX" source="#geo8-vtx" offset="0"/><p>60 61 62 63 64 65 60 62 66 63 67 64 64 67 66 64 66 62 67 63 60 67 60 66 63 65 61 63 61 60 65 64 62 65 62 61 68 69 70 71 72 73 68 70 74 71 75 72 72 75 74 72 74 70 75 71 68 75 68 74 71 73 69 71 69 68 73 72 70 73 70 69 76 77 78 79 80 81 76 78 82 79 83 80 80 83 82 80 82 78 83 79 76 83 76 82 79 81 77 79 77 76 81 80 78 81 78 77 84 85 86 87 88 89 84 86 90 87 91 88 88 91 90 88 90 86 91 87 84 91 84 90 87 89 85 87 85 84 89 88 86 89 86 85 92 93 94 95 96 97 92 94 98 95 99 96 96 99 98 96 98 94 99 95 92 99 92 98 95 97 93 95 93 92 97 96 94 97 94 93</p></triangles>
</mesh></geometry>
<geometry id="geo9" name="10 R/C · caixilharia e vidros"><mesh><source id="geo9-pos"><float_array id="geo9-pos-a" count="1800">0.18 -0.83 2.8 0.18 4.67 2.8 0.18 4.67 2.85 0.18 -0.83 2.85 0.12 4.67 2.8 0.12 -0.83 2.8 0.12 -0.83 2.85 0.12 4.67 2.85 0.18 -0.83 0 0.18 4.67 0 0.18 4.67 0.05 0.18 -0.83 0.05 0.12 4.67 0 0.12 -0.83 0 0.12 -0.83 0.05 0.12 4.67 0.05 0.18 -0.78 0 0.18 -0.78 2.85 0.12 -0.78 0 0.12 -0.78 2.85 0.18 4.62 0 0.18 4.62 2.85 0.12 4.62 0 0.12 4.62 2.85 0.185 0.995 0.05 0.185 1.045 0.05 0.185 1.045 2.8 0.185 0.995 2.8 0.115 1.045 0.05 0.115 0.995 0.05 0.115 0.995 2.8 0.115 1.045 2.8 0.185 2.795 0.05 0.185 2.845 0.05 0.185 2.845 2.8 0.185 2.795 2.8 0.115 2.845 0.05 0.115 2.795 0.05 0.115 2.795 2.8 0.115 2.845 2.8 6.2 -1.21 2.8 6.2 -1.15 2.8 6.2 -1.15 2.85 6.2 -1.21 2.85 0.5 -1.15 2.8 0.5 -1.21 2.8 0.5 -1.21 2.85 0.5 -1.15 2.85 6.2 -1.21 0 6.2 -1.15 0 6.2 -1.15 0.05 6.2 -1.21 0.05 0.5 -1.15 0 0.5 -1.21 0 0.5 -1.21 0.05 0.5 -1.15 0.05 0.55 -1.21 0 0.55 -1.15 0 0.55 -1.15 2.85 0.55 -1.21 2.85 6.15 -1.15 0 6.15 -1.21 0 6.15 -1.21 2.85 6.15 -1.15 2.85 2.442 -1.215 0.05 2.442 -1.145 0.05 2.442 -1.145 2.8 2.442 -1.215 2.8 2.392 -1.145 0.05 2.392 -1.215 0.05 2.392 -1.215 2.8 2.392 -1.145 2.8 4.308 -1.215 0.05 4.308 -1.145 0.05 4.308 -1.145 2.8 4.308 -1.215 2.8 4.258 -1.145 0.05 4.258 -1.215 0.05 4.258 -1.215 2.8 4.258 -1.145 2.8 7.96 -1.21 0 7.96 -1.15 0 7.96 -1.15 2.85 7.96 -1.21 2.85 7.82 -1.15 0 7.82 -1.21 0 7.82 -1.21 2.85 7.82 -1.15 2.85 8.95 -1.21 2.2 8.95 -1.15 2.2 8.95 -1.15 2.25 8.95 -1.21 2.25 8.4 -1.15 2.2 8.4 -1.21 2.2 8.4 -1.21 2.25 8.4 -1.15 2.25 8.95 -1.21 1.55 8.95 -1.15 1.55 8.95 -1.15 1.6 8.95 -1.21 1.6 8.4 -1.15 1.55 8.4 -1.21 1.55 8.4 -1.21 1.6 8.4 -1.15 1.6 8.45 -1.21 1.55 8.45 -1.15 1.55 8.45 -1.15 2.25 8.45 -1.21 2.25 8.9 -1.15 1.55 8.9 -1.21 1.55 8.9 -1.21 2.25 8.9 -1.15 2.25 11 -1.21 2.35 11 -1.15 2.35 11 -1.15 2.4 11 -1.21 2.4 9.6 -1.15 2.35 9.6 -1.21 2.35 9.6 -1.21 2.4 9.6 -1.15 2.4 11 -1.21 1.65 11 -1.15 1.65 11 -1.15 1.7 11 -1.21 1.7 9.6 -1.15 1.65 9.6 -1.21 1.65 9.6 -1.21 1.7 9.6 -1.15 1.7 9.65 -1.21 1.65 9.65 -1.15 1.65 9.65 -1.15 2.4 9.65 -1.21 2.4 10.95 -1.15 1.65 10.95 -1.21 1.65 10.95 -1.21 2.4 10.95 -1.15 2.4 14.25 -1.21 2.8 14.25 -1.15 2.8 14.25 -1.15 2.85 14.25 -1.21 2.85 11.85 -1.15 2.8 11.85 -1.21 2.8 11.85 -1.21 2.85 11.85 -1.15 2.85 14.25 -1.21 0 14.25 -1.15 0 14.25 -1.15 0.05 14.25 -1.21 0.05 11.85 -1.15 0 11.85 -1.21 0 11.85 -1.21 0.05 11.85 -1.15 0.05 11.9 -1.21 0 11.9 -1.15 0 11.9 -1.15 2.85 11.9 -1.21 2.85 14.2 -1.15 0 14.2 -1.21 0 14.2 -1.21 2.85 14.2 -1.15 2.85 13.075 -1.215 0.05 13.075 -1.145 0.05 13.075 -1.145 2.8 13.075 -1.215 2.8 13.025 -1.145 0.05 13.025 -1.215 0.05 13.025 -1.215 2.8 13.025 -1.145 2.8 14.88 0.4 2.35 14.88 1.8 2.35 14.88 1.8 2.4 14.88 0.4 2.4 14.82 1.8 2.35 14.82 0.4 2.35 14.82 0.4 2.4 14.82 1.8 2.4 14.88 0.4 0.9 14.88 1.8 0.9 14.88 1.8 0.95 14.88 0.4 0.95 14.82 1.8 0.9 14.82 0.4 0.9 14.82 0.4 0.95 14.82 1.8 0.95 14.88 0.45 0.9 14.88 0.45 2.4 14.82 0.45 0.9 14.82 0.45 2.4 14.88 1.75 0.9 14.88 1.75 2.4 14.82 1.75 0.9 14.82 1.75 2.4 14.88 4.5 2.8 14.88 6.9 2.8 14.88 6.9 2.85 14.88 4.5 2.85 14.82 6.9 2.8 14.82 4.5 2.8 14.82 4.5 2.85 14.82 6.9 2.85 14.88 4.5 0.45 14.88 6.9 0.45 14.88 6.9 0.5 14.88 4.5 0.5 14.82 6.9 0.45 14.82 4.5 0.45 14.82 4.5 0.5 14.82 6.9 0.5 14.88 4.55 0.45 14.88 4.55 2.85 14.82 4.55 0.45 14.82 4.55 2.85 14.88 6.85 0.45 14.88 6.85 2.85 14.82 6.85 0.45 14.82 6.85 2.85 14.885 5.675 0.5 14.885 5.725 0.5 14.885 5.725 2.8 14.885 5.675 2.8 14.815 5.725 0.5 14.815 5.675 0.5 14.815 5.675 2.8 14.815 5.725 2.8 14.2 7.82 2.35 14.2 7.88 2.35 14.2 7.88 2.4 14.2 7.82 2.4 13 7.88 2.35 13 7.82 2.35 13 7.82 2.4 13 7.88 2.4 14.2 7.82 1.2 14.2 7.88 1.2 14.2 7.88 1.25 14.2 7.82 1.25 13 7.88 1.2 13 7.82 1.2 13 7.82 1.25 13 7.88 1.25 13.05 7.82 1.2 13.05 7.88 1.2 13.05 7.88 2.4 13.05 7.82 2.4 14.15 7.88 1.2 14.15 7.82 1.2 14.15 7.82 2.4 14.15 7.88 2.4 10.9 7.82 2.35 10.9 7.88 2.35 10.9 7.88 2.4 10.9 7.82 2.4 9.7 7.88 2.35 9.7 7.82 2.35 9.7 7.82 2.4 9.7 7.88 2.4 10.9 7.82 1.65 10.9 7.88 1.65 10.9 7.88 1.7 10.9 7.82 1.7 9.7 7.88 1.65 9.7 7.82 1.65 9.7 7.82 1.7 9.7 7.88 1.7 9.75 7.82 1.65 9.75 7.88 1.65 9.75 7.88 2.4 9.75 7.82 2.4 10.85 7.88 1.65 10.85 7.82 1.65 10.85 7.82 2.4 10.85 7.88 2.4 7.7 7.82 2.15 7.7 7.88 2.15 7.7 7.88 2.2 7.7 7.82 2.2 6.8 7.88 2.15 6.8 7.82 2.15 6.8 7.82 2.2 6.8 7.88 2.2 7.7 7.82 0 7.7 7.88 0 7.7 7.88 0.05 7.7 7.82 0.05 6.8 7.88 0 6.8 7.82 0 6.8 7.82 0.05 6.8 7.88 0.05 6.85 7.82 0 6.85 7.88 0 6.85 7.88 2.2 6.85 7.82 2.2 7.65 7.88 0 7.65 7.82 0 7.65 7.82 2.2 7.65 7.88 2.2 5.85 7.82 2.8 5.85 7.88 2.8 5.85 7.88 2.85 5.85 7.82 2.85 4.9 7.88 2.8 4.9 7.82 2.8 4.9 7.82 2.85 4.9 7.88 2.85 5.85 7.82 0 5.85 7.88 0 5.85 7.88 0.05 5.85 7.82 0.05 4.9 7.88 0 4.9 7.82 0 4.9 7.82 0.05 4.9 7.88 0.05 4.95 7.82 0 4.95 7.88 0 4.95 7.88 2.85 4.95 7.82 2.85 5.8 7.88 0 5.8 7.82 0 5.8 7.82 2.85 5.8 7.88 2.85 4.3 7.82 2.2 4.3 7.88 2.2 4.3 7.88 2.25 4.3 7.82 2.25 1.3 7.88 2.2 1.3 7.82 2.2 1.3 7.82 2.25 1.3 7.88 2.25 4.3 7.82 1.05 4.3 7.88 1.05 4.3 7.88 1.1 4.3 7.82 1.1 1.3 7.88 1.05 1.3 7.82 1.05 1.3 7.82 1.1 1.3 7.88 1.1 1.35 7.82 1.05 1.35 7.88 1.05 1.35 7.88 2.25 1.35 7.82 2.25 4.25 7.88 1.05 4.25 7.82 1.05 4.25 7.82 2.25 4.25 7.88 2.25 2.825 7.815 1.1 2.825 7.885 1.1 2.825 7.885 2.2 2.825 7.815 2.2 2.775 7.885 1.1 2.775 7.815 1.1 2.775 7.815 2.2 2.775 7.885 2.2 -1.18 1.68 1.03 -1.18 8 1.03 -1.18 8 1.07 -1.18 1.68 1.07 -1.25 8 1.03 -1.25 1.68 1.03 -1.25 1.68 1.07 -1.25 8 1.07 0.162 -0.78 0.05 0.162 1.02 0.05 0.162 1.02 2.8 0.162 -0.78 2.8 0.138 1.02 0.05 0.138 -0.78 0.05 0.138 -0.78 2.8 0.138 1.02 2.8 0.197 1.02 0.05 0.197 2.82 0.05 0.197 2.82 2.8 0.197 1.02 2.8 0.173 2.82 0.05 0.173 1.02 0.05 0.173 1.02 2.8 0.173 2.82 2.8 0.162 2.82 0.05 0.162 4.62 0.05 0.162 4.62 2.8 0.162 2.82 2.8 0.138 4.62 0.05 0.138 2.82 0.05 0.138 2.82 2.8 0.138 4.62 2.8 2.417 -1.192 0.05 2.417 -1.168 0.05 2.417 -1.168 2.8 2.417 -1.192 2.8 0.55 -1.168 0.05 0.55 -1.192 0.05 0.55 -1.192 2.8 0.55 -1.168 2.8 4.283 -1.157 0.05 4.283 -1.133 0.05 4.283 -1.133 2.8 4.283 -1.157 2.8 2.417 -1.133 0.05 2.417 -1.157 0.05 2.417 -1.157 2.8 2.417 -1.133 2.8 6.15 -1.192 0.05 6.15 -1.168 0.05 6.15 -1.168 2.8 6.15 -1.192 2.8 4.283 -1.168 0.05 4.283 -1.192 0.05 4.283 -1.192 2.8 4.283 -1.168 2.8 8.9 -1.192 1.6 8.9 -1.168 1.6 8.9 -1.168 2.2 8.9 -1.192 2.2 8.45 -1.168 1.6 8.45 -1.192 1.6 8.45 -1.192 2.2 8.45 -1.168 2.2 10.95 -1.192 1.7 10.95 -1.168 1.7 10.95 -1.168 2.35 10.95 -1.192 2.35 9.65 -1.168 1.7 9.65 -1.192 1.7 9.65 -1.192 2.35 9.65 -1.168 2.35 13.05 -1.192 0.05 13.05 -1.168 0.05 13.05 -1.168 2.8 13.05 -1.192 2.8 11.9 -1.168 0.05 11.9 -1.192 0.05 11.9 -1.192 2.8 11.9 -1.168 2.8 14.2 -1.157 0.05 14.2 -1.133 0.05 14.2 -1.133 2.8 14.2 -1.157 2.8 13.05 -1.133 0.05 13.05 -1.157 0.05 13.05 -1.157 2.8 13.05 -1.133 2.8 14.862 0.45 0.95 14.862 1.75 0.95 14.862 1.75 2.35 14.862 0.45 2.35 14.838 1.75 0.95 14.838 0.45 0.95 14.838 0.45 2.35 14.838 1.75 2.35 14.862 4.55 0.5 14.862 5.7 0.5 14.862 5.7 2.8 14.862 4.55 2.8 14.838 5.7 0.5 14.838 4.55 0.5 14.838 4.55 2.8 14.838 5.7 2.8 14.862 6.85 0.5 14.862 6.85 2.8 14.838 6.85 0.5 14.838 6.85 2.8 14.15 7.838 1.25 14.15 7.862 1.25 14.15 7.862 2.35 14.15 7.838 2.35 13.05 7.862 1.25 13.05 7.838 1.25 13.05 7.838 2.35 13.05 7.862 2.35 10.85 7.838 1.7 10.85 7.862 1.7 10.85 7.862 2.35 10.85 7.838 2.35 9.75 7.862 1.7 9.75 7.838 1.7 9.75 7.838 2.35 9.75 7.862 2.35 7.65 7.838 0.05 7.65 7.862 0.05 7.65 7.862 2.15 7.65 7.838 2.15 6.85 7.862 0.05 6.85 7.838 0.05 6.85 7.838 2.15 6.85 7.862 2.15 5.8 7.838 0.05 5.8 7.862 0.05 5.8 7.862 2.8 5.8 7.838 2.8 4.95 7.862 0.05 4.95 7.838 0.05 4.95 7.838 2.8 4.95 7.862 2.8 2.8 7.838 1.1 2.8 7.862 1.1 2.8 7.862 2.2 2.8 7.838 2.2 1.35 7.862 1.1 1.35 7.838 1.1 1.35 7.838 2.2 1.35 7.862 2.2 4.25 7.838 1.1 4.25 7.862 1.1 4.25 7.862 2.2 4.25 7.838 2.2 14.25 -1.36 0 14.25 -1.34 0 14.25 -1.34 1.1 14.25 -1.36 1.1 11.85 -1.34 0 11.85 -1.36 0 11.85 -1.36 1.1 11.85 -1.34 1.1 -1.2 1.68 0 -1.2 8 0 -1.2 8 1.05 -1.2 1.68 1.05 -1.22 8 0 -1.22 1.68 0 -1.22 1.68 1.05 -1.22 8 1.05 7.72 1.27 0 7.72 5.47 0 7.72 5.47 1 7.72 1.27 1 7.66 5.47 0 7.66 1.27 0 7.66 1.27 1 7.66 5.47 1 9.26 -5.1 0.03 9.26 -1.33 0.03 9.26 -1.33 1.05 9.26 -5.1 1.05 9.24 -1.33 0.03 9.24 -5.1 0.03 9.24 -5.1 1.05 9.24 -1.33 1.05 -2.071 -4.746 1.05 -2.639 -2.996 1.05 -2.662 -3.004 1.05 -2.071 -4.746 0 -2.662 -3.004 0 -2.639 -2.996 0 -2.094 -4.754 1.05 -2.094 -4.754 0 -3.001 -1.883 1.05 -3.023 -1.891 1.05 -3.023 -1.891 0 -3.001 -1.883 0 -3.383 -0.733 1.05 -3.405 -0.741 1.05 -3.405 -0.741 0 -3.383 -0.733 0 -3.838 0.504 1.05 -3.86 0.496 1.05 -3.86 0.496 0 -3.838 0.504 0 -4.169 1.404 1.05 -4.192 1.396 1.05 -4.192 1.396 0 -4.169 1.404 0 7.82 -1.215 0 7.82 -1.145 0 7.82 -1.145 2.85 7.82 -1.215 2.85 6.8 -1.145 0 6.8 -1.215 0 6.8 -1.215 2.85 6.8 -1.145 2.85 -1.07 4.78 0.02 -1.07 6.68 0.02 -1.07 6.68 2.83 -1.07 4.78 2.83 -1.13 6.68 0.02 -1.13 4.78 0.02 -1.13 4.78 2.83 -1.13 6.68 2.83 -1 5.4 0.02 -1 7.3 0.02 -1 7.3 2.83 -1 5.4 2.83 -1.06 7.3 0.02 -1.06 5.4 0.02 -1.06 5.4 2.83 -1.06 7.3 2.83 -0.93 6.02 0.02 -0.93 7.92 0.02 -0.93 7.92 2.83 -0.93 6.02 2.83 -0.99 7.92 0.02 -0.99 6.02 0.02 -0.99 6.02 2.83 -0.99 7.92 2.83 -0.95 -3.3 2.79 -0.95 8 2.79 -0.95 8 2.85 -0.95 -3.3 2.85 -1.2 8 2.79 -1.2 -3.3 2.79 -1.2 -3.3 2.85 -1.2 8 2.85</float_array><technique_common><accessor source="#geo9-pos-a" count="600" stride="3"><param name="X" type="float"/><param name="Y" type="float"/><param name="Z" type="float"/></accessor></technique_common></source><vertices id="geo9-vtx"><input semantic="POSITION" source="#geo9-pos"/></vertices>
<triangles material="m-frame" count="684"><input semantic="VERTEX" source="#geo9-vtx" offset="0"/><p>0 1 2 0 2 3 4 5 6 4 6 7 1 4 7 1 7 2 5 0 3 5 3 6 6 3 2 6 2 7 4 1 0 4 0 5 8 9 10 8 10 11 12 13 14 12 14 15 9 12 15 9 15 10 13 8 11 13 11 14 14 11 10 14 10 15 12 9 8 12 8 13 8 16 17 8 17 3 18 13 6 18 6 19 16 18 19 16 19 17 13 8 3 13 3 6 6 3 17 6 17 19 18 16 8 18 8 13 20 9 2 20 2 21 12 22 23 12 23 7 9 12 7 9 7 2 22 20 21 22 21 23 23 21 2 23 2 7 12 9 20 12 20 22 24 25 26 24 26 27 28 29 30 28 30 31 25 28 31 25 31 26 29 24 27 29 27 30 30 27 26 30 26 31 28 25 24 28 24 29 32 33 34 32 34 35 36 37 38 36 38 39 33 36 39 33 39 34 37 32 35 37 35 38 38 35 34 38 34 39 36 33 32 36 32 37 40 41 42 40 42 43 44 45 46 44 46 47 41 44 47 41 47 42 45 40 43 45 43 46 46 43 42 46 42 47 44 41 40 44 40 45 48 49 50 48 50 51 52 53 54 52 54 55 49 52 55 49 55 50 53 48 51 53 51 54 54 51 50 54 50 55 52 49 48 52 48 53 56 57 58 56 58 59 52 53 46 52 46 47 57 52 47 57 47 58 53 56 59 53 59 46 46 59 58 46 58 47 52 57 56 52 56 53 48 49 42 48 42 43 60 61 62 60 62 63 49 60 63 49 63 42 61 48 43 61 43 62 62 43 42 62 42 63 60 49 48 60 48 61 64 65 66 64 66 67 68 69 70 68 70 71 65 68 71 65 71 66 69 64 67 69 67 70 70 67 66 70 66 71 68 65 64 68 64 69 72 73 74 72 74 75 76 77 78 76 78 79 73 76 79 73 79 74 77 72 75 77 75 78 78 75 74 78 74 79 76 73 72 76 72 77 80 81 82 80 82 83 84 85 86 84 86 87 81 84 87 81 87 82 85 80 83 85 83 86 86 83 82 86 82 87 84 81 80 84 80 85 88 89 90 88 90 91 92 93 94 92 94 95 89 92 95 89 95 90 93 88 91 93 91 94 94 91 90 94 90 95 92 89 88 92 88 93 96 97 98 96 98 99 100 101 102 100 102 103 97 100 103 97 103 98 101 96 99 101 99 102 102 99 98 102 98 103 100 97 96 100 96 101 104 105 106 104 106 107 100 101 94 100 94 95 105 100 95 105 95 106 101 104 107 101 107 94 94 107 106 94 106 95 100 105 104 100 104 101 96 97 90 96 90 91 108 109 110 108 110 111 97 108 111 97 111 90 109 96 91 109 91 110 110 91 90 110 90 111 108 97 96 108 96 109 112 113 114 112 114 115 116 117 118 116 118 119 113 116 119 113 119 114 117 112 115 117 115 118 118 115 114 118 114 119 116 113 112 116 112 117 120 121 122 120 122 123 124 125 126 124 126 127 121 124 127 121 127 122 125 120 123 125 123 126 126 123 122 126 122 127 124 121 120 124 120 125 128 129 130 128 130 131 124 125 118 124 118 119 129 124 119 129 119 130 125 128 131 125 131 118 118 131 130 118 130 119 124 129 128 124 128 125 120 121 114 120 114 115 132 133 134 132 134 135 121 132 135 121 135 114 133 120 115 133 115 134 134 115 114 134 114 135 132 121 120 132 120 133 136 137 138 136 138 139 140 141 142 140 142 143 137 140 143 137 143 138 141 136 139 141 139 142 142 139 138 142 138 143 140 137 136 140 136 141 144 145 146 144 146 147 148 149 150 148 150 151 145 148 151 145 151 146 149 144 147 149 147 150 150 147 146 150 146 151 148 145 144 148 144 149 152 153 154 152 154 155 148 149 142 148 142 143 153 148 143 153 143 154 149 152 155 149 155 142 142 155 154 142 154 143 148 153 152 148 152 149 144 145 138 144 138 139 156 157 158 156 158 159 145 156 159 145 159 138 157 144 139 157 139 158 158 139 138 158 138 159 156 145 144 156 144 157 160 161 162 160 162 163 164 165 166 164 166 167 161 164 167 161 167 162 165 160 163 165 163 166 166 163 162 166 162 167 164 161 160 164 160 165 168 169 170 168 170 171 172 173 174 172 174 175 169 172 175 169 175 170 173 168 171 173 171 174 174 171 170 174 170 175 172 169 168 172 168 173 176 177 178 176 178 179 180 181 182 180 182 183 177 180 183 177 183 178 181 176 179 181 179 182 182 179 178 182 178 183 180 177 176 180 176 181 176 184 185 176 185 171 186 181 174 186 174 187 184 186 187 184 187 185 181 176 171 181 171 174 174 171 185 174 185 187 186 184 176 186 176 181 188 177 170 188 170 189 180 190 191 180 191 175 177 180 175 177 175 170 190 188 189 190 189 191 191 189 170 191 170 175 180 177 188 180 188 190 192 193 194 192 194 195 196 197 198 196 198 199 193 196 199 193 199 194 197 192 195 197 195 198 198 195 194 198 194 199 196 193 192 196 192 197 200 201 202 200 202 203 204 205 206 204 206 207 201 204 207 201 207 202 205 200 203 205 203 206 206 203 202 206 202 207 204 201 200 204 200 205 200 208 209 200 209 195 210 205 198 210 198 211 208 210 211 208 211 209 205 200 195 205 195 198 198 195 209 198 209 211 210 208 200 210 200 205 212 201 194 212 194 213 204 214 215 204 215 199 201 204 199 201 199 194 214 212 213 214 213 215 215 213 194 215 194 199 204 201 212 204 212 214 216 217 218 216 218 219 220 221 222 220 222 223 217 220 223 217 223 218 221 216 219 221 219 222 222 219 218 222 218 223 220 217 216 220 216 221 224 225 226 224 226 227 228 229 230 228 230 231 225 228 231 225 231 226 229 224 227 229 227 230 230 227 226 230 226 231 228 225 224 228 224 229 232 233 234 232 234 235 236 237 238 236 238 239 233 236 239 233 239 234 237 232 235 237 235 238 238 235 234 238 234 239 236 233 232 236 232 237 240 241 242 240 242 243 236 237 230 236 230 231 241 236 231 241 231 242 237 240 243 237 243 230 230 243 242 230 242 231 236 241 240 236 240 237 232 233 226 232 226 227 244 245 246 244 246 247 233 244 247 233 247 226 245 232 227 245 227 246 246 227 226 246 226 247 244 233 232 244 232 245 248 249 250 248 250 251 252 253 254 252 254 255 249 252 255 249 255 250 253 248 251 253 251 254 254 251 250 254 250 255 252 249 248 252 248 253 256 257 258 256 258 259 260 261 262 260 262 263 257 260 263 257 263 258 261 256 259 261 259 262 262 259 258 262 258 263 260 257 256 260 256 261 264 265 266 264 266 267 260 261 254 260 254 255 265 260 255 265 255 266 261 264 267 261 267 254 254 267 266 254 266 255 260 265 264 260 264 261 256 257 250 256 250 251 268 269 270 268 270 271 257 268 271 257 271 250 269 256 251 269 251 270 270 251 250 270 250 271 268 257 256 268 256 269 272 273 274 272 274 275 276 277 278 276 278 279 273 276 279 273 279 274 277 272 275 277 275 278 278 275 274 278 274 279 276 273 272 276 272 277 280 281 282 280 282 283 284 285 286 284 286 287 281 284 287 281 287 282 285 280 283 285 283 286 286 283 282 286 282 287 284 281 280 284 280 285 288 289 290 288 290 291 284 285 278 284 278 279 289 284 279 289 279 290 285 288 291 285 291 278 278 291 290 278 290 279 284 289 288 284 288 285 280 281 274 280 274 275 292 293 294 292 294 295 281 292 295 281 295 274 293 280 275 293 275 294 294 275 274 294 274 295 292 281 280 292 280 293 296 297 298 296 298 299 300 301 302 300 302 303 297 300 303 297 303 298 301 296 299 301 299 302 302 299 298 302 298 303 300 297 296 300 296 301 304 305 306 304 306 307 308 309 310 308 310 311 305 308 311 305 311 306 309 304 307 309 307 310 310 307 306 310 306 311 308 305 304 308 304 309 312 313 314 312 314 315 308 309 302 308 302 303 313 308 303 313 303 314 309 312 315 309 315 302 302 315 314 302 314 303 308 313 312 308 312 309 304 305 298 304 298 299 316 317 318 316 318 319 305 316 319 305 319 298 317 304 299 317 299 318 318 299 298 318 298 319 316 305 304 316 304 317 320 321 322 320 322 323 324 325 326 324 326 327 321 324 327 321 327 322 325 320 323 325 323 326 326 323 322 326 322 327 324 321 320 324 320 325 328 329 330 328 330 331 332 333 334 332 334 335 329 332 335 329 335 330 333 328 331 333 331 334 334 331 330 334 330 335 332 329 328 332 328 333 336 337 338 336 338 339 332 333 326 332 326 327 337 332 327 337 327 338 333 336 339 333 339 326 326 339 338 326 338 327 332 337 336 332 336 333 328 329 322 328 322 323 340 341 342 340 342 343 329 340 343 329 343 322 341 328 323 341 323 342 342 323 322 342 322 343 340 329 328 340 328 341 344 345 346 344 346 347 348 349 350 348 350 351 345 348 351 345 351 346 349 344 347 349 347 350 350 347 346 350 346 351 348 345 344 348 344 349 352 353 354 352 354 355 356 357 358 356 358 359 353 356 359 353 359 354 357 352 355 357 355 358 358 355 354 358 354 359 356 353 352 356 352 357</p></triangles>
<triangles material="m-glass" count="336"><input semantic="VERTEX" source="#geo9-vtx" offset="0"/><p>360 361 362 360 362 363 364 365 366 364 366 367 361 364 367 361 367 362 365 360 363 365 363 366 366 363 362 366 362 367 364 361 360 364 360 365 368 369 370 368 370 371 372 373 374 372 374 375 369 372 375 369 375 370 373 368 371 373 371 374 374 371 370 374 370 375 372 369 368 372 368 373 376 377 378 376 378 379 380 381 382 380 382 383 377 380 383 377 383 378 381 376 379 381 379 382 382 379 378 382 378 383 380 377 376 380 376 381 384 385 386 384 386 387 388 389 390 388 390 391 385 388 391 385 391 386 389 384 387 389 387 390 390 387 386 390 386 391 388 385 384 388 384 389 392 393 394 392 394 395 396 397 398 396 398 399 393 396 399 393 399 394 397 392 395 397 395 398 398 395 394 398 394 399 396 393 392 396 392 397 400 401 402 400 402 403 404 405 406 404 406 407 401 404 407 401 407 402 405 400 403 405 403 406 406 403 402 406 402 407 404 401 400 404 400 405 408 409 410 408 410 411 412 413 414 412 414 415 409 412 415 409 415 410 413 408 411 413 411 414 414 411 410 414 410 415 412 409 408 412 408 413 416 417 418 416 418 419 420 421 422 420 422 423 417 420 423 417 423 418 421 416 419 421 419 422 422 419 418 422 418 423 420 417 416 420 416 421 424 425 426 424 426 427 428 429 430 428 430 431 425 428 431 425 431 426 429 424 427 429 427 430 430 427 426 430 426 431 428 425 424 428 424 429 432 433 434 432 434 435 436 437 438 436 438 439 433 436 439 433 439 434 437 432 435 437 435 438 438 435 434 438 434 439 436 433 432 436 432 437 440 441 442 440 442 443 444 445 446 444 446 447 441 444 447 441 447 442 445 440 443 445 443 446 446 443 442 446 442 447 444 441 440 444 440 445 448 449 450 448 450 451 452 453 454 452 454 455 449 452 455 449 455 450 453 448 451 453 451 454 454 451 450 454 450 455 452 449 448 452 448 453 449 456 457 449 457 450 458 452 455 458 455 459 456 458 459 456 459 457 452 449 450 452 450 455 455 450 457 455 457 459 458 456 449 458 449 452 460 461 462 460 462 463 464 465 466 464 466 467 461 464 467 461 467 462 465 460 463 465 463 466 466 463 462 466 462 467 464 461 460 464 460 465 468 469 470 468 470 471 472 473 474 472 474 475 469 472 475 469 475 470 473 468 471 473 471 474 474 471 470 474 470 475 472 469 468 472 468 473 476 477 478 476 478 479 480 481 482 480 482 483 477 480 483 477 483 478 481 476 479 481 479 482 482 479 478 482 478 483 480 477 476 480 476 481 484 485 486 484 486 487 488 489 490 488 490 491 485 488 491 485 491 486 489 484 487 489 487 490 490 487 486 490 486 491 488 485 484 488 484 489 492 493 494 492 494 495 496 497 498 496 498 499 493 496 499 493 499 494 497 492 495 497 495 498 498 495 494 498 494 499 496 493 492 496 492 497 500 501 502 500 502 503 493 492 495 493 495 494 501 493 494 501 494 502 492 500 503 492 503 495 495 503 502 495 502 494 493 501 500 493 500 492 504 505 506 504 506 507 508 509 510 508 510 511 505 508 511 505 511 506 509 504 507 509 507 510 510 507 506 510 506 511 508 505 504 508 504 509 512 513 514 512 514 515 516 517 518 516 518 519 513 516 519 513 519 514 517 512 515 517 515 518 518 515 514 518 514 519 516 513 512 516 512 517 520 521 522 520 522 523 524 525 526 524 526 527 521 524 527 521 527 522 525 520 523 525 523 526 526 523 522 526 522 527 524 521 520 524 520 525 528 529 530 528 530 531 532 533 534 532 534 535 529 532 535 529 535 530 533 528 531 533 531 534 534 531 530 534 530 535 532 529 528 532 528 533 536 537 538 539 540 541 536 538 542 539 543 540 540 543 542 540 542 538 543 539 536 543 536 542 539 541 537 539 537 536 541 540 538 541 538 537 537 544 545 541 546 547 537 545 538 541 540 546 546 540 538 546 538 545 540 541 537 540 537 538 541 547 544 541 544 537 547 546 545 547 545 544 544 548 549 547 550 551 544 549 545 547 546 550 550 546 545 550 545 549 546 547 544 546 544 545 547 551 548 547 548 544 551 550 549 551 549 548 548 552 553 551 554 555 548 553 549 551 550 554 554 550 549 554 549 553 550 551 548 550 548 549 551 555 552 551 552 548 555 554 553 555 553 552 552 556 557 555 558 559 552 557 553 555 554 558 558 554 553 558 553 557 554 555 552 554 552 553 555 559 556 555 556 552 559 558 557 559 557 556</p></triangles>
<triangles material="m-oak" count="12"><input semantic="VERTEX" source="#geo9-vtx" offset="0"/><p>560 561 562 560 562 563 564 565 566 564 566 567 561 564 567 561 567 562 565 560 563 565 563 566 566 563 562 566 562 567 564 561 560 564 560 565</p></triangles>
<triangles material="m-shutter" count="36"><input semantic="VERTEX" source="#geo9-vtx" offset="0"/><p>568 569 570 568 570 571 572 573 574 572 574 575 569 572 575 569 575 570 573 568 571 573 571 574 574 571 570 574 570 575 572 569 568 572 568 573 576 577 578 576 578 579 580 581 582 580 582 583 577 580 583 577 583 578 581 576 579 581 579 582 582 579 578 582 578 583 580 577 576 580 576 581 584 585 586 584 586 587 588 589 590 588 590 591 585 588 591 585 591 586 589 584 587 589 587 590 590 587 586 590 586 591 588 585 584 588 584 589</p></triangles>
<triangles material="m-metal" count="12"><input semantic="VERTEX" source="#geo9-vtx" offset="0"/><p>592 593 594 592 594 595 596 597 598 596 598 599 593 596 599 593 599 594 597 592 595 597 595 598 598 595 594 598 594 599 596 593 592 596 592 597</p></triangles>
</mesh></geometry>
<geometry id="geo10" name="11 Escadas"><mesh><source id="geo10-pos"><float_array id="geo10-pos-a" count="696">7.66 1.27 -0.361 7.66 1.55 -0.361 7.66 1.55 -0.181 7.66 1.27 -0.181 6.66 1.55 -0.361 6.66 1.27 -0.361 6.66 1.27 -0.181 6.66 1.55 -0.181 7.66 1.55 -0.542 7.66 1.83 -0.542 7.66 1.83 -0.362 7.66 1.55 -0.362 6.66 1.83 -0.542 6.66 1.55 -0.542 6.66 1.55 -0.362 6.66 1.83 -0.362 7.66 1.83 -0.724 7.66 2.11 -0.724 7.66 2.11 -0.544 7.66 1.83 -0.544 6.66 2.11 -0.724 6.66 1.83 -0.724 6.66 1.83 -0.544 6.66 2.11 -0.544 7.66 2.11 -0.905 7.66 2.39 -0.905 7.66 2.39 -0.725 7.66 2.11 -0.725 6.66 2.39 -0.905 6.66 2.11 -0.905 6.66 2.11 -0.725 6.66 2.39 -0.725 7.66 2.39 -1.086 7.66 2.67 -1.086 7.66 2.67 -0.906 7.66 2.39 -0.906 6.66 2.67 -1.086 6.66 2.39 -1.086 6.66 2.39 -0.906 6.66 2.67 -0.906 7.66 2.67 -1.267 7.66 2.95 -1.267 7.66 2.95 -1.087 7.66 2.67 -1.087 6.66 2.95 -1.267 6.66 2.67 -1.267 6.66 2.67 -1.087 6.66 2.95 -1.087 7.66 2.95 -1.449 7.66 3.23 -1.449 7.66 3.23 -1.269 7.66 2.95 -1.269 6.66 3.23 -1.449 6.66 2.95 -1.449 6.66 2.95 -1.269 6.66 3.23 -1.269 7.66 3.23 -1.63 7.66 3.51 -1.63 7.66 3.51 -1.45 7.66 3.23 -1.45 6.66 3.51 -1.63 6.66 3.23 -1.63 6.66 3.23 -1.45 6.66 3.51 -1.45 7.66 3.51 -1.811 7.66 3.79 -1.811 7.66 3.79 -1.631 7.66 3.51 -1.631 6.66 3.79 -1.811 6.66 3.51 -1.811 6.66 3.51 -1.631 6.66 3.79 -1.631 7.66 3.79 -1.992 7.66 4.07 -1.992 7.66 4.07 -1.812 7.66 3.79 -1.812 6.66 4.07 -1.992 6.66 3.79 -1.992 6.66 3.79 -1.812 6.66 4.07 -1.812 7.66 4.07 -2.174 7.66 4.35 -2.174 7.66 4.35 -1.994 7.66 4.07 -1.994 6.66 4.35 -2.174 6.66 4.07 -2.174 6.66 4.07 -1.994 6.66 4.35 -1.994 7.66 4.35 -2.355 7.66 4.63 -2.355 7.66 4.63 -2.175 7.66 4.35 -2.175 6.66 4.63 -2.355 6.66 4.35 -2.355 6.66 4.35 -2.175 6.66 4.63 -2.175 7.66 4.63 -2.536 7.66 4.91 -2.536 7.66 4.91 -2.356 7.66 4.63 -2.356 6.66 4.91 -2.536 6.66 4.63 -2.536 6.66 4.63 -2.356 6.66 4.91 -2.356 7.66 4.91 -2.718 7.66 5.19 -2.718 7.66 5.19 -2.538 7.66 4.91 -2.538 6.66 5.19 -2.718 6.66 4.91 -2.718 6.66 4.91 -2.538 6.66 5.19 -2.538 7.66 5.19 -2.899 7.66 5.47 -2.899 7.66 5.47 -2.719 7.66 5.19 -2.719 6.66 5.47 -2.899 6.66 5.19 -2.899 6.66 5.19 -2.719 6.66 5.47 -2.719 15.2 -4.8 -1.56 15.2 -4.467 -1.56 15.2 -4.467 -1.38 15.2 -4.8 -1.38 14.2 -4.467 -1.56 14.2 -4.8 -1.56 14.2 -4.8 -1.38 14.2 -4.467 -1.38 15.2 -4.467 -1.74 15.2 -4.133 -1.74 15.2 -4.133 -1.56 14.2 -4.133 -1.74 14.2 -4.467 -1.74 14.2 -4.133 -1.56 15.2 -4.133 -1.92 15.2 -3.8 -1.92 15.2 -3.8 -1.74 14.2 -3.8 -1.92 14.2 -4.133 -1.92 14.2 -3.8 -1.74 15.2 -3.8 -2.1 15.2 -3.467 -2.1 15.2 -3.467 -1.92 14.2 -3.467 -2.1 14.2 -3.8 -2.1 14.2 -3.467 -1.92 15.2 -3.467 -2.28 15.2 -3.133 -2.28 15.2 -3.133 -2.1 14.2 -3.133 -2.28 14.2 -3.467 -2.28 14.2 -3.133 -2.1 15.2 -3.133 -2.46 15.2 -2.8 -2.46 15.2 -2.8 -2.28 14.2 -2.8 -2.46 14.2 -3.133 -2.46 14.2 -2.8 -2.28 15.2 -2.8 -2.64 15.2 -2.467 -2.64 15.2 -2.467 -2.46 14.2 -2.467 -2.64 14.2 -2.8 -2.64 14.2 -2.467 -2.46 15.2 -2.467 -2.82 15.2 -2.133 -2.82 15.2 -2.133 -2.64 14.2 -2.133 -2.82 14.2 -2.467 -2.82 14.2 -2.133 -2.64 15.2 -2.133 -3 15.2 -1.8 -3 15.2 -1.8 -2.82 14.2 -1.8 -3 14.2 -2.133 -3 14.2 -1.8 -2.82 15.2 -5.6 -3.1 15.2 -4.8 -3.1 15.2 -4.8 -1.2 15.2 -5.6 -1.2 14.2 -4.8 -3.1 14.2 -5.6 -3.1 14.2 -5.6 -1.2 14.2 -4.8 -1.2 9.05 -6.617 -0.366 9.05 -6.3 -0.366 9.05 -6.3 -0.186 9.05 -6.617 -0.186 8.15 -6.3 -0.366 8.15 -6.617 -0.366 8.15 -6.617 -0.186 8.15 -6.3 -0.186 9.05 -6.933 -0.551 9.05 -6.617 -0.551 9.05 -6.617 -0.371 9.05 -6.933 -0.371 8.15 -6.617 -0.551 8.15 -6.933 -0.551 8.15 -6.933 -0.371 8.15 -6.617 -0.371 9.05 -7.25 -0.737 9.05 -6.933 -0.737 9.05 -6.933 -0.557 9.05 -7.25 -0.557 8.15 -6.933 -0.737 8.15 -7.25 -0.737 8.15 -7.25 -0.557 8.15 -6.933 -0.557 9.05 -7.567 -0.923 9.05 -7.25 -0.923 9.05 -7.25 -0.743 9.05 -7.567 -0.743 8.15 -7.25 -0.923 8.15 -7.567 -0.923 8.15 -7.567 -0.743 8.15 -7.25 -0.743 9.05 -7.883 -1.109 9.05 -7.567 -1.109 9.05 -7.567 -0.929 9.05 -7.883 -0.929 8.15 -7.567 -1.109 8.15 -7.883 -1.109 8.15 -7.883 -0.929 8.15 -7.567 -0.929 9.05 -8.2 -1.294 9.05 -7.883 -1.294 9.05 -7.883 -1.114 9.05 -8.2 -1.114 8.15 -7.883 -1.294 8.15 -8.2 -1.294 8.15 -8.2 -1.114 8.15 -7.883 -1.114</float_array><technique_common><accessor source="#geo10-pos-a" count="232" stride="3"><param name="X" type="float"/><param name="Y" type="float"/><param name="Z" type="float"/></accessor></technique_common></source><vertices id="geo10-vtx"><input semantic="POSITION" source="#geo10-pos"/></vertices>
<triangles material="m-oak" count="180"><input semantic="VERTEX" source="#geo10-vtx" offset="0"/><p>0 1 2 0 2 3 4 5 6 4 6 7 1 4 7 1 7 2 5 0 3 5 3 6 6 3 2 6 2 7 4 1 0 4 0 5 8 9 10 8 10 11 12 13 14 12 14 15 9 12 15 9 15 10 13 8 11 13 11 14 14 11 10 14 10 15 12 9 8 12 8 13 16 17 18 16 18 19 20 21 22 20 22 23 17 20 23 17 23 18 21 16 19 21 19 22 22 19 18 22 18 23 20 17 16 20 16 21 24 25 26 24 26 27 28 29 30 28 30 31 25 28 31 25 31 26 29 24 27 29 27 30 30 27 26 30 26 31 28 25 24 28 24 29 32 33 34 32 34 35 36 37 38 36 38 39 33 36 39 33 39 34 37 32 35 37 35 38 38 35 34 38 34 39 36 33 32 36 32 37 40 41 42 40 42 43 44 45 46 44 46 47 41 44 47 41 47 42 45 40 43 45 43 46 46 43 42 46 42 47 44 41 40 44 40 45 48 49 50 48 50 51 52 53 54 52 54 55 49 52 55 49 55 50 53 48 51 53 51 54 54 51 50 54 50 55 52 49 48 52 48 53 56 57 58 56 58 59 60 61 62 60 62 63 57 60 63 57 63 58 61 56 59 61 59 62 62 59 58 62 58 63 60 57 56 60 56 61 64 65 66 64 66 67 68 69 70 68 70 71 65 68 71 65 71 66 69 64 67 69 67 70 70 67 66 70 66 71 68 65 64 68 64 69 72 73 74 72 74 75 76 77 78 76 78 79 73 76 79 73 79 74 77 72 75 77 75 78 78 75 74 78 74 79 76 73 72 76 72 77 80 81 82 80 82 83 84 85 86 84 86 87 81 84 87 81 87 82 85 80 83 85 83 86 86 83 82 86 82 87 84 81 80 84 80 85 88 89 90 88 90 91 92 93 94 92 94 95 89 92 95 89 95 90 93 88 91 93 91 94 94 91 90 94 90 95 92 89 88 92 88 93 96 97 98 96 98 99 100 101 102 100 102 103 97 100 103 97 103 98 101 96 99 101 99 102 102 99 98 102 98 103 100 97 96 100 96 101 104 105 106 104 106 107 108 109 110 108 110 111 105 108 111 105 111 106 109 104 107 109 107 110 110 107 106 110 106 111 108 105 104 108 104 109 112 113 114 112 114 115 116 117 118 116 118 119 113 116 119 113 119 114 117 112 115 117 115 118 118 115 114 118 114 119 116 113 112 116 112 117</p></triangles>
<triangles material="m-granite" count="192"><input semantic="VERTEX" source="#geo10-vtx" offset="0"/><p>120 121 122 120 122 123 124 125 126 124 126 127 121 124 127 121 127 122 125 120 123 125 123 126 126 123 122 126 122 127 124 121 120 124 120 125 128 129 130 128 130 121 131 132 124 131 124 133 129 131 133 129 133 130 132 128 121 132 121 124 124 121 130 124 130 133 131 129 128 131 128 132 134 135 136 134 136 129 137 138 131 137 131 139 135 137 139 135 139 136 138 134 129 138 129 131 131 129 136 131 136 139 137 135 134 137 134 138 140 141 142 140 142 135 143 144 137 143 137 145 141 143 145 141 145 142 144 140 135 144 135 137 137 135 142 137 142 145 143 141 140 143 140 144 146 147 148 146 148 141 149 150 143 149 143 151 147 149 151 147 151 148 150 146 141 150 141 143 143 141 148 143 148 151 149 147 146 149 146 150 152 153 154 152 154 147 155 156 149 155 149 157 153 155 157 153 157 154 156 152 147 156 147 149 149 147 154 149 154 157 155 153 152 155 152 156 158 159 160 158 160 153 161 162 155 161 155 163 159 161 163 159 163 160 162 158 153 162 153 155 155 153 160 155 160 163 161 159 158 161 158 162 164 165 166 164 166 159 167 168 161 167 161 169 165 167 169 165 169 166 168 164 159 168 159 161 161 159 166 161 166 169 167 165 164 167 164 168 170 171 172 170 172 165 173 174 167 173 167 175 171 173 175 171 175 172 174 170 165 174 165 167 167 165 172 167 172 175 173 171 170 173 170 174 176 177 178 176 178 179 180 181 182 180 182 183 177 180 183 177 183 178 181 176 179 181 179 182 182 179 178 182 178 183 180 177 176 180 176 181 184 185 186 184 186 187 188 189 190 188 190 191 185 188 191 185 191 186 189 184 187 189 187 190 190 187 186 190 186 191 188 185 184 188 184 189 192 193 194 192 194 195 196 197 198 196 198 199 193 196 199 193 199 194 197 192 195 197 195 198 198 195 194 198 194 199 196 193 192 196 192 197 200 201 202 200 202 203 204 205 206 204 206 207 201 204 207 201 207 202 205 200 203 205 203 206 206 203 202 206 202 207 204 201 200 204 200 205 208 209 210 208 210 211 212 213 214 212 214 215 209 212 215 209 215 210 213 208 211 213 211 214 214 211 210 214 210 215 212 209 208 212 208 213 216 217 218 216 218 219 220 221 222 220 222 223 217 220 223 217 223 218 221 216 219 221 219 222 222 219 218 222 218 223 220 217 216 220 216 221 224 225 226 224 226 227 228 229 230 228 230 231 225 228 231 225 231 226 229 224 227 229 227 230 230 227 226 230 226 231 228 225 224 228 224 229</p></triangles>
</mesh></geometry>
<geometry id="geo11" name="12 Cobertura e claraboias"><mesh><source id="geo11-pos"><float_array id="geo11-pos-a" count="372">4.4 5.2 3.55 4.4 5.9 3.55 4.4 5.9 3.57 4.4 5.2 3.57 2 5.9 3.55 2 5.2 3.55 2 5.2 3.57 2 5.9 3.57 7.56 1.7 3.55 7.56 4.7 3.55 7.56 4.7 3.57 7.56 1.7 3.57 6.76 4.7 3.55 6.76 1.7 3.55 6.76 1.7 3.57 6.76 4.7 3.57 10.55 -0.6 3.55 10.55 0 3.55 10.55 0 3.57 10.55 -0.6 3.57 9.95 0 3.55 9.95 -0.6 3.55 9.95 -0.6 3.57 9.95 0 3.57 11.05 3.2 3.55 11.05 3.8 3.55 11.05 3.8 3.57 11.05 3.2 3.57 10.45 3.8 3.55 10.45 3.2 3.55 10.45 3.2 3.57 10.45 3.8 3.57 7.56 1.7 3.1 10.45 3.2 3.1 10.45 3.8 3.1 11.05 3.2 3.1 6.76 1.7 3.1 0 -1.33 3.1 9.95 -0.6 3.1 9.95 0 3.1 10.55 0 3.1 10.55 -0.6 3.1 15 -1.33 3.1 15 8 3.1 0 8 3.1 2 5.2 3.1 2 5.9 3.1 4.4 5.9 3.1 4.4 5.2 3.1 6.76 4.7 3.1 7.56 4.7 3.1 11.05 3.8 3.1 7.68 1.58 3.1 10.33 3.92 3.1 10.33 3.08 3.1 11.17 3.08 3.1 6.64 1.58 3.1 9.83 -0.72 3.1 9.83 0.12 3.1 10.67 0.12 3.1 10.67 -0.72 3.1 1.88 5.08 3.1 1.88 6.02 3.1 4.52 6.02 3.1 4.52 5.08 3.1 6.64 4.82 3.1 7.68 4.82 3.1 11.17 3.92 3.1 7.56 1.7 2.85 10.45 3.8 2.85 10.45 3.2 2.85 11.05 3.2 2.85 0 -1.33 2.85 6.76 1.7 2.85 9.95 -0.6 2.85 9.95 0 2.85 10.55 0 2.85 10.55 -0.6 2.85 15 -1.33 2.85 15 8 2.85 0 8 2.85 2 5.2 2.85 2 5.9 2.85 4.4 5.9 2.85 4.4 5.2 2.85 6.76 4.7 2.85 7.56 4.7 2.85 11.05 3.8 2.85 15 -1.33 3.45 0 -1.33 3.45 15 8 3.45 0 8 3.45 10.33 3.92 3.45 10.33 3.08 3.45 11.17 3.92 3.45 11.17 3.08 3.45 9.83 0.12 3.45 9.83 -0.72 3.45 10.67 0.12 3.45 10.67 -0.72 3.45 6.64 4.82 3.45 6.64 1.58 3.45 7.68 4.82 3.45 7.68 1.58 3.45 1.88 6.02 3.45 1.88 5.08 3.45 4.52 6.02 3.45 4.52 5.08 3.45 1.88 5.08 3.55 4.52 5.08 3.55 4.52 6.02 3.55 1.88 6.02 3.55 6.64 1.58 3.55 7.68 1.58 3.55 7.68 4.82 3.55 6.64 4.82 3.55 9.83 -0.72 3.55 10.67 -0.72 3.55 10.67 0.12 3.55 9.83 0.12 3.55 10.33 3.08 3.55 11.17 3.08 3.55 11.17 3.92 3.55 10.33 3.92 3.55</float_array><technique_common><accessor source="#geo11-pos-a" count="124" stride="3"><param name="X" type="float"/><param name="Y" type="float"/><param name="Z" type="float"/></accessor></technique_common></source><vertices id="geo11-vtx"><input semantic="POSITION" source="#geo11-pos"/></vertices>
<triangles material="m-glass" count="48"><input semantic="VERTEX" source="#geo11-vtx" offset="0"/><p>0 1 2 0 2 3 4 5 6 4 6 7 1 4 7 1 7 2 5 0 3 5 3 6 6 3 2 6 2 7 4 1 0 4 0 5 8 9 10 8 10 11 12 13 14 12 14 15 9 12 15 9 15 10 13 8 11 13 11 14 14 11 10 14 10 15 12 9 8 12 8 13 16 17 18 16 18 19 20 21 22 20 22 23 17 20 23 17 23 18 21 16 19 21 19 22 22 19 18 22 18 23 20 17 16 20 16 21 24 25 26 24 26 27 28 29 30 28 30 31 25 28 31 25 31 26 29 24 27 29 27 30 30 27 26 30 26 31 28 25 24 28 24 29</p></triangles>
<triangles material="m-concrete" count="52"><input semantic="VERTEX" source="#geo11-vtx" offset="0"/><p>32 33 34 35 33 32 32 36 37 32 37 38 32 38 39 32 39 40 41 38 37 41 37 42 41 42 43 44 37 45 44 45 46 44 46 47 48 45 37 48 37 36 48 36 49 48 49 50 50 32 34 50 34 51 35 32 40 35 40 41 35 41 43 43 44 47 43 47 48 43 48 50 43 50 51 43 51 35 52 53 54 55 52 54 52 37 56 52 57 37 52 58 57 52 59 58 60 37 57 60 42 37 60 43 42 44 61 37 44 62 61 44 63 62 64 37 61 64 56 37 64 65 56 64 66 65 66 53 52 66 67 53 55 59 52 55 60 59 55 43 60 43 63 44 43 64 63 43 66 64 43 67 66 43 55 67</p></triangles>
<triangles material="m-ceiling" count="26"><input semantic="VERTEX" source="#geo11-vtx" offset="0"/><p>68 69 70 71 68 70 68 72 73 68 74 72 68 75 74 68 76 75 77 72 74 77 78 72 77 79 78 80 81 72 80 82 81 80 83 82 84 72 81 84 73 72 84 85 73 84 86 85 86 69 68 86 87 69 71 76 68 71 77 76 71 79 77 79 83 80 79 84 83 79 86 84 79 87 86 79 71 87</p></triangles>
<triangles material="m-timber" count="80"><input semantic="VERTEX" source="#geo11-vtx" offset="0"/><p>72 78 42 72 42 37 78 79 43 78 43 42 79 80 44 79 44 43 80 72 37 80 37 44 70 69 34 70 34 33 69 87 51 69 51 34 87 71 35 87 35 51 71 70 33 71 33 35 74 75 39 74 39 38 75 76 40 75 40 39 76 77 41 76 41 40 77 74 38 77 38 41 73 85 49 73 49 36 85 86 50 85 50 49 86 68 32 86 32 50 68 73 36 68 36 32 81 82 46 81 46 45 82 83 47 82 47 46 83 84 48 83 48 47 84 81 45 84 45 48 37 42 88 37 88 89 42 43 90 42 90 88 43 44 91 43 91 90 44 37 89 44 89 91 54 53 92 54 92 93 53 67 94 53 94 92 67 55 95 67 95 94 55 54 93 55 93 95 57 58 96 57 96 97 58 59 98 58 98 96 59 60 99 59 99 98 60 57 97 60 97 99 56 65 100 56 100 101 65 66 102 65 102 100 66 52 103 66 103 102 52 56 101 52 101 103 61 62 104 61 104 105 62 63 106 62 106 104 63 64 107 63 107 106 64 61 105 64 105 107</p></triangles>
<triangles material="m-gravel" count="26"><input semantic="VERTEX" source="#geo11-vtx" offset="0"/><p>103 93 92 95 93 103 103 101 89 103 89 97 103 97 96 103 96 98 99 97 89 99 89 88 99 88 90 91 89 105 91 105 104 91 104 106 107 105 89 107 89 101 107 101 100 107 100 102 102 103 92 102 92 94 95 103 98 95 98 99 95 99 90 90 91 106 90 106 107 90 107 102 90 102 94 90 94 95</p></triangles>
<triangles material="m-metal" count="128"><input semantic="VERTEX" source="#geo11-vtx" offset="0"/><p>108 5 4 61 46 45 0 5 108 48 61 45 0 108 109 48 64 61 0 109 110 48 63 64 111 108 4 62 46 61 111 4 1 62 47 46 1 0 110 47 63 48 1 110 111 47 62 63 61 64 109 61 109 108 64 63 110 64 110 109 63 62 111 63 111 110 62 61 108 62 108 111 47 48 0 47 0 1 48 45 5 48 5 0 45 46 4 45 4 5 46 47 1 46 1 4 112 13 12 56 49 36 8 13 112 32 56 36 8 112 113 32 52 56 8 113 114 32 66 52 115 112 12 65 49 56 115 12 9 65 50 49 9 8 114 50 66 32 9 114 115 50 65 66 56 52 113 56 113 112 52 66 114 52 114 113 66 65 115 66 115 114 65 56 112 65 112 115 50 32 8 50 8 9 32 36 13 32 13 8 36 49 12 36 12 13 49 50 9 49 9 12 116 21 20 57 39 38 16 21 116 41 57 38 16 116 117 41 60 57 16 117 118 41 59 60 119 116 20 58 39 57 119 20 17 58 40 39 17 16 118 40 59 41 17 118 119 40 58 59 57 60 117 57 117 116 60 59 118 60 118 117 59 58 119 59 119 118 58 57 116 58 116 119 40 41 16 40 16 17 41 38 21 41 21 16 38 39 20 38 20 21 39 40 17 39 17 20 120 29 28 54 34 33 24 29 120 35 54 33 24 120 121 35 55 54 24 121 122 35 67 55 123 120 28 53 34 54 123 28 25 53 51 34 25 24 122 51 67 35 25 122 123 51 53 67 54 55 121 54 121 120 55 67 122 55 122 121 67 53 123 67 123 122 53 54 120 53 120 123 51 35 24 51 24 25 35 33 29 35 29 24 33 34 28 33 28 29 34 51 25 34 25 28</p></triangles>
</mesh></geometry>
<geometry id="geo12" name="13 Pala"><mesh><source id="geo12-pos"><float_array id="geo12-pos-a" count="42">-1.2 -3.33 3.15 9.4 -3.33 3.15 9.4 -1.33 3.15 0 -1.33 3.15 0 8 3.15 -1.2 8 3.15 -1.2 -1.33 3.15 9.4 -1.33 2.85 0 -1.33 2.85 0 8 2.85 -1.2 8 2.85 -1.2 -1.33 2.85 -1.2 -3.33 2.85 9.4 -3.33 2.85</float_array><technique_common><accessor source="#geo12-pos-a" count="14" stride="3"><param name="X" type="float"/><param name="Y" type="float"/><param name="Z" type="float"/></accessor></technique_common></source><vertices id="geo12-vtx"><input semantic="POSITION" source="#geo12-pos"/></vertices>
<triangles material="m-concrete" count="19"><input semantic="VERTEX" source="#geo12-vtx" offset="0"/><p>0 1 2 0 2 3 0 3 4 4 5 6 4 6 0 7 8 3 7 3 2 8 9 4 8 4 3 9 10 5 9 5 4 10 11 6 10 6 5 11 12 0 11 0 6 12 13 1 12 1 0 13 7 2 13 2 1</p></triangles>
<triangles material="m-soffit" count="5"><input semantic="VERTEX" source="#geo12-vtx" offset="0"/><p>12 7 13 12 8 7 12 9 8 9 11 10 9 12 11</p></triangles>
</mesh></geometry>
<geometry id="geo13" name="14 Mobiliário"><mesh><source id="geo13-pos"><float_array id="geo13-pos-a" count="738">4.7 7.05 0 4.7 7.7 0 4.7 7.7 0.9 4.7 7.05 0.9 0.6 7.7 0 0.6 7.05 0 0.6 7.05 0.9 0.6 7.7 0.9 9.16 5.65 0 9.16 7.7 0 9.16 7.7 0.9 9.16 5.65 0.9 8.56 7.7 0 8.56 5.65 0 8.56 5.65 0.9 8.56 7.7 0.9 4.7 7.7 0.93 4.7 7.05 0.93 0.6 7.05 0.93 0.6 7.7 0.93 4.65 5 0.9 4.65 6.1 0.9 4.65 6.1 0.94 4.65 5 0.94 1.75 6.1 0.9 1.75 5 0.9 1.75 5 0.94 1.75 6.1 0.94 6.54 4.4 0 6.54 7.1 0 6.54 7.1 2.4 6.54 4.4 2.4 5.94 7.1 0 5.94 4.4 0 5.94 4.4 2.4 5.94 7.1 2.4 4.8 2.7 0.72 4.8 3.7 0.72 4.8 3.7 0.76 4.8 2.7 0.76 2.4 3.7 0.72 2.4 2.7 0.72 2.4 2.7 0.76 2.4 3.7 0.76 2.63 2.8 0 2.63 3.6 0 2.63 3.6 0.72 2.63 2.8 0.72 2.55 3.6 0 2.55 2.8 0 2.55 2.8 0.72 2.55 3.6 0.72 4.63 2.8 0 4.63 3.6 0 4.63 3.6 0.72 4.63 2.8 0.72 4.55 3.6 0 4.55 2.8 0 4.55 2.8 0.72 4.55 3.6 0.72 4.7 2.2 0 4.7 2.55 0 4.7 2.55 0.45 4.7 2.2 0.45 2.5 2.55 0 2.5 2.2 0 2.5 2.2 0.45 2.5 2.55 0.45 4.7 3.85 0 4.7 4.2 0 4.7 4.2 0.45 4.7 3.85 0.45 2.5 4.2 0 2.5 3.85 0 2.5 3.85 0.45 2.5 4.2 0.45 13.85 3.3 0 13.85 3.44 0 13.85 3.44 1.05 13.85 3.3 1.05 12.25 3.44 0 12.25 3.3 0 12.25 3.3 1.05 12.25 3.44 1.05 13.85 3.56 0 13.85 3.7 0 13.85 3.7 1.05 13.85 3.56 1.05 12.25 3.7 0 12.25 3.56 0 12.25 3.56 1.05 12.25 3.7 1.05 9.88 1.15 0 9.88 2.88 0 9.88 2.88 2.4 9.88 1.15 2.4 9.28 2.88 0 9.28 1.15 0 9.28 1.15 2.4 9.28 2.88 2.4 9.88 4.12 0 9.88 5.52 0 9.88 5.52 2.4 9.88 4.12 2.4 9.28 5.52 0 9.28 4.12 0 9.28 4.12 2.4 9.28 5.52 2.4 4.6 -2.95 0 4.6 -2.05 0 4.6 -2.05 0.75 4.6 -2.95 0.75 2.2 -2.05 0 2.2 -2.95 0 2.2 -2.95 0.75 2.2 -2.05 0.75 4.6 -3.35 0 4.6 -3.05 0 4.6 -3.05 0.45 4.6 -3.35 0.45 2.2 -3.05 0 2.2 -3.35 0 2.2 -3.35 0.45 2.2 -3.05 0.45 4.6 -1.95 0 4.6 -1.65 0 4.6 -1.65 0.45 4.6 -1.95 0.45 2.2 -1.65 0 2.2 -1.95 0 2.2 -1.95 0.45 2.2 -1.65 0.45 4.6 5.05 0 4.6 6.05 0 4.6 6.05 0.9 4.6 5.05 0.9 1.8 6.05 0 1.8 5.05 0 1.8 5.05 0.9 1.8 6.05 0.9 1.85 0.1 0 1.85 1.3 0 1.85 1.3 0.32 1.85 0.1 0.32 1.05 1.3 0 1.05 0.1 0 1.05 0.1 0.32 1.05 1.3 0.32 3.05 -0.55 0 3.05 2.05 0 3.05 2.05 0.42 3.05 -0.55 0.42 2.2 2.05 0 2.2 -0.55 0 2.2 -0.55 0.42 2.2 2.05 0.42 3.05 2.05 0.8 3.05 -0.55 0.8 2.85 2.05 0 2.85 -0.55 0 2.85 -0.55 0.8 2.85 2.05 0.8 14.3 1.9 -2.9 14.3 2.75 -2.9 14.3 2.75 -2.48 14.3 1.9 -2.48 12 2.75 -2.9 12 1.9 -2.9 12 1.9 -2.48 12 2.75 -2.48 14.3 2.6 -2.9 14.3 2.8 -2.9 14.3 2.8 -2.1 14.3 2.6 -2.1 12 2.8 -2.9 12 2.6 -2.9 12 2.6 -2.1 12 2.8 -2.1 1.7 -0.7 0 1.7 0.1 0 1.7 0.1 0.003 1.7 -0.7 0.003 0.7 0.1 0 0.7 -0.7 0 0.7 -0.7 0.003 0.7 0.1 0.003 1.45 3.85 0 1.45 4.45 0 1.45 4.45 1.05 1.45 3.85 1.05 0.85 4.45 0 0.85 3.85 0 0.85 3.85 1.05 0.85 4.45 1.05 1.23 4.07 1.05 1.23 4.23 1.05 1.23 4.23 4.35 1.23 4.07 4.35 1.07 4.23 1.05 1.07 4.07 1.05 1.07 4.07 4.35 1.07 4.23 4.35 13.85 1.44 0 13.85 3.44 0.5 13.85 1.44 0.5 12.25 1.44 0 12.25 1.44 0.5 12.25 3.44 0.5 13.85 5.56 0 13.85 5.56 0.5 13.85 3.56 0.5 12.25 5.56 0 12.25 3.56 0.5 12.25 5.56 0.5 3.7 -4.75 0 3.7 -2.85 0 3.7 -2.85 0.32 3.7 -4.75 0.32 3 -2.85 0 3 -4.75 0 3 -4.75 0.32 3 -2.85 0.32 4.9 -4.75 0 4.9 -2.85 0 4.9 -2.85 0.32 4.9 -4.75 0.32 4.2 -2.85 0 4.2 -4.75 0 4.2 -4.75 0.32 4.2 -2.85 0.32 5.6 2.3 -2.9 5.6 4.15 -2.9 5.6 4.15 -1.55 5.6 2.3 -1.55 1 4.15 -2.9 1 2.3 -2.9 1 2.3 -1.55 1 4.15 -1.55 5.6 5.05 -2.9 5.6 6.9 -2.9 5.6 6.9 -1.55 5.6 5.05 -1.55 1 6.9 -2.9 1 5.05 -2.9 1 5.05 -1.55 1 6.9 -1.55</float_array><technique_common><accessor source="#geo13-pos-a" count="246" stride="3"><param name="X" type="float"/><param name="Y" type="float"/><param name="Z" type="float"/></accessor></technique_common></source><vertices id="geo13-vtx"><input semantic="POSITION" source="#geo13-pos"/></vertices>
<triangles material="m-furn_white" count="24"><input semantic="VERTEX" source="#geo13-vtx" offset="0"/><p>0 1 2 0 2 3 4 5 6 4 6 7 1 4 7 1 7 2 5 0 3 5 3 6 6 3 2 6 2 7 4 1 0 4 0 5 8 9 10 8 10 11 12 13 14 12 14 15 9 12 15 9 15 10 13 8 11 13 11 14 14 11 10 14 10 15 12 9 8 12 8 13</p></triangles>
<triangles material="m-stone_top" count="24"><input semantic="VERTEX" source="#geo13-vtx" offset="0"/><p>3 2 16 3 16 17 7 6 18 7 18 19 2 7 19 2 19 16 6 3 17 6 17 18 18 17 16 18 16 19 7 2 3 7 3 6 20 21 22 20 22 23 24 25 26 24 26 27 21 24 27 21 27 22 25 20 23 25 23 26 26 23 22 26 22 27 24 21 20 24 20 25</p></triangles>
<triangles material="m-furn_oak" count="156"><input semantic="VERTEX" source="#geo13-vtx" offset="0"/><p>28 29 30 28 30 31 32 33 34 32 34 35 29 32 35 29 35 30 33 28 31 33 31 34 34 31 30 34 30 35 32 29 28 32 28 33 36 37 38 36 38 39 40 41 42 40 42 43 37 40 43 37 43 38 41 36 39 41 39 42 42 39 38 42 38 43 40 37 36 40 36 41 44 45 46 44 46 47 48 49 50 48 50 51 45 48 51 45 51 46 49 44 47 49 47 50 50 47 46 50 46 51 48 45 44 48 44 49 52 53 54 52 54 55 56 57 58 56 58 59 53 56 59 53 59 54 57 52 55 57 55 58 58 55 54 58 54 59 56 53 52 56 52 57 60 61 62 60 62 63 64 65 66 64 66 67 61 64 67 61 67 62 65 60 63 65 63 66 66 63 62 66 62 67 64 61 60 64 60 65 68 69 70 68 70 71 72 73 74 72 74 75 69 72 75 69 75 70 73 68 71 73 71 74 74 71 70 74 70 75 72 69 68 72 68 73 76 77 78 76 78 79 80 81 82 80 82 83 77 80 83 77 83 78 81 76 79 81 79 82 82 79 78 82 78 83 80 77 76 80 76 81 84 85 86 84 86 87 88 89 90 88 90 91 85 88 91 85 91 86 89 84 87 89 87 90 90 87 86 90 86 91 88 85 84 88 84 89 92 93 94 92 94 95 96 97 98 96 98 99 93 96 99 93 99 94 97 92 95 97 95 98 98 95 94 98 94 99 96 93 92 96 92 97 100 101 102 100 102 103 104 105 106 104 106 107 101 104 107 101 107 102 105 100 103 105 103 106 106 103 102 106 102 107 104 101 100 104 100 105 108 109 110 108 110 111 112 113 114 112 114 115 109 112 115 109 115 110 113 108 111 113 111 114 114 111 110 114 110 115 112 109 108 112 108 113 116 117 118 116 118 119 120 121 122 120 122 123 117 120 123 117 123 118 121 116 119 121 119 122 122 119 118 122 118 123 120 117 116 120 116 121 124 125 126 124 126 127 128 129 130 128 130 131 125 128 131 125 131 126 129 124 127 129 127 130 130 127 126 130 126 131 128 125 124 128 124 129</p></triangles>
<triangles material="m-furn_dark" count="24"><input semantic="VERTEX" source="#geo13-vtx" offset="0"/><p>132 133 134 132 134 135 136 137 138 136 138 139 133 136 139 133 139 134 137 132 135 137 135 138 138 135 134 138 134 139 136 133 132 136 132 137 140 141 142 140 142 143 144 145 146 144 146 147 141 144 147 141 147 142 145 140 143 145 143 146 146 143 142 146 142 147 144 141 140 144 140 145</p></triangles>
<triangles material="m-fabric" count="48"><input semantic="VERTEX" source="#geo13-vtx" offset="0"/><p>148 149 150 148 150 151 152 153 154 152 154 155 149 152 155 149 155 150 153 148 151 153 151 154 154 151 150 154 150 155 152 149 148 152 148 153 148 149 156 148 156 157 158 159 160 158 160 161 149 158 161 149 161 156 159 148 157 159 157 160 160 157 156 160 156 161 158 149 148 158 148 159 162 163 164 162 164 165 166 167 168 166 168 169 163 166 169 163 169 164 167 162 165 167 165 168 168 165 164 168 164 169 166 163 162 166 162 167 170 171 172 170 172 173 174 175 176 174 176 177 171 174 177 171 177 172 175 170 173 175 173 176 176 173 172 176 172 177 174 171 170 174 170 175</p></triangles>
<triangles material="m-rug" count="12"><input semantic="VERTEX" source="#geo13-vtx" offset="0"/><p>178 179 180 178 180 181 182 183 184 182 184 185 179 182 185 179 185 180 183 178 181 183 181 184 184 181 180 184 180 185 182 179 178 182 178 183</p></triangles>
<triangles material="m-metal_black" count="24"><input semantic="VERTEX" source="#geo13-vtx" offset="0"/><p>186 187 188 186 188 189 190 191 192 190 192 193 187 190 193 187 193 188 191 186 189 191 189 192 192 189 188 192 188 193 190 187 186 190 186 191 194 195 196 194 196 197 198 199 200 198 200 201 195 198 201 195 201 196 199 194 197 199 197 200 200 197 196 200 196 201 198 195 194 198 194 199</p></triangles>
<triangles material="m-linen" count="24"><input semantic="VERTEX" source="#geo13-vtx" offset="0"/><p>202 77 203 202 203 204 80 205 206 80 206 207 77 80 207 77 207 203 205 202 204 205 204 206 206 204 203 206 203 207 80 77 202 80 202 205 84 208 209 84 209 210 211 89 212 211 212 213 208 211 213 208 213 209 89 84 210 89 210 212 212 210 209 212 209 213 211 208 84 211 84 89</p></triangles>
<triangles material="m-fabric_out" count="24"><input semantic="VERTEX" source="#geo13-vtx" offset="0"/><p>214 215 216 214 216 217 218 219 220 218 220 221 215 218 221 215 221 216 219 214 217 219 217 220 220 217 216 220 216 221 218 215 214 218 214 219 222 223 224 222 224 225 226 227 228 226 228 229 223 226 229 223 229 224 227 222 225 227 225 228 228 225 224 228 224 229 226 223 222 226 222 227</p></triangles>
<triangles material="m-car" count="24"><input semantic="VERTEX" source="#geo13-vtx" offset="0"/><p>230 231 232 230 232 233 234 235 236 234 236 237 231 234 237 231 237 232 235 230 233 235 233 236 236 233 232 236 232 237 234 231 230 234 230 235 238 239 240 238 240 241 242 243 244 242 244 245 239 242 245 239 245 240 243 238 241 243 241 244 244 241 240 244 240 245 242 239 238 242 238 243</p></triangles>
</mesh></geometry>
<geometry id="geo14" name="15 Vegetação"><mesh><source id="geo14-pos"><float_array id="geo14-pos-a" count="1908">24.315 4 0.12 24.2227 4.2227 0.12 24.2227 4.2227 9.14 24.315 4 9.14 24 4.315 0.12 24 4.315 9.14 23.7773 4.2227 0.12 23.7773 4.2227 9.14 23.685 4 0.12 23.685 4 9.14 23.7773 3.7773 0.12 23.7773 3.7773 9.14 24 3.685 0.12 24 3.685 9.14 24.2227 3.7773 0.12 24.2227 3.7773 9.14 19.2625 11.8 0.48 19.1856 11.9856 0.48 19.1856 11.9856 4.8 19.2625 11.8 4.8 19 12.0625 0.48 19 12.0625 4.8 18.8144 11.9856 0.48 18.8144 11.9856 4.8 18.7375 11.8 0.48 18.7375 11.8 4.8 18.8144 11.6144 0.48 18.8144 11.6144 4.8 19 11.5375 0.48 19 11.5375 4.8 19.1856 11.6144 0.48 19.1856 11.6144 4.8 3.2275 14.2 -1.41 3.1609 14.3609 -1.41 3.1609 14.3609 2.43 3.2275 14.2 2.43 3 14.4275 -1.41 3 14.4275 2.43 2.8391 14.3609 -1.41 2.8391 14.3609 2.43 2.7725 14.2 -1.41 2.7725 14.2 2.43 2.8391 14.0391 -1.41 2.8391 14.0391 2.43 3 13.9725 -1.41 3 13.9725 2.43 3.1609 14.0391 -1.41 3.1609 14.0391 2.43 10.505 -3.9 -3 10.4742 -3.8258 -3 10.4742 -3.8258 -0.792 10.505 -3.9 -0.792 10.4 -3.795 -3 10.4 -3.795 -0.792 10.3258 -3.8258 -3 10.3258 -3.8258 -0.792 10.295 -3.9 -3 10.295 -3.9 -0.792 10.3258 -3.9742 -3 10.3258 -3.9742 -0.792 10.4 -4.005 -3 10.4 -4.005 -0.792 10.4742 -3.9742 -3 10.4742 -3.9742 -0.792 8.112 12.3 -0.81 8.0792 12.3792 -0.81 8.0792 12.3792 0.71 8.112 12.3 0.71 8 12.412 -0.81 8 12.412 0.71 7.9208 12.3792 -0.81 7.9208 12.3792 0.71 7.888 12.3 -0.81 7.888 12.3 0.71 7.9208 12.2208 -0.81 7.9208 12.2208 0.71 8 12.188 -0.81 8 12.188 0.71 8.0792 12.2208 -0.81 8.0792 12.2208 0.71 15.298 13.2 0.02 15.2693 13.2693 0.02 15.2693 13.2693 1.38 15.298 13.2 1.38 15.2 13.298 0.02 15.2 13.298 1.38 15.1307 13.2693 0.02 15.1307 13.2693 1.38 15.102 13.2 0.02 15.102 13.2 1.38 15.1307 13.1307 0.02 15.1307 13.1307 1.38 15.2 13.102 0.02 15.2 13.102 1.38 15.2693 13.1307 0.02 15.2693 13.1307 1.38 16.298 9.4 -0.15 16.2693 9.4693 -0.15 16.2693 9.4693 1.386 16.298 9.4 1.386 16.2 9.498 -0.15 16.2 9.498 1.386 16.1307 9.4693 -0.15 16.1307 9.4693 1.386 16.102 9.4 -0.15 16.102 9.4 1.386 16.1307 9.3307 -0.15 16.1307 9.3307 1.386 16.2 9.302 -0.15 16.2 9.302 1.386 16.2693 9.3307 -0.15 16.2693 9.3307 1.386 17.691 7.6 -0.16 17.6643 7.6643 -0.16 17.6643 7.6643 1.28 17.691 7.6 1.28 17.6 7.691 -0.16 17.6 7.691 1.28 17.5357 7.6643 -0.16 17.5357 7.6643 1.28 17.509 7.6 -0.16 17.509 7.6 1.28 17.5357 7.5357 -0.16 17.5357 7.5357 1.28 17.6 7.509 -0.16 17.6 7.509 1.28 17.6643 7.5357 -0.16 17.6643 7.5357 1.28 26.612 10.5 1.28 26.5792 10.5792 1.28 26.5792 10.5792 3.2 26.612 10.5 3.2 26.5 10.612 1.28 26.5 10.612 3.2 26.4208 10.5792 1.28 26.4208 10.5792 3.2 26.388 10.5 1.28 26.388 10.5 3.2 26.4208 10.4208 1.28 26.4208 10.4208 3.2 26.5 10.388 1.28 26.5 10.388 3.2 26.5792 10.4208 1.28 26.5792 10.4208 3.2 13.091 -7.6 -1.39 13.0643 -7.5357 -1.39 13.0643 -7.5357 0.242 13.091 -7.6 0.242 13 -7.509 -1.39 13 -7.509 0.242 12.9357 -7.5357 -1.39 12.9357 -7.5357 0.242 12.909 -7.6 -1.39 12.909 -7.6 0.242 12.9357 -7.6643 -1.39 12.9357 -7.6643 0.242 13 -7.691 -1.39 13 -7.691 0.242 13.0643 -7.6643 -1.39 13.0643 -7.6643 0.242 -9.437 16 -3.57 -9.4555 16.0445 -3.57 -9.4555 16.0445 -2.52 -9.437 16 -2.52 -9.5 16.063 -3.57 -9.5 16.063 -2.52 -9.5445 16.0445 -3.57 -9.5445 16.0445 -2.52 -9.563 16 -3.57 -9.563 16 -2.52 -9.5445 15.9555 -3.57 -9.5445 15.9555 -2.52 -9.5 15.937 -3.57 -9.5 15.937 -2.52 -9.4555 15.9555 -3.57 -9.4555 15.9555 -2.52 -17.895 2 -3.64 -17.9258 2.0742 -3.64 -17.9258 2.0742 -2.008 -17.895 2 -2.008 -18 2.105 -3.64 -18 2.105 -2.008 -18.0742 2.0742 -3.64 -18.0742 2.0742 -2.008 -18.105 2 -3.64 -18.105 2 -2.008 -18.0742 1.9258 -3.64 -18.0742 1.9258 -2.008 -18 1.895 -3.64 -18 1.895 -2.008 -17.9258 1.9258 -3.64 -17.9258 1.9258 -2.008 -23.874 8 -4.47 -23.9109 8.0891 -4.47 -23.9109 8.0891 -2.646 -23.874 8 -2.646 -24 8.126 -4.47 -24 8.126 -2.646 -24.0891 8.0891 -4.47 -24.0891 8.0891 -2.646 -24.126 8 -4.47 -24.126 8 -2.646 -24.0891 7.9109 -4.47 -24.0891 7.9109 -2.646 -24 7.874 -4.47 -24 7.874 -2.646 -23.9109 7.9109 -4.47 -23.9109 7.9109 -2.646 -29.895 -2 -4.22 -29.9258 -1.9258 -4.22 -29.9258 -1.9258 -2.204 -29.895 -2 -2.204 -30 -1.895 -4.22 -30 -1.895 -2.204 -30.0742 -1.9258 -4.22 -30.0742 -1.9258 -2.204 -30.105 -2 -4.22 -30.105 -2 -2.204 -30.0742 -2.0742 -4.22 -30.0742 -2.0742 -2.204 -30 -2.105 -4.22 -30 -2.105 -2.204 -29.9258 -2.0742 -4.22 -29.9258 -2.0742 -2.204 -19.874 -10 -3.64 -19.9109 -9.9109 -3.64 -19.9109 -9.9109 -2.008 -19.874 -10 -2.008 -20 -9.874 -3.64 -20 -9.874 -2.008 -20.0891 -9.9109 -3.64 -20.0891 -9.9109 -2.008 -20.126 -10 -3.64 -20.126 -10 -2.008 -20.0891 -10.0891 -3.64 -20.0891 -10.0891 -2.008 -20 -10.126 -3.64 -20 -10.126 -2.008 -19.9109 -10.0891 -3.64 -19.9109 -10.0891 -2.008 -26.895 -14 -4.16 -26.9258 -13.9258 -4.16 -26.9258 -13.9258 -2.336 -26.895 -14 -2.336 -27 -13.895 -4.16 -27 -13.895 -2.336 -27.0742 -13.9258 -4.16 -27.0742 -13.9258 -2.336 -27.105 -14 -4.16 -27.105 -14 -2.336 -27.0742 -14.0742 -4.16 -27.0742 -14.0742 -2.336 -27 -14.105 -4.16 -27 -14.105 -2.336 -26.9258 -14.0742 -4.16 -26.9258 -14.0742 -2.336 -33.874 6 -5 -33.9109 6.0891 -5 -33.9109 6.0891 -2.984 -33.874 6 -2.984 -34 6.126 -5 -34 6.126 -2.984 -34.0891 6.0891 -5 -34.0891 6.0891 -2.984 -34.126 6 -5 -34.126 6 -2.984 -34.0891 5.9109 -5 -34.0891 5.9109 -2.984 -34 5.874 -5 -34 5.874 -2.984 -33.9109 5.9109 -5 -33.9109 5.9109 -2.984 -14.895 12 -3.16 -14.9258 12.0742 -3.16 -14.9258 12.0742 -1.528 -14.895 12 -1.528 -15 12.105 -3.16 -15 12.105 -1.528 -15.0742 12.0742 -3.16 -15.0742 12.0742 -1.528 -15.105 12 -3.16 -15.105 12 -1.528 -15.0742 11.9258 -3.16 -15.0742 11.9258 -1.528 -15 11.895 -3.16 -15 11.895 -1.528 -14.9258 11.9258 -3.16 -14.9258 11.9258 -1.528 -35.874 -8 -4.69 -35.9109 -7.9109 -4.69 -35.9109 -7.9109 -2.866 -35.874 -8 -2.866 -36 -7.874 -4.69 -36 -7.874 -2.866 -36.0891 -7.9109 -4.69 -36.0891 -7.9109 -2.866 -36.126 -8 -4.69 -36.126 -8 -2.866 -36.0891 -8.0891 -4.69 -36.0891 -8.0891 -2.866 -36 -8.126 -4.69 -36 -8.126 -2.866 -35.9109 -8.0891 -4.69 -35.9109 -8.0891 -2.866 21.6342 7.8279 9.58 20.1721 4 10.274 24 6.3658 10.7029 26.3658 7.8279 9.58 24 6.3658 8.4571 20.1721 4 8.886 27.8279 4 10.274 24 1.6342 10.7029 21.6342 0.1721 9.58 24 1.6342 8.4571 27.8279 4 8.886 26.3658 0.1721 9.58 17.0285 14.9899 6.06 15.8101 11.8 7.9526 19 13.7715 9.1223 20.9715 14.9899 6.06 19 13.7715 2.9977 15.8101 11.8 4.1674 22.1899 11.8 7.9526 19 9.8285 9.1223 17.0285 8.6101 6.06 19 9.8285 2.9977 22.1899 11.8 4.1674 20.9715 8.6101 6.06 1.2914 16.9646 3.55 0.2354 14.2 5.2323 3 15.9086 6.2721 4.7086 16.9646 3.55 3 15.9086 0.8279 0.2354 14.2 1.8677 5.7646 14.2 5.2323 3 12.4914 6.2721 1.2914 11.4354 3.55 3 12.4914 0.8279 5.7646 14.2 1.8677 4.7086 11.4354 3.55 9.6114 -2.624 -0.148 9.124 -3.9 0.8193 10.4 -3.1114 1.4172 11.1886 -2.624 -0.148 10.4 -3.1114 -1.7132 9.124 -3.9 -1.1153 11.676 -3.9 0.8193 10.4 -4.6886 1.4172 9.6114 -5.176 -0.148 10.4 -4.6886 -1.7132 11.676 -3.9 -1.1153 11.1886 -5.176 -0.148 25.6588 11.861 3.76 25.139 10.5 4.6012 26.5 11.3412 5.121 27.3412 11.861 3.76 26.5 11.3412 2.399 25.139 10.5 2.9188 27.861 10.5 4.6012 26.5 9.6588 5.121 25.6588 9.139 3.76 26.5 9.6588 2.399 27.861 10.5 2.9188 27.3412 9.139 3.76 12.3165 -6.4942 0.718 11.8942 -7.6 1.433 13 -6.9165 1.8749 13.6835 -6.4942 0.718 13 -6.9165 -0.4389 11.8942 -7.6 0.003 14.1058 -7.6 1.433 13 -8.2835 1.8749 12.3165 -8.7058 0.718 13 -8.2835 -0.4389 14.1058 -7.6 0.003 13.6835 -8.7058 0.718 7.1588 13.661 1.546 6.639 12.3 2.2252 8 13.1412 2.645 8.8412 13.661 1.546 8 13.1412 0.447 6.639 12.3 0.8668 9.361 12.3 2.2252 8 11.4588 2.645 7.1588 10.939 1.546 8 11.4588 0.447 9.361 12.3 0.8668 8.8412 10.939 1.546 14.464 14.3909 2.128 14.0091 13.2 2.7357 15.2 13.936 3.1114 15.936 14.3909 2.128 15.2 13.936 1.1446 14.0091 13.2 1.5203 16.3909 13.2 2.7357 15.2 12.464 3.1114 14.464 12.0091 2.128 15.2 12.464 1.1446 16.3909 13.2 1.5203 15.936 12.0091 2.128 15.464 10.5909 1.834 15.0091 9.4 2.5069 16.2 10.136 2.9228 16.936 10.5909 1.834 16.2 10.136 0.7452 15.0091 9.4 1.1611 17.3909 9.4 2.5069 16.2 8.664 2.9228 15.464 8.2091 1.834 16.2 8.664 0.7452 17.3909 9.4 1.1611 16.936 8.2091 1.834 16.9165 8.7058 1.7 16.4942 7.6 2.3309 17.6 8.2835 2.7208 18.2835 8.7058 1.7 17.6 8.2835 0.6792 16.4942 7.6 1.0691 18.7058 7.6 2.3309 17.6 6.9165 2.7208 16.9165 6.4942 1.7 17.6 6.9165 0.6792 18.7058 7.6 1.0691 18.2835 6.4942 1.7 -18.7886 3.276 -1.532 -19.276 2 -0.817 -18 2.7886 -0.3751 -17.2114 3.276 -1.532 -18 2.7886 -2.6889 -19.276 2 -2.247 -16.724 2 -0.817 -18 1.2114 -0.3751 -18.7886 0.724 -1.532 -18 1.2114 -2.6889 -16.724 2 -2.247 -17.2114 0.724 -1.532 -24.9463 9.5312 -2.114 -25.5312 8 -1.3149 -24 8.9463 -0.821 -23.0537 9.5312 -2.114 -24 8.9463 -3.407 -25.5312 8 -2.9131 -22.4688 8 -1.3149 -24 7.0537 -0.821 -24.9463 6.4688 -2.114 -24 7.0537 -3.407 -22.4688 8 -2.9131 -23.0537 6.4688 -2.114 -30.7886 -0.724 -1.616 -31.276 -2 -0.7328 -30 -1.2114 -0.1869 -29.2114 -0.724 -1.616 -30 -1.2114 -3.0451 -31.276 -2 -2.4992 -28.724 -2 -0.7328 -30 -2.7886 -0.1869 -30.7886 -3.276 -1.616 -30 -2.7886 -3.0451 -28.724 -2 -2.4992 -29.2114 -3.276 -1.616 -20.9463 -8.4688 -1.532 -21.5312 -10 -0.817 -20 -9.0537 -0.3751 -19.0537 -8.4688 -1.532 -20 -9.0537 -2.6889 -21.5312 -10 -2.247 -18.4688 -10 -0.817 -20 -10.9463 -0.3751 -20.9463 -11.5312 -1.532 -20 -10.9463 -2.6889 -18.4688 -10 -2.247 -19.0537 -11.5312 -1.532 -27.7886 -12.724 -1.804 -28.276 -14 -1.0049 -27 -13.2114 -0.511 -26.2114 -12.724 -1.804 -27 -13.2114 -3.097 -28.276 -14 -2.6031 -25.724 -14 -1.0049 -27 -14.7886 -0.511 -27.7886 -15.276 -1.804 -27 -14.7886 -3.097 -25.724 -14 -2.6031 -26.2114 -15.276 -1.804 -34.9463 7.5312 -2.396 -35.5312 6 -1.5128 -34 6.9463 -0.9669 -33.0537 7.5312 -2.396 -34 6.9463 -3.8251 -35.5312 6 -3.2792 -32.4688 6 -1.5128 -34 5.0537 -0.9669 -34.9463 4.4688 -2.396 -34 5.0537 -3.8251 -32.4688 6 -3.2792 -33.0537 4.4688 -2.396 -15.7886 13.276 -1.052 -16.276 12 -0.337 -15 12.7886 0.1049 -14.2114 13.276 -1.052 -15 12.7886 -2.2089 -16.276 12 -1.767 -13.724 12 -0.337 -15 11.2114 0.1049 -15.7886 10.724 -1.052 -15 11.2114 -2.2089 -13.724 12 -1.767 -14.2114 10.724 -1.052 -36.9463 -6.4688 -2.334 -37.5312 -8 -1.5349 -36 -7.0537 -1.041 -35.0537 -6.4688 -2.334 -36 -7.0537 -3.627 -37.5312 -8 -3.1331 -34.4688 -8 -1.5349 -36 -8.9463 -1.041 -36.9463 -9.5312 -2.334 -36 -8.9463 -3.627 -34.4688 -8 -3.1331 -35.0537 -9.5312 -2.334 -9.9732 16.7656 0.07 -10.2656 16 1.9101 -9.5 16.4732 3.0473 -9.0268 16.7656 0.07 -9.5 16.4732 -2.9073 -10.2656 16 -1.7701 -8.7344 16 1.9101 -9.5 15.5268 3.0473 -9.9732 15.2344 0.07 -9.5 15.5268 -2.9073 -8.7344 16 -1.7701 -9.0268 15.2344 0.07 30.2011 12.0468 1.15 30.2789 12.8932 1.15 -10.1811 16.6132 1.15 30.2011 12.0468 -0.65 -10.1811 16.6132 -0.65 30.2789 12.8932 -0.65 -10.2589 15.7668 1.15 -10.2589 15.7668 -0.65 27.8816 8.7936 3.35 28.6384 8.4064 3.35 30.6184 12.2764 3.35 27.8816 8.7936 1.55 30.6184 12.2764 1.55 28.6384 8.4064 1.55 29.8616 12.6636 3.35 29.8616 12.6636 1.55 24.4693 8.1129 2.68 24.6707 7.2871 2.68 28.3607 8.1871 2.68 24.4693 8.1129 0.88 28.3607 8.1871 0.88 24.6707 7.2871 0.88 28.1593 9.0129 2.68 28.1593 9.0129 0.88 23.2523 6.9332 2.26 23.8677 6.3468 2.26 24.8777 7.4068 2.26 23.2523 6.9332 0.46 24.8777 7.4068 0.46 23.8677 6.3468 0.46 24.2623 7.9932 2.26 24.2623 7.9932 0.46 23.023 6.8154 2.14 23.457 6.0846 2.14 23.777 6.2746 2.14 23.023 6.8154 0.34 23.777 6.2746 0.34 23.457 6.0846 0.34 23.343 7.0054 2.14 23.343 7.0054 0.34 21.8969 4.6339 1.96 22.6631 4.2661 1.96 23.6231 6.2661 1.96 21.8969 4.6339 0.16 23.6231 6.2661 0.16 22.6631 4.2661 0.16 22.8569 6.6339 1.96 22.8569 6.6339 0.16 19.2556 1.5346 1.47 19.9044 0.9854 1.47 22.6044 4.1754 1.47 19.2556 1.5346 -0.33 22.6044 4.1754 -0.33 19.9044 0.9854 -0.33 21.9556 4.7246 1.47 21.9556 4.7246 -0.33 18.8479 -1.3406 1.01 19.6921 -1.4394 1.01 20.0021 1.2106 1.01 18.8479 -1.3406 -0.79 20.0021 1.2106 -0.79 19.6921 -1.4394 -0.79 19.1579 1.3094 1.01 19.1579 1.3094 -0.79 15.2998 -4.5195 0.72 15.8802 -5.1405 0.72 19.5602 -1.7005 0.72 15.2998 -4.5195 -1.08 19.5602 -1.7005 -1.08 15.8802 -5.1405 -1.08 18.9798 -1.0795 0.72 18.9798 -1.0795 -1.08 9.5382 -8.5005 0.53 10.0218 -9.1995 0.53 15.8318 -5.1795 0.53 9.5382 -8.5005 -1.27 15.8318 -5.1795 -1.27 10.0218 -9.1995 -1.27 15.3482 -4.4805 0.53 15.3482 -4.4805 -1.27 6.9899 -8.3406 0.03 6.9501 -9.0394 0.03 9.7601 -9.1994 0.03 6.9899 -8.3406 -1.37 9.7601 -9.1994 -1.37 6.9501 -9.0394 -1.37 9.7999 -8.5006 0.03 9.7999 -8.5006 -1.37 4.5014 -8.5412 0.03 4.5586 -9.2388 0.03 6.9986 -9.0388 0.03 4.5014 -8.5412 -1.37 6.9986 -9.0388 -1.37 4.5586 -9.2388 -1.37 6.9414 -8.3412 0.03 6.9414 -8.3412 -1.37 -0.3594 -8.8105 0.03 -0.3206 -9.5095 0.03 4.5494 -9.2395 0.03 -0.3594 -8.8105 -1.37 4.5494 -9.2395 -1.37 -0.3206 -9.5095 -1.37 4.5106 -8.5405 0.03 4.5106 -8.5405 -1.37</float_array><technique_common><accessor source="#geo14-pos-a" count="636" stride="3"><param name="X" type="float"/><param name="Y" type="float"/><param name="Z" type="float"/></accessor></technique_common></source><vertices id="geo14-vtx"><input semantic="POSITION" source="#geo14-pos"/></vertices>
<triangles material="m-v_trunk" count="304"><input semantic="VERTEX" source="#geo14-vtx" offset="0"/><p>0 1 2 0 2 3 1 4 5 1 5 2 4 6 7 4 7 5 6 8 9 6 9 7 8 10 11 8 11 9 10 12 13 10 13 11 12 14 15 12 15 13 14 0 3 14 3 15 16 17 18 16 18 19 17 20 21 17 21 18 20 22 23 20 23 21 22 24 25 22 25 23 24 26 27 24 27 25 26 28 29 26 29 27 28 30 31 28 31 29 30 16 19 30 19 31 32 33 34 32 34 35 33 36 37 33 37 34 36 38 39 36 39 37 38 40 41 38 41 39 40 42 43 40 43 41 42 44 45 42 45 43 44 46 47 44 47 45 46 32 35 46 35 47 48 49 50 48 50 51 49 52 53 49 53 50 52 54 55 52 55 53 54 56 57 54 57 55 56 58 59 56 59 57 58 60 61 58 61 59 60 62 63 60 63 61 62 48 51 62 51 63 64 65 66 64 66 67 65 68 69 65 69 66 68 70 71 68 71 69 70 72 73 70 73 71 72 74 75 72 75 73 74 76 77 74 77 75 76 78 79 76 79 77 78 64 67 78 67 79 80 81 82 80 82 83 81 84 85 81 85 82 84 86 87 84 87 85 86 88 89 86 89 87 88 90 91 88 91 89 90 92 93 90 93 91 92 94 95 92 95 93 94 80 83 94 83 95 96 97 98 96 98 99 97 100 101 97 101 98 100 102 103 100 103 101 102 104 105 102 105 103 104 106 107 104 107 105 106 108 109 106 109 107 108 110 111 108 111 109 110 96 99 110 99 111 112 113 114 112 114 115 113 116 117 113 117 114 116 118 119 116 119 117 118 120 121 118 121 119 120 122 123 120 123 121 122 124 125 122 125 123 124 126 127 124 127 125 126 112 115 126 115 127 128 129 130 128 130 131 129 132 133 129 133 130 132 134 135 132 135 133 134 136 137 134 137 135 136 138 139 136 139 137 138 140 141 138 141 139 140 142 143 140 143 141 142 128 131 142 131 143 144 145 146 144 146 147 145 148 149 145 149 146 148 150 151 148 151 149 150 152 153 150 153 151 152 154 155 152 155 153 154 156 157 154 157 155 156 158 159 156 159 157 158 144 147 158 147 159 160 161 162 160 162 163 161 164 165 161 165 162 164 166 167 164 167 165 166 168 169 166 169 167 168 170 171 168 171 169 170 172 173 170 173 171 172 174 175 172 175 173 174 160 163 174 163 175 176 177 178 176 178 179 177 180 181 177 181 178 180 182 183 180 183 181 182 184 185 182 185 183 184 186 187 184 187 185 186 188 189 186 189 187 188 190 191 188 191 189 190 176 179 190 179 191 192 193 194 192 194 195 193 196 197 193 197 194 196 198 199 196 199 197 198 200 201 198 201 199 200 202 203 200 203 201 202 204 205 202 205 203 204 206 207 204 207 205 206 192 195 206 195 207 208 209 210 208 210 211 209 212 213 209 213 210 212 214 215 212 215 213 214 216 217 214 217 215 216 218 219 216 219 217 218 220 221 218 221 219 220 222 223 220 223 221 222 208 211 222 211 223 224 225 226 224 226 227 225 228 229 225 229 226 228 230 231 228 231 229 230 232 233 230 233 231 232 234 235 232 235 233 234 236 237 234 237 235 236 238 239 236 239 237 238 224 227 238 227 239 240 241 242 240 242 243 241 244 245 241 245 242 244 246 247 244 247 245 246 248 249 246 249 247 248 250 251 248 251 249 250 252 253 250 253 251 252 254 255 252 255 253 254 240 243 254 243 255 256 257 258 256 258 259 257 260 261 257 261 258 260 262 263 260 263 261 262 264 265 262 265 263 264 266 267 264 267 265 266 268 269 266 269 267 268 270 271 268 271 269 270 256 259 270 259 271 272 273 274 272 274 275 273 276 277 273 277 274 276 278 279 276 279 277 278 280 281 278 281 279 280 282 283 280 283 281 282 284 285 282 285 283 284 286 287 284 287 285 286 272 275 286 275 287 288 289 290 288 290 291 289 292 293 289 293 290 292 294 295 292 295 293 294 296 297 294 297 295 296 298 299 296 299 297 298 300 301 298 301 299 300 302 303 300 303 301 302 288 291 302 291 303</p></triangles>
<triangles material="m-v_pine" count="20"><input semantic="VERTEX" source="#geo14-vtx" offset="0"/><p>304 305 306 304 306 307 304 307 308 304 308 309 304 309 305 307 306 310 306 305 311 305 309 312 309 308 313 308 307 314 315 310 311 315 311 312 315 312 313 315 313 314 315 314 310 311 310 306 312 311 305 313 312 309 314 313 308 310 314 307</p></triangles>
<triangles material="m-v_oak" count="40"><input semantic="VERTEX" source="#geo14-vtx" offset="0"/><p>316 317 318 316 318 319 316 319 320 316 320 321 316 321 317 319 318 322 318 317 323 317 321 324 321 320 325 320 319 326 327 322 323 327 323 324 327 324 325 327 325 326 327 326 322 323 322 318 324 323 317 325 324 321 326 325 320 322 326 319 328 329 330 328 330 331 328 331 332 328 332 333 328 333 329 331 330 334 330 329 335 329 333 336 333 332 337 332 331 338 339 334 335 339 335 336 339 336 337 339 337 338 339 338 334 335 334 330 336 335 329 337 336 333 338 337 332 334 338 331</p></triangles>
<triangles material="m-v_arbutus" count="60"><input semantic="VERTEX" source="#geo14-vtx" offset="0"/><p>340 341 342 340 342 343 340 343 344 340 344 345 340 345 341 343 342 346 342 341 347 341 345 348 345 344 349 344 343 350 351 346 347 351 347 348 351 348 349 351 349 350 351 350 346 347 346 342 348 347 341 349 348 345 350 349 344 346 350 343 352 353 354 352 354 355 352 355 356 352 356 357 352 357 353 355 354 358 354 353 359 353 357 360 357 356 361 356 355 362 363 358 359 363 359 360 363 360 361 363 361 362 363 362 358 359 358 354 360 359 353 361 360 357 362 361 356 358 362 355 364 365 366 364 366 367 364 367 368 364 368 369 364 369 365 367 366 370 366 365 371 365 369 372 369 368 373 368 367 374 375 370 371 375 371 372 375 372 373 375 373 374 375 374 370 371 370 366 372 371 365 373 372 369 374 373 368 370 374 367</p></triangles>
<triangles material="m-v_olive" count="40"><input semantic="VERTEX" source="#geo14-vtx" offset="0"/><p>376 377 378 376 378 379 376 379 380 376 380 381 376 381 377 379 378 382 378 377 383 377 381 384 381 380 385 380 379 386 387 382 383 387 383 384 387 384 385 387 385 386 387 386 382 383 382 378 384 383 377 385 384 381 386 385 380 382 386 379 388 389 390 388 390 391 388 391 392 388 392 393 388 393 389 391 390 394 390 389 395 389 393 396 393 392 397 392 391 398 399 394 395 399 395 396 399 396 397 399 397 398 399 398 394 395 394 390 396 395 389 397 396 393 398 397 392 394 398 391</p></triangles>
<triangles material="m-v_fruit" count="200"><input semantic="VERTEX" source="#geo14-vtx" offset="0"/><p>400 401 402 400 402 403 400 403 404 400 404 405 400 405 401 403 402 406 402 401 407 401 405 408 405 404 409 404 403 410 411 406 407 411 407 408 411 408 409 411 409 410 411 410 406 407 406 402 408 407 401 409 408 405 410 409 404 406 410 403 412 413 414 412 414 415 412 415 416 412 416 417 412 417 413 415 414 418 414 413 419 413 417 420 417 416 421 416 415 422 423 418 419 423 419 420 423 420 421 423 421 422 423 422 418 419 418 414 420 419 413 421 420 417 422 421 416 418 422 415 424 425 426 424 426 427 424 427 428 424 428 429 424 429 425 427 426 430 426 425 431 425 429 432 429 428 433 428 427 434 435 430 431 435 431 432 435 432 433 435 433 434 435 434 430 431 430 426 432 431 425 433 432 429 434 433 428 430 434 427 436 437 438 436 438 439 436 439 440 436 440 441 436 441 437 439 438 442 438 437 443 437 441 444 441 440 445 440 439 446 447 442 443 447 443 444 447 444 445 447 445 446 447 446 442 443 442 438 444 443 437 445 444 441 446 445 440 442 446 439 448 449 450 448 450 451 448 451 452 448 452 453 448 453 449 451 450 454 450 449 455 449 453 456 453 452 457 452 451 458 459 454 455 459 455 456 459 456 457 459 457 458 459 458 454 455 454 450 456 455 449 457 456 453 458 457 452 454 458 451 460 461 462 460 462 463 460 463 464 460 464 465 460 465 461 463 462 466 462 461 467 461 465 468 465 464 469 464 463 470 471 466 467 471 467 468 471 468 469 471 469 470 471 470 466 467 466 462 468 467 461 469 468 465 470 469 464 466 470 463 472 473 474 472 474 475 472 475 476 472 476 477 472 477 473 475 474 478 474 473 479 473 477 480 477 476 481 476 475 482 483 478 479 483 479 480 483 480 481 483 481 482 483 482 478 479 478 474 480 479 473 481 480 477 482 481 476 478 482 475 484 485 486 484 486 487 484 487 488 484 488 489 484 489 485 487 486 490 486 485 491 485 489 492 489 488 493 488 487 494 495 490 491 495 491 492 495 492 493 495 493 494 495 494 490 491 490 486 492 491 485 493 492 489 494 493 488 490 494 487 496 497 498 496 498 499 496 499 500 496 500 501 496 501 497 499 498 502 498 497 503 497 501 504 501 500 505 500 499 506 507 502 503 507 503 504 507 504 505 507 505 506 507 506 502 503 502 498 504 503 497 505 504 501 506 505 500 502 506 499 508 509 510 508 510 511 508 511 512 508 512 513 508 513 509 511 510 514 510 509 515 509 513 516 513 512 517 512 511 518 519 514 515 519 515 516 519 516 517 519 517 518 519 518 514 515 514 510 516 515 509 517 516 513 518 517 512 514 518 511</p></triangles>
<triangles material="m-v_cypress" count="20"><input semantic="VERTEX" source="#geo14-vtx" offset="0"/><p>520 521 522 520 522 523 520 523 524 520 524 525 520 525 521 523 522 526 522 521 527 521 525 528 525 524 529 524 523 530 531 526 527 531 527 528 531 528 529 531 529 530 531 530 526 527 526 522 528 527 521 529 528 525 530 529 524 526 530 523</p></triangles>
<triangles material="m-v_hedge" count="156"><input semantic="VERTEX" source="#geo14-vtx" offset="0"/><p>532 533 534 535 536 537 532 534 538 535 539 536 536 539 538 536 538 534 539 535 532 539 532 538 535 537 533 535 533 532 537 536 534 537 534 533 540 541 542 543 544 545 540 542 546 543 547 544 544 547 546 544 546 542 547 543 540 547 540 546 543 545 541 543 541 540 545 544 542 545 542 541 548 549 550 551 552 553 548 550 554 551 555 552 552 555 554 552 554 550 555 551 548 555 548 554 551 553 549 551 549 548 553 552 550 553 550 549 556 557 558 559 560 561 556 558 562 559 563 560 560 563 562 560 562 558 563 559 556 563 556 562 559 561 557 559 557 556 561 560 558 561 558 557 564 565 566 567 568 569 564 566 570 567 571 568 568 571 570 568 570 566 571 567 564 571 564 570 567 569 565 567 565 564 569 568 566 569 566 565 572 573 574 575 576 577 572 574 578 575 579 576 576 579 578 576 578 574 579 575 572 579 572 578 575 577 573 575 573 572 577 576 574 577 574 573 580 581 582 583 584 585 580 582 586 583 587 584 584 587 586 584 586 582 587 583 580 587 580 586 583 585 581 583 581 580 585 584 582 585 582 581 588 589 590 591 592 593 588 590 594 591 595 592 592 595 594 592 594 590 595 591 588 595 588 594 591 593 589 591 589 588 593 592 590 593 590 589 596 597 598 599 600 601 596 598 602 599 603 600 600 603 602 600 602 598 603 599 596 603 596 602 599 601 597 599 597 596 601 600 598 601 598 597 604 605 606 607 608 609 604 606 610 607 611 608 608 611 610 608 610 606 611 607 604 611 604 610 607 609 605 607 605 604 609 608 606 609 606 605 612 613 614 615 616 617 612 614 618 615 619 616 616 619 618 616 618 614 619 615 612 619 612 618 615 617 613 615 613 612 617 616 614 617 614 613 620 621 622 623 624 625 620 622 626 623 627 624 624 627 626 624 626 622 627 623 620 627 620 626 623 625 621 623 621 620 625 624 622 625 622 621 628 629 630 631 632 633 628 630 634 631 635 632 632 635 634 632 634 630 635 631 628 635 628 634 631 633 629 631 629 628 633 632 630 633 630 629</p></triangles>
</mesh></geometry>
</library_geometries><library_visual_scenes><visual_scene id="cena" name="Casa Plinto">
<node id="n-geo0" name="01 Terreno"><instance_geometry url="#geo0"><bind_material><technique_common><instance_material symbol="m-t_field" target="#mat-t_field"/><instance_material symbol="m-t_road" target="#mat-t_road"/><instance_material symbol="m-t_bed" target="#mat-t_bed"/><instance_material symbol="m-t_path" target="#mat-t_path"/><instance_material symbol="m-t_meadow" target="#mat-t_meadow"/><instance_material symbol="m-t_paving" target="#mat-t_paving"/><instance_material symbol="m-t_lawn" target="#mat-t_lawn"/></technique_common></bind_material></instance_geometry></node>
<node id="n-geo1" name="02 Muros exteriores e pátios"><instance_geometry url="#geo1"><bind_material><technique_common><instance_material symbol="m-stone" target="#mat-stone"/><instance_material symbol="m-render" target="#mat-render"/><instance_material symbol="m-coping" target="#mat-coping"/><instance_material symbol="m-patio_floor" target="#mat-patio_floor"/><instance_material symbol="m-gpatio" target="#mat-gpatio"/></technique_common></bind_material></instance_geometry></node>
<node id="n-geo2" name="03 Deck e piscina"><instance_geometry url="#geo2"><bind_material><technique_common><instance_material symbol="m-liner" target="#mat-liner"/><instance_material symbol="m-water" target="#mat-water"/><instance_material symbol="m-coping" target="#mat-coping"/><instance_material symbol="m-render" target="#mat-render"/><instance_material symbol="m-deck" target="#mat-deck"/></technique_common></bind_material></instance_geometry></node>
<node id="n-geo3" name="04 Cave · paredes"><instance_geometry url="#geo3"><bind_material><technique_common><instance_material symbol="m-reveal" target="#mat-reveal"/><instance_material symbol="m-cave_wall" target="#mat-cave_wall"/><instance_material symbol="m-render" target="#mat-render"/></technique_common></bind_material></instance_geometry></node>
<node id="n-geo4" name="05 Cave · pavimentos"><instance_geometry url="#geo4"><bind_material><technique_common><instance_material symbol="m-cave_floor" target="#mat-cave_floor"/><instance_material symbol="m-render" target="#mat-render"/><instance_material symbol="m-floor_wood" target="#mat-floor_wood"/><instance_material symbol="m-tile" target="#mat-tile"/></technique_common></bind_material></instance_geometry></node>
<node id="n-geo5" name="06 Cave · caixilharia e vidros"><instance_geometry url="#geo5"><bind_material><technique_common><instance_material symbol="m-garage_door" target="#mat-garage_door"/><instance_material symbol="m-frame" target="#mat-frame"/><instance_material symbol="m-glass" target="#mat-glass"/></technique_common></bind_material></instance_geometry></node>
<node id="n-geo6" name="07 Laje do R/C e varanda"><instance_geometry url="#geo6"><bind_material><technique_common><instance_material symbol="m-concrete" target="#mat-concrete"/><instance_material symbol="m-plaster" target="#mat-plaster"/><instance_material symbol="m-reveal" target="#mat-reveal"/><instance_material symbol="m-deck" target="#mat-deck"/><instance_material symbol="m-soffit" target="#mat-soffit"/></technique_common></bind_material></instance_geometry></node>
<node id="n-geo7" name="08 R/C · paredes"><instance_geometry url="#geo7"><bind_material><technique_common><instance_material symbol="m-reveal" target="#mat-reveal"/><instance_material symbol="m-plaster" target="#mat-plaster"/><instance_material symbol="m-timber" target="#mat-timber"/></technique_common></bind_material></instance_geometry></node>
<node id="n-geo8" name="09 R/C · pavimentos"><instance_geometry url="#geo8"><bind_material><technique_common><instance_material symbol="m-floor_int" target="#mat-floor_int"/><instance_material symbol="m-tile" target="#mat-tile"/><instance_material symbol="m-floor_wood" target="#mat-floor_wood"/></technique_common></bind_material></instance_geometry></node>
<node id="n-geo9" name="10 R/C · caixilharia e vidros"><instance_geometry url="#geo9"><bind_material><technique_common><instance_material symbol="m-frame" target="#mat-frame"/><instance_material symbol="m-glass" target="#mat-glass"/><instance_material symbol="m-oak" target="#mat-oak"/><instance_material symbol="m-shutter" target="#mat-shutter"/><instance_material symbol="m-metal" target="#mat-metal"/></technique_common></bind_material></instance_geometry></node>
<node id="n-geo10" name="11 Escadas"><instance_geometry url="#geo10"><bind_material><technique_common><instance_material symbol="m-oak" target="#mat-oak"/><instance_material symbol="m-granite" target="#mat-granite"/></technique_common></bind_material></instance_geometry></node>
<node id="n-geo11" name="12 Cobertura e claraboias"><instance_geometry url="#geo11"><bind_material><technique_common><instance_material symbol="m-glass" target="#mat-glass"/><instance_material symbol="m-concrete" target="#mat-concrete"/><instance_material symbol="m-ceiling" target="#mat-ceiling"/><instance_material symbol="m-timber" target="#mat-timber"/><instance_material symbol="m-gravel" target="#mat-gravel"/><instance_material symbol="m-metal" target="#mat-metal"/></technique_common></bind_material></instance_geometry></node>
<node id="n-geo12" name="13 Pala"><instance_geometry url="#geo12"><bind_material><technique_common><instance_material symbol="m-concrete" target="#mat-concrete"/><instance_material symbol="m-soffit" target="#mat-soffit"/></technique_common></bind_material></instance_geometry></node>
<node id="n-geo13" name="14 Mobiliário"><instance_geometry url="#geo13"><bind_material><technique_common><instance_material symbol="m-furn_white" target="#mat-furn_white"/><instance_material symbol="m-stone_top" target="#mat-stone_top"/><instance_material symbol="m-furn_oak" target="#mat-furn_oak"/><instance_material symbol="m-furn_dark" target="#mat-furn_dark"/><instance_material symbol="m-fabric" target="#mat-fabric"/><instance_material symbol="m-rug" target="#mat-rug"/><instance_material symbol="m-metal_black" target="#mat-metal_black"/><instance_material symbol="m-linen" target="#mat-linen"/><instance_material symbol="m-fabric_out" target="#mat-fabric_out"/><instance_material symbol="m-car" target="#mat-car"/></technique_common></bind_material></instance_geometry></node>
<node id="n-geo14" name="15 Vegetação"><instance_geometry url="#geo14"><bind_material><technique_common><instance_material symbol="m-v_trunk" target="#mat-v_trunk"/><instance_material symbol="m-v_pine" target="#mat-v_pine"/><instance_material symbol="m-v_oak" target="#mat-v_oak"/><instance_material symbol="m-v_arbutus" target="#mat-v_arbutus"/><instance_material symbol="m-v_olive" target="#mat-v_olive"/><instance_material symbol="m-v_fruit" target="#mat-v_fruit"/><instance_material symbol="m-v_cypress" target="#mat-v_cypress"/><instance_material symbol="m-v_hedge" target="#mat-v_hedge"/></technique_common></bind_material></instance_geometry></node>
</visual_scene></library_visual_scenes><scene><instance_visual_scene url="#cena"/></scene></COLLADA>